dataset,image_index,sigma_true,nu,sigma_hat_krishnan,psnr_diagnostic,ssim_diagnostic,lpips_diagnostic
CelebA,0,0.5,0.01,1.6227974891662598,25.811581197499493,0.7606779932975769,0.15035194158554077
CelebA,1,0.5,0.01,1.074615240097046,28.41111239156787,0.8707258701324463,0.0682733952999115
CelebA,2,0.5,0.01,1.29103422164917,28.79102716533597,0.8337985873222351,0.12880077958106995
CelebA,3,0.5,0.01,1.1172864437103271,29.961897651857683,0.8983933329582214,0.11032135039567947
CelebA,4,0.5,0.01,1.309731125831604,28.310991818662984,0.8492032885551453,0.10634616017341614
CelebA,5,0.5,0.01,1.3455657958984375,26.17468328356777,0.824720561504364,0.17121142148971558
CelebA,6,0.5,0.01,1.205126166343689,29.743582730265096,0.8105113506317139,0.18569695949554443
CelebA,7,0.5,0.01,1.3709378242492676,27.250265321552906,0.8049696087837219,0.22587046027183533
CelebA,8,0.5,0.01,1.1359459161758423,29.17220515251319,0.8111231327056885,0.1453503966331482
CelebA,9,0.5,0.01,1.2847411632537842,25.654102427494102,0.8563570976257324,0.12432277202606201
CelebA,10,0.5,0.01,1.3108134269714355,28.53507966507096,0.8723564147949219,0.1250101774930954
CelebA,11,0.5,0.01,1.3126146793365479,28.060164636919005,0.8517692685127258,0.11549046635627747
CelebA,12,0.5,0.01,1.234504222869873,28.217821349949507,0.8149241805076599,0.16498348116874695
CelebA,13,0.5,0.01,1.3166987895965576,28.850224401615428,0.8436282277107239,0.1053231880068779
CelebA,14,0.5,0.01,1.2162950038909912,30.492699772982714,0.889807403087616,0.11142593622207642
CelebA,15,0.5,0.01,1.0760939121246338,30.353344586715156,0.8586269021034241,0.1562170386314392
CelebA,16,0.5,0.01,1.6201190948486328,25.793099088438964,0.7992582321166992,0.1862511783838272
CelebA,17,0.5,0.01,1.4077637195587158,29.173520727084394,0.8463414311408997,0.13704384863376617
CelebA,18,0.5,0.01,1.3784005641937256,29.754641015452748,0.8919475674629211,0.1086312010884285
CelebA,19,0.5,0.01,1.272667646408081,29.610313649767445,0.895399272441864,0.06480187922716141
CelebA,20,0.5,0.01,1.5348117351531982,28.22906778895263,0.8992908596992493,0.06484957039356232
CelebA,21,0.5,0.01,1.4810504913330078,25.80321084764548,0.806419312953949,0.09126506000757217
CelebA,22,0.5,0.01,1.2445213794708252,28.07726102576075,0.8506941795349121,0.17895174026489258
CelebA,23,0.5,0.01,1.2558462619781494,30.012882488789366,0.8269774913787842,0.21903227269649506
CelebA,24,0.5,0.01,1.1415295600891113,28.905097654728365,0.826735258102417,0.12198977172374725
CelebA,25,0.5,0.01,1.4072215557098389,30.291358786701963,0.8826687932014465,0.10673847794532776
CelebA,26,0.5,0.01,1.443320631980896,27.20186515719835,0.8462722301483154,0.10285758972167969
CelebA,27,0.5,0.01,1.205501675605774,28.106118224204828,0.8150019645690918,0.1461637020111084
CelebA,28,0.5,0.01,1.138683795928955,26.370986291436257,0.8276869654655457,0.19425168633460999
CelebA,29,0.5,0.01,1.5388532876968384,26.84743888774499,0.8525364398956299,0.13267937302589417
CelebA,30,0.5,0.01,0.9674965739250183,28.97495821342403,0.8422389030456543,0.12266848236322403
CelebA,31,0.5,0.01,1.3258960247039795,26.09315807541278,0.7774486541748047,0.15441465377807617
CelebA,32,0.5,0.01,1.6847963333129883,23.41089818756184,0.760869562625885,0.12470370531082153
CelebA,33,0.5,0.01,1.3372563123703003,26.17671376224354,0.7985404133796692,0.2251795530319214
CelebA,34,0.5,0.01,1.2211908102035522,27.055045983427522,0.8244107365608215,0.14649710059165955
CelebA,35,0.5,0.01,1.206039547920227,31.02856448732763,0.9003294110298157,0.08583451062440872
CelebA,36,0.5,0.01,1.3514844179153442,29.47950683039177,0.8627471327781677,0.09616214036941528
CelebA,37,0.5,0.01,1.2458657026290894,28.47596209540313,0.8242310881614685,0.12334296107292175
CelebA,38,0.5,0.01,1.061095952987671,29.664352352890035,0.8389706611633301,0.12320459634065628
CelebA,39,0.5,0.01,1.3988897800445557,23.972227001525795,0.8004264831542969,0.1684868335723877
CelebA,40,0.5,0.01,1.3766306638717651,26.948571187950098,0.8232937455177307,0.11264538764953613
CelebA,41,0.5,0.01,1.390216588973999,29.130870798870458,0.8820130228996277,0.11939548701047897
CelebA,42,0.5,0.01,1.1964622735977173,27.29546825053701,0.8110012412071228,0.193689227104187
CelebA,43,0.5,0.01,1.482778787612915,27.498399001072325,0.7992246150970459,0.19938676059246063
CelebA,44,0.5,0.01,1.1352814435958862,27.799318861886967,0.8003823161125183,0.12009219080209732
CelebA,45,0.5,0.01,1.0044926404953003,29.440078652229666,0.8509852886199951,0.16073527932167053
CelebA,46,0.5,0.01,1.295114278793335,29.09080363758938,0.8401256203651428,0.12862269580364227
CelebA,47,0.5,0.01,1.1333433389663696,29.236154319386678,0.7809328436851501,0.20950987935066223
CelebA,48,0.5,0.01,1.5040671825408936,27.046517473866707,0.8412825465202332,0.16282685101032257
CelebA,49,0.5,0.01,1.300699234008789,30.485541120079063,0.8246244788169861,0.09325142949819565
CelebA,50,0.5,0.01,1.2192301750183105,28.6212452241684,0.8196157813072205,0.14504946768283844
CelebA,51,0.5,0.01,1.2908512353897095,26.73203426487122,0.7808539867401123,0.18235138058662415
CelebA,52,0.5,0.01,1.2988096475601196,28.489527565101206,0.8503019213676453,0.1391572207212448
CelebA,53,0.5,0.01,1.3342359066009521,28.48296966522542,0.887349545955658,0.09813128411769867
CelebA,54,0.5,0.01,1.461819052696228,28.17993111422419,0.8480143547058105,0.11039525270462036
CelebA,55,0.5,0.01,1.3743786811828613,27.385394751683116,0.8115234375,0.1616053283214569
CelebA,56,0.5,0.01,1.2878979444503784,27.65528379484474,0.8878995776176453,0.0777839794754982
CelebA,57,0.5,0.01,1.4799185991287231,25.67329102179428,0.8347113728523254,0.16618528962135315
CelebA,58,0.5,0.01,1.4823497533798218,28.450260300072706,0.8093652725219727,0.14938324689865112
CelebA,59,0.5,0.01,1.3932143449783325,30.007618058295144,0.8681558966636658,0.12015068531036377
CelebA,60,0.5,0.01,1.221232295036316,29.485224254456245,0.7959551811218262,0.09832353889942169
CelebA,61,0.5,0.01,1.602629542350769,25.60291719967992,0.748328447341919,0.20197725296020508
CelebA,62,0.5,0.01,1.296205997467041,26.657245210810334,0.8039207458496094,0.11706340312957764
CelebA,63,0.5,0.01,1.419154167175293,25.052378959666566,0.774806559085846,0.21241497993469238
CelebA,64,0.5,0.01,1.4429271221160889,26.75682993492359,0.8519381880760193,0.18669530749320984
CelebA,65,0.5,0.01,1.4299733638763428,28.30175808760609,0.9154744148254395,0.0755283385515213
CelebA,66,0.5,0.01,1.3346519470214844,29.608422757018978,0.876785933971405,0.0901518315076828
CelebA,67,0.5,0.01,0.8937445282936096,29.359700133264,0.7966236472129822,0.20742756128311157
CelebA,68,0.5,0.01,1.1838845014572144,28.100807818479407,0.8442654609680176,0.11189781129360199
CelebA,69,0.5,0.01,1.1661754846572876,30.74665867849348,0.8725853562355042,0.08674699068069458
CelebA,70,0.5,0.01,1.1284136772155762,30.018275158911102,0.8435212969779968,0.1094006821513176
CelebA,71,0.5,0.01,1.3246006965637207,28.010439736093296,0.8943427205085754,0.07564783841371536
CelebA,72,0.5,0.01,1.3537546396255493,27.541268754382568,0.8305191993713379,0.08344347029924393
CelebA,73,0.5,0.01,1.3335003852844238,29.93060888558084,0.903984010219574,0.07701651751995087
CelebA,74,0.5,0.01,1.4815782308578491,26.696912788842695,0.8718454837799072,0.12455873191356659
CelebA,75,0.5,0.01,1.3483818769454956,32.17535749170863,0.9115574359893799,0.07007695734500885
CelebA,76,0.5,0.01,1.307341456413269,27.449458577494255,0.8022765517234802,0.16954556107521057
CelebA,77,0.5,0.01,1.2271445989608765,28.815777785397216,0.8159676194190979,0.1592407375574112
CelebA,78,0.5,0.01,1.467100739479065,25.514596050091267,0.8490995764732361,0.15734165906906128
CelebA,79,0.5,0.01,1.3187869787216187,29.481155763674987,0.8487012386322021,0.1225639283657074
CelebA,80,0.5,0.01,1.0880531072616577,26.92498264246361,0.7739034295082092,0.19504648447036743
CelebA,81,0.5,0.01,1.4161771535873413,29.52198512877775,0.8400478959083557,0.11721666902303696
CelebA,82,0.5,0.01,1.2904788255691528,28.5782805609831,0.8437318801879883,0.2142328917980194
CelebA,83,0.5,0.01,1.3051904439926147,29.057767601587127,0.8699460029602051,0.09727787971496582
CelebA,84,0.5,0.01,1.5807080268859863,26.456222563824973,0.836225688457489,0.07992926985025406
CelebA,85,0.5,0.01,1.4300323724746704,26.563889848083278,0.8154098987579346,0.14200176298618317
CelebA,86,0.5,0.01,1.4578437805175781,25.879759209624567,0.854047954082489,0.08548392355442047
CelebA,87,0.5,0.01,1.5237541198730469,27.547616379856386,0.8497244715690613,0.10463342070579529
CelebA,88,0.5,0.01,1.195926547050476,29.462830686602032,0.8510677814483643,0.13157446682453156
CelebA,89,0.5,0.01,1.2845526933670044,26.494471008196992,0.8117149472236633,0.15925145149230957
CelebA,90,0.5,0.01,1.5276312828063965,28.876204337626117,0.8636727929115295,0.06739191710948944
CelebA,91,0.5,0.01,1.2229688167572021,29.675141041323734,0.8275136947631836,0.15438508987426758
CelebA,92,0.5,0.01,1.5367820262908936,26.691501309063916,0.8144705891609192,0.09306959807872772
CelebA,93,0.5,0.01,1.483245611190796,26.2781359584454,0.8126142024993896,0.13937631249427795
CelebA,94,0.5,0.01,1.3991245031356812,25.093980534326228,0.8560750484466553,0.10217376053333282
CelebA,95,0.5,0.01,1.2633136510849,30.48966137892231,0.8865692615509033,0.09421470016241074
CelebA,96,0.5,0.01,1.3154948949813843,26.178665492469946,0.7860679030418396,0.26918163895606995
CelebA,97,0.5,0.01,1.2639110088348389,28.19619702695046,0.8406550884246826,0.11930498480796814
CelebA,98,0.5,0.01,1.4039816856384277,23.567746689442878,0.7711684107780457,0.23623664677143097
CelebA,99,0.5,0.01,1.4720430374145508,27.25440719592781,0.8348849415779114,0.08725064992904663
CelebA,100,0.5,0.01,1.0826480388641357,28.457671661179017,0.8143375515937805,0.15862581133842468
CelebA,101,0.5,0.01,1.3567124605178833,28.6219607923406,0.8328862190246582,0.15898819267749786
CelebA,102,0.5,0.01,1.3320368528366089,26.747752076230302,0.8750637173652649,0.1407620906829834
CelebA,103,0.5,0.01,1.0139936208724976,27.821998607124026,0.7939124703407288,0.15829995274543762
CelebA,104,0.5,0.01,1.358819842338562,26.299656273358934,0.8434467911720276,0.15117749571800232
CelebA,105,0.5,0.01,1.2243142127990723,32.38326095105282,0.8862578272819519,0.11356966197490692
CelebA,106,0.5,0.01,1.0862189531326294,27.78632014158907,0.83040452003479,0.1754446178674698
CelebA,107,0.5,0.01,1.2411171197891235,27.067278547242807,0.8462224006652832,0.13064834475517273
CelebA,108,0.5,0.01,1.4823644161224365,27.384195356207208,0.8491344451904297,0.15134966373443604
CelebA,109,0.5,0.01,1.0763018131256104,29.852588673311335,0.832563579082489,0.194595068693161
CelebA,110,0.5,0.01,1.2936924695968628,29.402952429613705,0.8674173951148987,0.12303609400987625
CelebA,111,0.5,0.01,1.0608395338058472,28.623813940395586,0.81513911485672,0.2709164321422577
CelebA,112,0.5,0.01,1.4938488006591797,25.729284753743016,0.8194012641906738,0.1341499388217926
CelebA,113,0.5,0.01,1.2199054956436157,27.245346826197895,0.8210527896881104,0.16781601309776306
CelebA,114,0.5,0.01,1.2431527376174927,28.197201714189355,0.8233509063720703,0.17145591974258423
CelebA,115,0.5,0.01,1.3008376359939575,28.077236346456317,0.8022637367248535,0.12810325622558594
CelebA,116,0.5,0.01,1.4417659044265747,28.36621227960513,0.8767102360725403,0.06408682465553284
CelebA,117,0.5,0.01,0.8470683097839355,30.387678453980975,0.8304410576820374,0.1784173995256424
CelebA,118,0.5,0.01,1.6137949228286743,24.578319796251776,0.8126295208930969,0.18236999213695526
CelebA,119,0.5,0.01,1.0290623903274536,26.59346700712398,0.7758564949035645,0.159256249666214
CelebA,120,0.5,0.01,1.3057286739349365,27.448763946677484,0.8498435020446777,0.1414838582277298
CelebA,121,0.5,0.01,1.238601803779602,25.83246869929583,0.7887415885925293,0.22381040453910828
CelebA,122,0.5,0.01,1.1627039909362793,32.39429405775115,0.9201557040214539,0.06635166704654694
CelebA,123,0.5,0.01,1.5355952978134155,28.49421764522201,0.8578059077262878,0.09321940690279007
CelebA,124,0.5,0.01,1.527010440826416,25.638512324454904,0.8598039746284485,0.09486465156078339
CelebA,125,0.5,0.01,1.2830842733383179,27.2886664646539,0.846159040927887,0.11196805536746979
CelebA,126,0.5,0.01,1.5778928995132446,28.019419215418214,0.8428307175636292,0.12148576229810715
CelebA,127,0.5,0.01,1.1869596242904663,28.31823156305349,0.8717777729034424,0.11179892718791962
CelebA,128,0.5,0.01,1.4683895111083984,26.584909092429683,0.8621377348899841,0.10800987482070923
CelebA,129,0.5,0.01,1.179938554763794,30.29253327549498,0.8901183605194092,0.12428633868694305
CelebA,130,0.5,0.01,1.3134089708328247,27.15428121520391,0.8138510584831238,0.14469589293003082
CelebA,131,0.5,0.01,1.3256922960281372,29.023945852162612,0.8265201449394226,0.24538441002368927
CelebA,132,0.5,0.01,1.156990885734558,28.871200264912535,0.8894279599189758,0.06412982940673828
CelebA,133,0.5,0.01,1.403136134147644,26.639808862019954,0.7892572283744812,0.1571136713027954
CelebA,134,0.5,0.01,1.2063162326812744,29.676884740032143,0.8851196765899658,0.09875519573688507
CelebA,135,0.5,0.01,1.4034467935562134,26.52589381803636,0.835925817489624,0.10109367221593857
CelebA,136,0.5,0.01,1.2437762022018433,28.161221310250934,0.7360398173332214,0.23073488473892212
CelebA,137,0.5,0.01,1.1623281240463257,27.490205665309414,0.8284752368927002,0.2183278501033783
CelebA,138,0.5,0.01,1.1835203170776367,27.629482858243893,0.828569233417511,0.16914474964141846
CelebA,139,0.5,0.01,1.2388255596160889,30.43264044652053,0.7962668538093567,0.1784171611070633
CelebA,140,0.5,0.01,1.2459288835525513,29.021739126599368,0.8552596569061279,0.16911104321479797
CelebA,141,0.5,0.01,1.1811920404434204,30.62558119209214,0.908166229724884,0.07565180957317352
CelebA,142,0.5,0.01,1.2930675745010376,28.217804579459383,0.8507619500160217,0.1260319948196411
CelebA,143,0.5,0.01,1.301672339439392,30.091341690897004,0.8679657578468323,0.1151038408279419
CelebA,144,0.5,0.01,1.2453902959823608,28.029263472100645,0.8398158550262451,0.12707290053367615
CelebA,145,0.5,0.01,1.6594200134277344,26.996853184367783,0.774909257888794,0.22954028844833374
CelebA,146,0.5,0.01,1.3694121837615967,26.712441639081984,0.8229742646217346,0.16182145476341248
CelebA,147,0.5,0.01,1.329379677772522,29.156336855644483,0.8646748065948486,0.09508827328681946
CelebA,148,0.5,0.01,1.3188929557800293,31.621116577192183,0.8873226642608643,0.11694939434528351
CelebA,149,0.5,0.01,1.4296596050262451,27.822533864309328,0.8662009835243225,0.06814846396446228
CelebA,150,0.5,0.01,1.23856520652771,29.191514419108287,0.8900555968284607,0.13317805528640747
CelebA,151,0.5,0.01,1.5116956233978271,28.95959432403421,0.8748511672019958,0.09791509062051773
CelebA,152,0.5,0.01,1.5646206140518188,26.158142045355497,0.8007118701934814,0.11266133934259415
CelebA,153,0.5,0.01,1.3832546472549438,28.51770946151932,0.8686630129814148,0.09670606255531311
CelebA,154,0.5,0.01,1.192386507987976,28.600911194140185,0.8441235423088074,0.12934520840644836
CelebA,155,0.5,0.01,1.1053297519683838,30.99381010311134,0.8782846927642822,0.06377192586660385
CelebA,156,0.5,0.01,1.0841398239135742,24.980212699060637,0.6767804026603699,0.3222748041152954
CelebA,157,0.5,0.01,1.1873745918273926,29.447673468676104,0.850633442401886,0.18820416927337646
CelebA,158,0.5,0.01,1.4372234344482422,29.664063149283535,0.8701223731040955,0.10663469135761261
CelebA,159,0.5,0.01,1.5323786735534668,25.804155054834432,0.8248804211616516,0.17234988510608673
CelebA,160,0.5,0.01,1.0976362228393555,29.967239388058427,0.8639710545539856,0.17569009959697723
CelebA,161,0.5,0.01,1.3456767797470093,26.67939444243329,0.816667377948761,0.10691427439451218
CelebA,162,0.5,0.01,0.956167995929718,30.787547815373358,0.8398839831352234,0.1458589732646942
CelebA,163,0.5,0.01,1.2897018194198608,24.107386380517283,0.7813035845756531,0.17341914772987366
CelebA,164,0.5,0.01,1.3128713369369507,28.619033377038598,0.8163504600524902,0.12022055685520172
CelebA,165,0.5,0.01,1.4282126426696777,27.043021796805217,0.8621607422828674,0.09739109873771667
CelebA,166,0.5,0.01,1.5235377550125122,24.49157258674797,0.840467631816864,0.12314213067293167
CelebA,167,0.5,0.01,1.208553671836853,29.012698262057203,0.8532257080078125,0.07977727055549622
CelebA,168,0.5,0.01,1.3707566261291504,26.493711424459022,0.8280889391899109,0.1382426917552948
CelebA,169,0.5,0.01,1.2280452251434326,29.882702216954705,0.9010193943977356,0.08824573457241058
CelebA,170,0.5,0.01,1.2082602977752686,28.445254071174062,0.8356048464775085,0.19831326603889465
CelebA,171,0.5,0.01,1.2370597124099731,29.216269889512184,0.8374783396720886,0.154493510723114
CelebA,172,0.5,0.01,1.3353708982467651,30.56504163802802,0.8748727440834045,0.06206092983484268
CelebA,173,0.5,0.01,1.4246337413787842,29.185092201331535,0.8183178305625916,0.09352294355630875
CelebA,174,0.5,0.01,1.4733493328094482,26.61259159301399,0.8307097554206848,0.14291411638259888
CelebA,175,0.5,0.01,1.2208858728408813,27.45670684053913,0.8179523348808289,0.13789989054203033
CelebA,176,0.5,0.01,1.4713293313980103,24.801420616294493,0.7786703705787659,0.1502130776643753
CelebA,177,0.5,0.01,1.481632947921753,28.37556787321116,0.8488137125968933,0.1416730284690857
CelebA,178,0.5,0.01,1.4764217138290405,26.9021076510349,0.8533943295478821,0.09453471750020981
CelebA,179,0.5,0.01,1.3164410591125488,27.515938378789627,0.846808135509491,0.11576715111732483
CelebA,180,0.5,0.01,1.4595394134521484,27.594900435782563,0.8233318328857422,0.14209844172000885
CelebA,181,0.5,0.01,1.066821813583374,29.63150749333584,0.8093521595001221,0.15410980582237244
CelebA,182,0.5,0.01,1.097687840461731,27.161774734052223,0.815144956111908,0.16053025424480438
CelebA,183,0.5,0.01,0.9830754995346069,28.525568870275823,0.8226280808448792,0.219114288687706
CelebA,184,0.5,0.01,1.4012285470962524,27.05520098772587,0.8665480613708496,0.09406036138534546
CelebA,185,0.5,0.01,0.7152920961380005,28.997886867039302,0.7654803395271301,0.19825129210948944
CelebA,186,0.5,0.01,1.4562249183654785,29.41767642570567,0.8660175204277039,0.1264723837375641
CelebA,187,0.5,0.01,1.2151638269424438,30.66850983792669,0.899838924407959,0.09684132039546967
CelebA,188,0.5,0.01,1.3287254571914673,30.366891313339515,0.9005991816520691,0.07215094566345215
CelebA,189,0.5,0.01,1.334427833557129,27.724136828356677,0.8177013397216797,0.1401064544916153
CelebA,190,0.5,0.01,1.2370349168777466,30.096616637724424,0.7996399402618408,0.12099716067314148
CelebA,191,0.5,0.01,1.4423339366912842,27.199603855726373,0.8491159081459045,0.09596579521894455
CelebA,192,0.5,0.01,1.1764732599258423,29.499163820754216,0.8367550373077393,0.18027786910533905
CelebA,193,0.5,0.01,1.4012960195541382,25.838220741387616,0.8124966621398926,0.20715324580669403
CelebA,194,0.5,0.01,1.3046904802322388,28.162880937766225,0.8553075194358826,0.16685274243354797
CelebA,195,0.5,0.01,1.3177870512008667,28.30418733859392,0.8044376373291016,0.18655377626419067
CelebA,196,0.5,0.01,1.1607247591018677,24.6844682198817,0.8086236119270325,0.28237542510032654
CelebA,197,0.5,0.01,1.1998414993286133,29.285322911216124,0.806476891040802,0.1344103366136551
CelebA,198,0.5,0.01,1.3652241230010986,27.47355549591674,0.8307342529296875,0.11962950974702835
CelebA,199,0.5,0.01,1.326553463935852,27.772959951498457,0.8176536560058594,0.1035633385181427
CelebA,200,0.5,0.01,1.0860217809677124,29.194431100702964,0.8573939204216003,0.12250174582004547
CelebA,201,0.5,0.01,1.335912823677063,26.507794776386287,0.8337810039520264,0.11407838761806488
CelebA,202,0.5,0.01,1.5944221019744873,26.519499119520123,0.8002200126647949,0.17632029950618744
CelebA,203,0.5,0.01,1.2437217235565186,28.833909977066483,0.9003327488899231,0.06604953110218048
CelebA,204,0.5,0.01,1.2333064079284668,29.852334061636103,0.7650194764137268,0.07027022540569305
CelebA,205,0.5,0.01,1.224408745765686,26.361890906579617,0.7570675015449524,0.30422502756118774
CelebA,206,0.5,0.01,1.4380390644073486,28.79596073008798,0.8325387835502625,0.1568617820739746
CelebA,207,0.5,0.01,1.3035144805908203,27.365828065366276,0.8580875396728516,0.14550858736038208
CelebA,208,0.5,0.01,1.2823269367218018,28.731564623070884,0.8464181423187256,0.18688225746154785
CelebA,209,0.5,0.01,1.2239490747451782,30.148333893024613,0.880862295627594,0.0799083262681961
CelebA,210,0.5,0.01,1.3382855653762817,30.875186414943542,0.8819463849067688,0.09542400389909744
CelebA,211,0.5,0.01,1.4306190013885498,27.75643651164572,0.8762075304985046,0.05680428072810173
CelebA,212,0.5,0.01,0.9715192914009094,30.06999077024794,0.8139144778251648,0.17473728954792023
CelebA,213,0.5,0.01,1.5752884149551392,27.93413941023696,0.8201999068260193,0.1310316026210785
CelebA,214,0.5,0.01,1.3672748804092407,27.605991975760634,0.8199484348297119,0.10440682619810104
CelebA,215,0.5,0.01,1.5051106214523315,28.48647323468249,0.7805750966072083,0.12702803313732147
CelebA,216,0.5,0.01,1.1869343519210815,30.00362382399878,0.8805651664733887,0.07360944896936417
CelebA,217,0.5,0.01,1.7171071767807007,24.933596310568156,0.8364975452423096,0.08987562358379364
CelebA,218,0.5,0.01,1.2869609594345093,26.689332847797367,0.7735480666160583,0.17434810101985931
CelebA,219,0.5,0.01,1.3288029432296753,27.68799858100656,0.8355016708374023,0.19119471311569214
CelebA,220,0.5,0.01,1.4016658067703247,29.472696142185807,0.9032042026519775,0.08334905654191971
CelebA,221,0.5,0.01,1.3818788528442383,27.423099060813083,0.8379576802253723,0.10223785787820816
CelebA,222,0.5,0.01,1.5268375873565674,26.492237290997775,0.8375025391578674,0.06165992468595505
CelebA,223,0.5,0.01,1.2848392724990845,28.202673159552305,0.8487507700920105,0.09198720753192902
CelebA,224,0.5,0.01,1.3099772930145264,29.026684218734864,0.841103732585907,0.12119761109352112
CelebA,225,0.5,0.01,1.4176949262619019,27.763771092673018,0.8494520783424377,0.09688376635313034
CelebA,226,0.5,0.01,1.179763674736023,27.503085255389323,0.803049623966217,0.16101713478565216
CelebA,227,0.5,0.01,1.22273588180542,26.33595612317306,0.7585267424583435,0.29687660932540894
CelebA,228,0.5,0.01,1.1725071668624878,27.095538934127305,0.8149251341819763,0.12523804605007172
CelebA,229,0.5,0.01,1.3370273113250732,28.57169362153327,0.7850359082221985,0.12460322678089142
CelebA,230,0.5,0.01,1.4591355323791504,25.759222275305728,0.8637471795082092,0.10726850479841232
CelebA,231,0.5,0.01,1.1034725904464722,30.157748531109657,0.9039831757545471,0.051273785531520844
CelebA,232,0.5,0.01,1.2079989910125732,28.620074582138937,0.8474648594856262,0.10986880213022232
CelebA,233,0.5,0.01,0.8810575008392334,31.01207201437974,0.8713650703430176,0.12503093481063843
CelebA,234,0.5,0.01,1.1922569274902344,31.62102551811509,0.864216148853302,0.18395832180976868
CelebA,235,0.5,0.01,1.5591208934783936,26.032340997223542,0.8494465947151184,0.0744447335600853
CelebA,236,0.5,0.01,1.1992956399917603,27.519164394351108,0.8212066292762756,0.17459292709827423
CelebA,237,0.5,0.01,1.4032799005508423,31.236465944987877,0.8844172358512878,0.07370303571224213
CelebA,238,0.5,0.01,1.2256089448928833,27.94915211637585,0.8396332859992981,0.11921295523643494
CelebA,239,0.5,0.01,1.5033971071243286,25.753663232833933,0.771252453327179,0.2558762729167938
CelebA,240,0.5,0.01,1.1775404214859009,27.548645845566803,0.836092472076416,0.14913319051265717
CelebA,241,0.5,0.01,0.8211421966552734,27.502119439231286,0.8303265571594238,0.12189465761184692
CelebA,242,0.5,0.01,1.130942940711975,28.321438754142708,0.7684996724128723,0.14815302193164825
CelebA,243,0.5,0.01,1.1650879383087158,28.436727495905178,0.8493747711181641,0.1269301176071167
CelebA,244,0.5,0.01,1.0978327989578247,29.9634991821446,0.896958589553833,0.052587077021598816
CelebA,245,0.5,0.01,1.4030661582946777,26.29962133734521,0.7494044899940491,0.18951188027858734
CelebA,246,0.5,0.01,1.3113282918930054,30.302393762262746,0.9092597365379333,0.06724239140748978
CelebA,247,0.5,0.01,1.3837075233459473,27.8512029173841,0.767673671245575,0.19703011214733124
CelebA,248,0.5,0.01,1.3281493186950684,28.18276191749545,0.8169981837272644,0.12101387977600098
CelebA,249,0.5,0.01,1.1624971628189087,28.27849295832985,0.7956474423408508,0.14912079274654388
CelebA,0,0.5,0.05,1.6132060289382935,25.83626029232228,0.7625977993011475,0.14991235733032227
CelebA,1,0.5,0.05,1.0218391418457031,28.522191923626664,0.8729408383369446,0.06727501004934311
CelebA,2,0.5,0.05,1.2713326215744019,28.83250593329948,0.8347203135490417,0.12809213995933533
CelebA,3,0.5,0.05,1.0697388648986816,30.045507497459635,0.8993855118751526,0.10952818393707275
CelebA,4,0.5,0.05,1.2895301580429077,28.373716835985814,0.850311815738678,0.10508392751216888
CelebA,5,0.5,0.05,1.3296682834625244,26.196503136164715,0.8251156806945801,0.17037111520767212
CelebA,6,0.5,0.05,1.1558653116226196,29.79860761394236,0.8116481900215149,0.18371430039405823
CelebA,7,0.5,0.05,1.3476470708847046,27.30971446620679,0.8066144585609436,0.22569581866264343
CelebA,8,0.5,0.05,1.0724120140075684,29.275636945677096,0.8130367398262024,0.143865704536438
CelebA,9,0.5,0.05,1.268010139465332,25.829557406859564,0.8587136268615723,0.12447571754455566
CelebA,10,0.5,0.05,1.2912846803665161,28.58500196974245,0.8735964298248291,0.12398404628038406
CelebA,11,0.5,0.05,1.2957202196121216,28.107359616204167,0.8523133397102356,0.11476808041334152
CelebA,12,0.5,0.05,1.2043633460998535,28.256116470382892,0.8155309557914734,0.16410425305366516
CelebA,13,0.5,0.05,1.2747195959091187,29.00788332070451,0.8449557423591614,0.10396197438240051
CelebA,14,0.5,0.05,1.1379635334014893,30.58350989741806,0.8903560638427734,0.11097808927297592
CelebA,15,0.5,0.05,1.0008996725082397,30.442142475480587,0.8610997200012207,0.15244252979755402
CelebA,16,0.5,0.05,1.6177096366882324,25.785748520068296,0.7999821305274963,0.18675003945827484
CelebA,17,0.5,0.05,1.387642502784729,29.203424804121866,0.8471367359161377,0.13584035634994507
CelebA,18,0.5,0.05,1.3333674669265747,29.834823222617175,0.8928821086883545,0.10839111357927322
CelebA,19,0.5,0.05,1.240061640739441,29.701301880949977,0.8971257209777832,0.06361157447099686
CelebA,20,0.5,0.05,1.5237191915512085,28.246727414955206,0.8992762565612793,0.06416654586791992
CelebA,21,0.5,0.05,1.473877191543579,25.808626088233115,0.8060606122016907,0.09112262725830078
CelebA,22,0.5,0.05,1.2163549661636353,28.129931550441324,0.8512789607048035,0.17877867817878723
CelebA,23,0.5,0.05,1.2221925258636475,30.072640213772083,0.827874481678009,0.21693488955497742
CelebA,24,0.5,0.05,1.1172744035720825,28.952105093184898,0.8280587792396545,0.12008779495954514
CelebA,25,0.5,0.05,1.3732130527496338,30.369334680420778,0.8843710422515869,0.10606050491333008
CelebA,26,0.5,0.05,1.429098129272461,27.236056760811692,0.8468376994132996,0.10229423642158508
CelebA,27,0.5,0.05,1.1733635663986206,28.149610745750433,0.8164360523223877,0.14502307772636414
CelebA,28,0.5,0.05,1.1189390420913696,26.410534513246038,0.8284316658973694,0.1909680813550949
CelebA,29,0.5,0.05,1.5286226272583008,26.851520523967626,0.8524065613746643,0.13272422552108765
CelebA,30,0.5,0.05,0.9026355743408203,29.053311035093422,0.8433424830436707,0.12074548006057739
CelebA,31,0.5,0.05,1.312649130821228,26.162888495922573,0.779792308807373,0.15212415158748627
CelebA,32,0.5,0.05,1.6784353256225586,23.412824516267662,0.7611604332923889,0.12440020591020584
CelebA,33,0.5,0.05,1.328314185142517,26.188648370596702,0.7988076210021973,0.22514106333255768
CelebA,34,0.5,0.05,1.2131437063217163,26.989297915370717,0.823585033416748,0.14760111272335052
CelebA,35,0.5,0.05,1.1165833473205566,31.097770425860073,0.9010534286499023,0.08513763546943665
CelebA,36,0.5,0.05,1.3191819190979004,29.569176330095445,0.864222526550293,0.09475233405828476
CelebA,37,0.5,0.05,1.227001428604126,28.412981544636597,0.8237276077270508,0.12457045167684555
CelebA,38,0.5,0.05,0.9868552088737488,29.7788739232212,0.8414993286132812,0.12313521653413773
CelebA,39,0.5,0.05,1.390846848487854,23.979442349813983,0.8007065653800964,0.168251633644104
CelebA,40,0.5,0.05,1.3488956689834595,27.018951693907578,0.824953556060791,0.1116999089717865
CelebA,41,0.5,0.05,1.358078956604004,29.209294706208606,0.8834341168403625,0.1180291548371315
CelebA,42,0.5,0.05,1.1732827425003052,27.346151280959813,0.8124745488166809,0.19110223650932312
CelebA,43,0.5,0.05,1.4736822843551636,27.528788441133507,0.7994022965431213,0.20005632936954498
CelebA,44,0.5,0.05,1.095564603805542,27.896302032931374,0.8027284145355225,0.11889266222715378
CelebA,45,0.5,0.05,0.9136685729026794,29.52288964478534,0.8536459803581238,0.15700677037239075
CelebA,46,0.5,0.05,1.2493805885314941,29.191046051693966,0.8429367542266846,0.12650999426841736
CelebA,47,0.5,0.05,1.0719659328460693,29.32456770466983,0.7825780510902405,0.20745836198329926
CelebA,48,0.5,0.05,1.480841040611267,27.115570440694313,0.8423030376434326,0.16146400570869446
CelebA,49,0.5,0.05,1.2556296586990356,30.571680337209376,0.8238977789878845,0.09298735857009888
CelebA,50,0.5,0.05,1.1847186088562012,28.666144316873346,0.8209368586540222,0.1437160074710846
CelebA,51,0.5,0.05,1.25850248336792,26.78844136046202,0.7819864749908447,0.18079036474227905
CelebA,52,0.5,0.05,1.2574206590652466,28.559131947384667,0.8513927459716797,0.13831943273544312
CelebA,53,0.5,0.05,1.319172978401184,28.51063884086281,0.8878498077392578,0.09697576612234116
CelebA,54,0.5,0.05,1.4308984279632568,28.241258223386453,0.84906405210495,0.11055164039134979
CelebA,55,0.5,0.05,1.3528801202774048,27.451393001611347,0.8130690455436707,0.16122660040855408
CelebA,56,0.5,0.05,1.2649015188217163,27.712802219865505,0.8888120055198669,0.07758389413356781
CelebA,57,0.5,0.05,1.4718995094299316,25.682491562225472,0.8350757956504822,0.1653774529695511
CelebA,58,0.5,0.05,1.4504131078720093,28.5244244523623,0.8106128573417664,0.14788095653057098
CelebA,59,0.5,0.05,1.3442091941833496,30.055268171208954,0.8687030673027039,0.11812068521976471
CelebA,60,0.5,0.05,1.174012303352356,29.62303107627624,0.7975769639015198,0.09723956137895584
CelebA,61,0.5,0.05,1.600044846534729,25.606329668487984,0.7489783763885498,0.2007516622543335
CelebA,62,0.5,0.05,1.2724332809448242,26.72433242645876,0.8053345680236816,0.11583858728408813
CelebA,63,0.5,0.05,1.4027948379516602,25.088933466570715,0.7756115794181824,0.21215811371803284
CelebA,64,0.5,0.05,1.4079731702804565,26.847502006904193,0.8538431525230408,0.18568116426467896
CelebA,65,0.5,0.05,1.40781569480896,28.361700992625973,0.9159566760063171,0.07532383501529694
CelebA,66,0.5,0.05,1.3234411478042603,29.61011444802662,0.8771460056304932,0.0899646133184433
CelebA,67,0.5,0.05,0.6821598410606384,29.467250083518365,0.7996858954429626,0.2079778015613556
CelebA,68,0.5,0.05,1.136383295059204,28.152992151537344,0.8457358479499817,0.11004427820444107
CelebA,69,0.5,0.05,1.0606091022491455,30.915835850747335,0.8751084804534912,0.08486930280923843
CelebA,70,0.5,0.05,1.075599193572998,30.089701615431256,0.8459596037864685,0.10790226608514786
CelebA,71,0.5,0.05,1.3169752359390259,28.022157532218543,0.8950414657592773,0.07553303241729736
CelebA,72,0.5,0.05,1.3430557250976562,27.58624794932992,0.8308815360069275,0.08340159058570862
CelebA,73,0.5,0.05,1.2986844778060913,29.99103390485474,0.9047678112983704,0.07656395435333252
CelebA,74,0.5,0.05,1.469384789466858,26.711980153242152,0.8717482089996338,0.12395962327718735
CelebA,75,0.5,0.05,1.322946310043335,32.255382767824806,0.9125010967254639,0.06940696388483047
CelebA,76,0.5,0.05,1.2864848375320435,27.47342353045361,0.8028863072395325,0.16846653819084167
CelebA,77,0.5,0.05,1.2001285552978516,28.86420353498931,0.8174967169761658,0.1572752445936203
CelebA,78,0.5,0.05,1.4551703929901123,25.5518122408038,0.8495588898658752,0.15673990547657013
CelebA,79,0.5,0.05,1.302457332611084,29.52805175284692,0.8502107262611389,0.1206963062286377
CelebA,80,0.5,0.05,1.0691496133804321,26.946261019515532,0.7749993205070496,0.1947036236524582
CelebA,81,0.5,0.05,1.3934409618377686,29.532026889396622,0.8406174182891846,0.11698826402425766
CelebA,82,0.5,0.05,1.2558284997940063,28.612808648351926,0.8443641662597656,0.21305781602859497
CelebA,83,0.5,0.05,1.283715844154358,29.087289393542406,0.8700583577156067,0.09734223783016205
CelebA,84,0.5,0.05,1.5598976612091064,26.509796124929945,0.8367047309875488,0.07971034198999405
CelebA,85,0.5,0.05,1.4191447496414185,26.58431266816176,0.8160298466682434,0.14234866201877594
CelebA,86,0.5,0.05,1.4435369968414307,25.95608435006177,0.8550615310668945,0.0853419154882431
CelebA,87,0.5,0.05,1.4962656497955322,27.597871016910855,0.850919246673584,0.10401464253664017
CelebA,88,0.5,0.05,1.134289264678955,29.535003476941874,0.8529607653617859,0.12834689021110535
CelebA,89,0.5,0.05,1.2502549886703491,26.56846079755522,0.8127464652061462,0.1585390716791153
CelebA,90,0.5,0.05,1.5128424167633057,28.882208012426396,0.8638352751731873,0.0679066926240921
CelebA,91,0.5,0.05,1.1740761995315552,29.722200433837862,0.8286406397819519,0.15270796418190002
CelebA,92,0.5,0.05,1.5280787944793701,26.721060935941793,0.8149411082267761,0.09267885237932205
CelebA,93,0.5,0.05,1.4675136804580688,26.340177001405742,0.8141603469848633,0.1385500133037567
CelebA,94,0.5,0.05,1.3976577520370483,25.092971304796535,0.8561449646949768,0.10134143382310867
CelebA,95,0.5,0.05,1.2356669902801514,30.532288974537117,0.8869147300720215,0.09346052259206772
CelebA,96,0.5,0.05,1.2873973846435547,26.25615293937321,0.7873613238334656,0.26832345128059387
CelebA,97,0.5,0.05,1.2348980903625488,28.254998603100358,0.8430227637290955,0.11678708344697952
CelebA,98,0.5,0.05,1.3993520736694336,23.575145757347396,0.7709102630615234,0.23560601472854614
CelebA,99,0.5,0.05,1.4500317573547363,27.282104066275327,0.8357594013214111,0.08598159998655319
CelebA,100,0.5,0.05,1.0241032838821411,28.52089482048158,0.8163440823554993,0.15672312676906586
CelebA,101,0.5,0.05,1.3298574686050415,28.682503452407072,0.8342681527137756,0.1583908349275589
CelebA,102,0.5,0.05,1.3163340091705322,26.779513532053656,0.8757681250572205,0.1395977884531021
CelebA,103,0.5,0.05,0.9529504776000977,27.9013627284102,0.797659695148468,0.15300174057483673
CelebA,104,0.5,0.05,1.3403249979019165,26.35123249929596,0.84474116563797,0.15008001029491425
CelebA,105,0.5,0.05,1.0301871299743652,32.83856863897573,0.8899920582771301,0.10646470636129379
CelebA,106,0.5,0.05,1.0370237827301025,27.85636499454109,0.8322060704231262,0.17414557933807373
CelebA,107,0.5,0.05,1.218043565750122,27.108949083541454,0.8475345969200134,0.1305992156267166
CelebA,108,0.5,0.05,1.4706425666809082,27.400606108821112,0.8493292331695557,0.15128643810749054
CelebA,109,0.5,0.05,0.9866258502006531,30.027552424822,0.8356671929359436,0.18944354355335236
CelebA,110,0.5,0.05,1.2502377033233643,29.451375159607295,0.8682448267936707,0.12339314073324203
CelebA,111,0.5,0.05,1.0027445554733276,28.66805771574017,0.8167058825492859,0.26709434390068054
CelebA,112,0.5,0.05,1.4738123416900635,25.766063804145638,0.8200652003288269,0.1341165006160736
CelebA,113,0.5,0.05,1.1992833614349365,27.294133721842254,0.8217265605926514,0.16708925366401672
CelebA,114,0.5,0.05,1.2116254568099976,28.27208727216889,0.8253852725028992,0.16772152483463287
CelebA,115,0.5,0.05,1.27461576461792,28.133730247939035,0.8028247356414795,0.12627264857292175
CelebA,116,0.5,0.05,1.4286919832229614,28.39028249081814,0.8769097328186035,0.06419049203395844
CelebA,117,0.5,0.05,0.620130181312561,30.546693153871356,0.83482426404953,0.17458495497703552
CelebA,118,0.5,0.05,1.60478675365448,24.63362537465465,0.8151171803474426,0.1816430687904358
CelebA,119,0.5,0.05,0.9679975509643555,26.69408836147749,0.7796832919120789,0.15652824938297272
CelebA,120,0.5,0.05,1.2711660861968994,27.499743506992292,0.8509834408760071,0.1404256671667099
CelebA,121,0.5,0.05,1.2157927751541138,25.853439242693007,0.7892782092094421,0.22341549396514893
CelebA,122,0.5,0.05,1.1027092933654785,32.47507405174014,0.9209888577461243,0.06573864817619324
CelebA,123,0.5,0.05,1.5267094373703003,28.560591509867194,0.8587033748626709,0.09259944409132004
CelebA,124,0.5,0.05,1.5210076570510864,25.663230699539508,0.8607870936393738,0.09492692351341248
CelebA,125,0.5,0.05,1.2504127025604248,27.379336654073335,0.8470156192779541,0.11040396988391876
CelebA,126,0.5,0.05,1.5626143217086792,28.057640821271725,0.8434667587280273,0.12031416594982147
CelebA,127,0.5,0.05,1.1466705799102783,28.33675222190162,0.8721674084663391,0.1110086739063263
CelebA,128,0.5,0.05,1.4451035261154175,26.67514402638777,0.8635151982307434,0.10759493708610535
CelebA,129,0.5,0.05,1.128519892692566,30.368082007916193,0.8909404277801514,0.12148873507976532
CelebA,130,0.5,0.05,1.3012357950210571,27.1884552279953,0.8143942952156067,0.14346875250339508
CelebA,131,0.5,0.05,1.314756989479065,29.037176589809903,0.8269032835960388,0.24469828605651855
CelebA,132,0.5,0.05,1.1185836791992188,28.92222497799548,0.8907750248908997,0.06313440948724747
CelebA,133,0.5,0.05,1.3942731618881226,26.630888306147007,0.7894194722175598,0.15682484209537506
CelebA,134,0.5,0.05,1.1659305095672607,29.729468347561408,0.8862925171852112,0.09762046486139297
CelebA,135,0.5,0.05,1.3990356922149658,26.551540677908,0.8360050320625305,0.10119938850402832
CelebA,136,0.5,0.05,1.206002116203308,28.190669064757113,0.7370064854621887,0.22966808080673218
CelebA,137,0.5,0.05,1.1085964441299438,27.571425994407107,0.8310735821723938,0.21338681876659393
CelebA,138,0.5,0.05,1.1445142030715942,27.73222014875956,0.8322980999946594,0.1667087972164154
CelebA,139,0.5,0.05,1.1859991550445557,30.4822828659437,0.7963146567344666,0.17689377069473267
CelebA,140,0.5,0.05,1.2122955322265625,29.040235413682332,0.855640709400177,0.16890814900398254
CelebA,141,0.5,0.05,1.1170367002487183,30.73650712190821,0.9094926714897156,0.07567740976810455
CelebA,142,0.5,0.05,1.2676472663879395,28.323879385407423,0.8521243929862976,0.12681695818901062
CelebA,143,0.5,0.05,1.2493287324905396,30.175945025877304,0.8692169785499573,0.11456777155399323
CelebA,144,0.5,0.05,1.2118346691131592,28.061293310397094,0.8408061861991882,0.12680533528327942
CelebA,145,0.5,0.05,1.63676917552948,27.05484017501132,0.7756282687187195,0.22978119552135468
CelebA,146,0.5,0.05,1.3525691032409668,26.73772551406495,0.8237671852111816,0.16075174510478973
CelebA,147,0.5,0.05,1.3266273736953735,29.142234427762048,0.8647251725196838,0.09563586115837097
CelebA,148,0.5,0.05,1.2460347414016724,31.67125771390993,0.8877560496330261,0.11571833491325378
CelebA,149,0.5,0.05,1.4210832118988037,27.900272051805757,0.8681847453117371,0.06732122600078583
CelebA,150,0.5,0.05,1.213187575340271,29.238245354632326,0.8908584117889404,0.1311502754688263
CelebA,151,0.5,0.05,1.4972267150878906,28.97969159993789,0.8751909732818604,0.09775688499212265
CelebA,152,0.5,0.05,1.552573800086975,26.19255840779732,0.8011670708656311,0.1122291311621666
CelebA,153,0.5,0.05,1.3532532453536987,28.591881123382294,0.8696799278259277,0.09727507084608078
CelebA,154,0.5,0.05,1.153372049331665,28.685625267374313,0.8464509844779968,0.12578876316547394
CelebA,155,0.5,0.05,1.0655055046081543,31.042247867173142,0.8792378306388855,0.06225188076496124
CelebA,156,0.5,0.05,1.0605437755584717,24.989220563542062,0.6776307225227356,0.3226779103279114
CelebA,157,0.5,0.05,1.1365454196929932,29.540929118838438,0.8523745536804199,0.1865628957748413
CelebA,158,0.5,0.05,1.4130593538284302,29.69233594901718,0.8701283931732178,0.10554125905036926
CelebA,159,0.5,0.05,1.5257947444915771,25.799837388352636,0.8248031735420227,0.1718359887599945
CelebA,160,0.5,0.05,1.0394721031188965,30.042425243942827,0.8653459548950195,0.17458471655845642
CelebA,161,0.5,0.05,1.3348573446273804,26.694810593736726,0.8177793025970459,0.10581586509943008
CelebA,162,0.5,0.05,0.8294098377227783,30.912035037033373,0.8425429463386536,0.14220552146434784
CelebA,163,0.5,0.05,1.2643978595733643,24.19072938232878,0.7827412486076355,0.17217543721199036
CelebA,164,0.5,0.05,1.282134771347046,28.686755424601827,0.8176941871643066,0.12003070116043091
CelebA,165,0.5,0.05,1.4168658256530762,27.089901202924167,0.8623507022857666,0.09772342443466187
CelebA,166,0.5,0.05,1.514684796333313,24.528102927242436,0.8412420153617859,0.12250479310750961
CelebA,167,0.5,0.05,1.1799284219741821,29.045469867264234,0.8534400463104248,0.07875882089138031
CelebA,168,0.5,0.05,1.3446805477142334,26.55052154125055,0.8289951682090759,0.1374780535697937
CelebA,169,0.5,0.05,1.2012039422988892,29.941900508414484,0.9015395045280457,0.08762865513563156
CelebA,170,0.5,0.05,1.1604349613189697,28.511978824976488,0.8371962904930115,0.19615501165390015
CelebA,171,0.5,0.05,1.205194354057312,29.25817590794535,0.838359534740448,0.15326064825057983
CelebA,172,0.5,0.05,1.319930911064148,30.61678023842369,0.875056803226471,0.06186531484127045
CelebA,173,0.5,0.05,1.4018157720565796,29.215510165310114,0.8165669441223145,0.09332305192947388
CelebA,174,0.5,0.05,1.4503445625305176,26.686059790996364,0.832665741443634,0.1417102962732315
CelebA,175,0.5,0.05,1.2000576257705688,27.499584873431672,0.8190906643867493,0.13628162443637848
CelebA,176,0.5,0.05,1.4553889036178589,24.846071519028886,0.7799034118652344,0.1505061686038971
CelebA,177,0.5,0.05,1.4818614721298218,28.365429709777427,0.849107027053833,0.14092528820037842
CelebA,178,0.5,0.05,1.4784646034240723,26.882898906442307,0.8533082008361816,0.09461483359336853
CelebA,179,0.5,0.05,1.2908345460891724,27.617947935992678,0.8486425280570984,0.11309809237718582
CelebA,180,0.5,0.05,1.4499081373214722,27.617708680902098,0.8244659900665283,0.14273951947689056
CelebA,181,0.5,0.05,1.0024375915527344,29.712344218395764,0.8109002113342285,0.1513361632823944
CelebA,182,0.5,0.05,1.0715993642807007,27.199319451919678,0.8163728713989258,0.15972651541233063
CelebA,183,0.5,0.05,0.884804368019104,28.621317364586535,0.8259841799736023,0.2154230922460556
CelebA,184,0.5,0.05,1.3983008861541748,27.046103088892185,0.8667194843292236,0.09292896836996078
CelebA,185,0.5,0.05,0.36656951904296875,29.06765621337911,0.7713736891746521,0.19770368933677673
CelebA,186,0.5,0.05,1.4288073778152466,29.501770841842983,0.8671789169311523,0.12600766122341156
CelebA,187,0.5,0.05,1.1737217903137207,30.79485906963489,0.9007546305656433,0.09533698111772537
CelebA,188,0.5,0.05,1.308124303817749,30.43027732531886,0.901195228099823,0.07173101603984833
CelebA,189,0.5,0.05,1.3248214721679688,27.727919217481734,0.8175978660583496,0.14048010110855103
CelebA,190,0.5,0.05,1.1709297895431519,30.21423053208006,0.8025864958763123,0.11879271268844604
CelebA,191,0.5,0.05,1.4310961961746216,27.266402840496884,0.8499553799629211,0.09473026543855667
CelebA,192,0.5,0.05,1.1002813577651978,29.560424419249628,0.8382037281990051,0.17950163781642914
CelebA,193,0.5,0.05,1.391672134399414,25.844579287775595,0.8127603530883789,0.20564892888069153
CelebA,194,0.5,0.05,1.2653703689575195,28.223740009032777,0.8568355441093445,0.16492290794849396
CelebA,195,0.5,0.05,1.2953405380249023,28.310628931628315,0.8038501739501953,0.18685126304626465
CelebA,196,0.5,0.05,1.1444990634918213,24.705225358138343,0.808742344379425,0.2799295485019684
CelebA,197,0.5,0.05,1.1304937601089478,29.392224067442207,0.8087053298950195,0.1336088329553604
CelebA,198,0.5,0.05,1.3471252918243408,27.50609986912758,0.8315773010253906,0.11904017627239227
CelebA,199,0.5,0.05,1.310472011566162,27.813982851239707,0.8181702494621277,0.10349415242671967
CelebA,200,0.5,0.05,1.0249416828155518,29.30397203911111,0.8589900135993958,0.1211533173918724
CelebA,201,0.5,0.05,1.3257368803024292,26.551710252548943,0.8346443772315979,0.1138407438993454
CelebA,202,0.5,0.05,1.5862810611724854,26.55720238158174,0.7994680404663086,0.17492011189460754
CelebA,203,0.5,0.05,1.2284644842147827,28.850154564561915,0.900299072265625,0.06649509072303772
CelebA,204,0.5,0.05,1.2105330228805542,29.91239769787869,0.759223222732544,0.06921574473381042
CelebA,205,0.5,0.05,1.20547616481781,26.376168828112434,0.7576609253883362,0.3036317229270935
CelebA,206,0.5,0.05,1.4254271984100342,28.80419133415066,0.8324432969093323,0.15803584456443787
CelebA,207,0.5,0.05,1.2860102653503418,27.419915683421728,0.8592279553413391,0.14372853934764862
CelebA,208,0.5,0.05,1.2510141134262085,28.747583258829987,0.8459341526031494,0.18680083751678467
CelebA,209,0.5,0.05,1.1928741931915283,30.2066992452102,0.8816680312156677,0.07912762463092804
CelebA,210,0.5,0.05,1.3372639417648315,30.844559568036296,0.8812281489372253,0.09548970311880112
CelebA,211,0.5,0.05,1.4259121417999268,27.72872799617028,0.8762214183807373,0.05683930963277817
CelebA,212,0.5,0.05,0.8458425998687744,30.15215274970057,0.8182229995727539,0.16933126747608185
CelebA,213,0.5,0.05,1.5511025190353394,28.0252251634283,0.8212299346923828,0.12994423508644104
CelebA,214,0.5,0.05,1.33875572681427,27.655700760343965,0.8206884860992432,0.10368543863296509
CelebA,215,0.5,0.05,1.491887092590332,28.50011064274755,0.7779749035835266,0.12797336280345917
CelebA,216,0.5,0.05,1.129656195640564,30.06549170554385,0.8814849853515625,0.07244408875703812
CelebA,217,0.5,0.05,1.7133264541625977,24.911304891360864,0.8359775543212891,0.08997394889593124
CelebA,218,0.5,0.05,1.248048186302185,26.76829769521365,0.7769545912742615,0.17331217229366302
CelebA,219,0.5,0.05,1.3096356391906738,27.69427459978628,0.8359377384185791,0.19076299667358398
CelebA,220,0.5,0.05,1.3812391757965088,29.503453956420742,0.903921902179718,0.08280663937330246
CelebA,221,0.5,0.05,1.3690434694290161,27.4517287043362,0.8382368683815002,0.10202939063310623
CelebA,222,0.5,0.05,1.515533685684204,26.513586821668383,0.8382411003112793,0.06168501451611519
CelebA,223,0.5,0.05,1.2583388090133667,28.27929029405567,0.8499481678009033,0.09136012941598892
CelebA,224,0.5,0.05,1.2527378797531128,29.125254263922127,0.8429180979728699,0.12027685344219208
CelebA,225,0.5,0.05,1.4034018516540527,27.81437865717109,0.850638210773468,0.09627008438110352
CelebA,226,0.5,0.05,1.136059284210205,27.59628969042093,0.8052442669868469,0.15871843695640564
CelebA,227,0.5,0.05,1.2002676725387573,26.378079235254273,0.7599455714225769,0.29602959752082825
CelebA,228,0.5,0.05,1.141899585723877,27.144557568378826,0.8155093193054199,0.12409481406211853
CelebA,229,0.5,0.05,1.3210068941116333,28.582216441775753,0.7853139042854309,0.12494012713432312
CelebA,230,0.5,0.05,1.4475384950637817,25.958110020663867,0.8659868240356445,0.10158565640449524
CelebA,231,0.5,0.05,1.0326547622680664,30.264157736931292,0.9056150317192078,0.05006340891122818
CelebA,232,0.5,0.05,1.175941824913025,28.6656872940198,0.8489968776702881,0.10731726884841919
CelebA,233,0.5,0.05,0.7087208032608032,31.147920801258596,0.8751997351646423,0.12110952287912369
CelebA,234,0.5,0.05,1.082227110862732,31.687733376700752,0.8665874004364014,0.18159182369709015
CelebA,235,0.5,0.05,1.5492429733276367,26.067073241990386,0.8504424095153809,0.07447873800992966
CelebA,236,0.5,0.05,1.1743717193603516,27.568566733611277,0.8226993083953857,0.17219704389572144
CelebA,237,0.5,0.05,1.3680626153945923,31.316929887675478,0.8847692012786865,0.07366766035556793
CelebA,238,0.5,0.05,1.2055836915969849,27.969155314202993,0.8401826024055481,0.11874216794967651
CelebA,239,0.5,0.05,1.4979220628738403,25.772189918187173,0.7719602584838867,0.25447309017181396
CelebA,240,0.5,0.05,1.1443066596984863,27.573703539071417,0.837435781955719,0.1491076499223709
CelebA,241,0.5,0.05,0.7750171422958374,27.68884539138781,0.8318106532096863,0.11944416910409927
CelebA,242,0.5,0.05,1.0742233991622925,28.375729611290495,0.7691283822059631,0.14787431061267853
CelebA,243,0.5,0.05,1.1318299770355225,28.48509757813849,0.8502106666564941,0.126703679561615
CelebA,244,0.5,0.05,1.0608986616134644,30.02765520425211,0.8976941108703613,0.05254744738340378
CelebA,245,0.5,0.05,1.391100287437439,26.31218578630432,0.7501883506774902,0.18933439254760742
CelebA,246,0.5,0.05,1.2884795665740967,30.347450666998157,0.9093203544616699,0.06695406138896942
CelebA,247,0.5,0.05,1.3426899909973145,27.90705877515418,0.7685748934745789,0.1970810443162918
CelebA,248,0.5,0.05,1.3114548921585083,28.21159724007797,0.8175466656684875,0.1197902038693428
CelebA,249,0.5,0.05,1.131984829902649,28.33129800106462,0.7966055870056152,0.1485607922077179
CelebA,0,0.5,0.1,1.593651294708252,25.876945965982117,0.7651088833808899,0.14896517992019653
CelebA,1,0.5,0.1,0.8806430101394653,28.776495742427798,0.8779926896095276,0.06437474489212036
CelebA,2,0.5,0.1,1.2085351943969727,28.961610858336115,0.8373369574546814,0.1253206729888916
CelebA,3,0.5,0.1,0.8710523247718811,30.322388532005185,0.9027852416038513,0.106773242354393
CelebA,4,0.5,0.1,1.1841449737548828,28.589088989035062,0.8547444939613342,0.10075230151414871
CelebA,5,0.5,0.1,1.2623671293258667,26.301480237311576,0.8277809023857117,0.16623498499393463
CelebA,6,0.5,0.1,0.9803107380867004,29.94631073299015,0.8144358992576599,0.1796673983335495
CelebA,7,0.5,0.1,1.3135098218917847,27.376789260296952,0.8085620999336243,0.2249293178319931
CelebA,8,0.5,0.1,0.8725616931915283,29.546600501444104,0.8183411955833435,0.13944202661514282
CelebA,9,0.5,0.1,1.2286041975021362,25.94914038993381,0.8610946536064148,0.12331012636423111
CelebA,10,0.5,0.1,1.1800981760025024,28.793829683075735,0.8767798542976379,0.12071286141872406
CelebA,11,0.5,0.1,1.213250756263733,28.32331712490163,0.8552875518798828,0.11287771910429001
CelebA,12,0.5,0.1,1.0835583209991455,28.41521477969396,0.8187990784645081,0.16068580746650696
CelebA,13,0.5,0.1,1.1461328268051147,29.40420184033867,0.8489549160003662,0.09969694912433624
CelebA,14,0.5,0.1,0.8842710256576538,30.78301498674291,0.8918581604957581,0.11101977527141571
CelebA,15,0.5,0.1,0.7004958391189575,30.602063126149126,0.8662524223327637,0.14358845353126526
CelebA,16,0.5,0.1,1.6000388860702515,25.81187030428734,0.8012751936912537,0.18707281351089478
CelebA,17,0.5,0.1,1.304781436920166,29.334178336647987,0.8496401906013489,0.13284187018871307
CelebA,18,0.5,0.1,1.2213925123214722,30.0006798591859,0.894793689250946,0.10733099281787872
CelebA,19,0.5,0.1,1.1379852294921875,29.91470828323979,0.9005197882652283,0.06061367318034172
CelebA,20,0.5,0.1,1.4738608598709106,28.371005515578943,0.9005210995674133,0.06275305896997452
CelebA,21,0.5,0.1,1.4437144994735718,25.89382925808513,0.807141125202179,0.09049557894468307
CelebA,22,0.5,0.1,1.143502116203308,28.243393047547084,0.8526800274848938,0.17825855314731598
CelebA,23,0.5,0.1,1.1264493465423584,30.24347137880127,0.8312355875968933,0.20941658318042755
CelebA,24,0.5,0.1,1.0191608667373657,29.118247817986536,0.8317486643791199,0.1156083345413208
CelebA,25,0.5,0.1,1.2645204067230225,30.555521710254816,0.8871397972106934,0.10387519747018814
CelebA,26,0.5,0.1,1.3873074054718018,27.335382833890346,0.8485162854194641,0.10083392262458801
CelebA,27,0.5,0.1,1.039708137512207,28.316743461818753,0.821075975894928,0.14088013768196106
CelebA,28,0.5,0.1,1.0577054023742676,26.54562342626395,0.8312489986419678,0.18254399299621582
CelebA,29,0.5,0.1,1.4771236181259155,26.945405157270553,0.8537843823432922,0.13165631890296936
CelebA,30,0.5,0.1,0.7059431672096252,29.23368369972905,0.8459623456001282,0.11523084342479706
CelebA,31,0.5,0.1,1.250026822090149,26.34078566840333,0.7861678600311279,0.14500871300697327
CelebA,32,0.5,0.1,1.6569397449493408,23.4328450429178,0.7620808482170105,0.1237497627735138
CelebA,33,0.5,0.1,1.2975928783416748,26.233622140088777,0.800189197063446,0.223993182182312
CelebA,34,0.5,0.1,1.154822587966919,27.173373950506342,0.8262314200401306,0.14640435576438904
CelebA,35,0.5,0.1,0.8452242016792297,31.223882111083903,0.9026647210121155,0.08425518870353699
CelebA,36,0.5,0.1,1.1858437061309814,29.81200125190242,0.8682051301002502,0.09102269262075424
CelebA,37,0.5,0.1,1.1400201320648193,28.45754016020941,0.8251283168792725,0.12489879876375198
CelebA,38,0.5,0.1,0.7433164119720459,30.030119585940916,0.8474235534667969,0.122475765645504
CelebA,39,0.5,0.1,1.347259521484375,24.046940725444124,0.8025378584861755,0.16785040497779846
CelebA,40,0.5,0.1,1.2949738502502441,27.13741901481003,0.827717125415802,0.10990696400403976
CelebA,41,0.5,0.1,1.2884504795074463,29.341094780842873,0.8856047987937927,0.11509238183498383
CelebA,42,0.5,0.1,1.0785417556762695,27.551231941525156,0.8168058395385742,0.18436379730701447
CelebA,43,0.5,0.1,1.3939197063446045,27.685224147714642,0.8021071553230286,0.19908848404884338
CelebA,44,0.5,0.1,1.0073031187057495,28.089380230327205,0.8071282505989075,0.11629801988601685
CelebA,45,0.5,0.1,0.5612257719039917,29.736408701517956,0.8609256744384766,0.14611606299877167
CelebA,46,0.5,0.1,1.1334363222122192,29.391479079379778,0.8477334976196289,0.12388727068901062
CelebA,47,0.5,0.1,0.8275067210197449,29.58039777985853,0.78871750831604,0.19824860990047455
CelebA,48,0.5,0.1,1.4358835220336914,27.23352623576313,0.8441224098205566,0.1591765582561493
CelebA,49,0.5,0.1,1.1380988359451294,30.781078202582044,0.8226025700569153,0.09222789108753204
CelebA,50,0.5,0.1,1.0279314517974854,28.901885935130828,0.8264510631561279,0.13810238242149353
CelebA,51,0.5,0.1,1.1745398044586182,26.928892550105537,0.7852038741111755,0.1772775948047638
CelebA,52,0.5,0.1,1.1544935703277588,28.7032900502631,0.8536834716796875,0.13688313961029053
CelebA,53,0.5,0.1,1.2414166927337646,28.63047124691071,0.8904102444648743,0.09384690225124359
CelebA,54,0.5,0.1,1.3421928882598877,28.397644204577674,0.8519628047943115,0.10976161062717438
CelebA,55,0.5,0.1,1.3023735284805298,27.563886072027834,0.8158504962921143,0.1599423885345459
CelebA,56,0.5,0.1,1.2134156227111816,27.85900453935088,0.890644371509552,0.07689889520406723
CelebA,57,0.5,0.1,1.4336209297180176,25.755031210016224,0.837161123752594,0.16259823739528656
CelebA,58,0.5,0.1,1.3650342226028442,28.683663041786936,0.8137133121490479,0.14535751938819885
CelebA,59,0.5,0.1,1.2582032680511475,30.132229260684134,0.8694775700569153,0.1150440201163292
CelebA,60,0.5,0.1,0.9941924810409546,29.98034420915589,0.8015983700752258,0.09556028246879578
CelebA,61,0.5,0.1,1.550519347190857,25.760757727311496,0.7533819675445557,0.19424234330654144
CelebA,62,0.5,0.1,1.2114465236663818,26.874889126146254,0.8085779547691345,0.11280941963195801
CelebA,63,0.5,0.1,1.3398041725158691,25.202248589102922,0.7787856459617615,0.21089038252830505
CelebA,64,0.5,0.1,1.335504174232483,27.002715391045005,0.8569235801696777,0.18289048969745636
CelebA,65,0.5,0.1,1.3330354690551758,28.541521644446938,0.9179306030273438,0.07443811744451523
CelebA,66,0.5,0.1,1.2745791673660278,29.6753760901229,0.8785440325737,0.08907853811979294
CelebA,67,0.5,0.1,0.3087497055530548,29.518605165796373,0.802415668964386,0.2069210410118103
CelebA,68,0.5,0.1,0.9855724573135376,28.325026471336944,0.8513711094856262,0.10294682532548904
CelebA,69,0.5,0.1,0.7230234742164612,31.456389648368198,0.883563220500946,0.08094337582588196
CelebA,70,0.5,0.1,0.8566341996192932,30.29938456860063,0.8537666201591492,0.10285957157611847
CelebA,71,0.5,0.1,1.2779357433319092,28.13151645817247,0.8966768383979797,0.07404549419879913
CelebA,72,0.5,0.1,1.319632649421692,27.65145842146699,0.8316812515258789,0.08297276496887207
CelebA,73,0.5,0.1,1.18538236618042,30.209312740249285,0.9073247313499451,0.07537320256233215
CelebA,74,0.5,0.1,1.4266642332077026,26.8100869157019,0.8728860020637512,0.12249268591403961
CelebA,75,0.5,0.1,1.205085277557373,32.55902708682498,0.9148766994476318,0.06768208742141724
CelebA,76,0.5,0.1,1.1924139261245728,27.596631259358098,0.8059137463569641,0.1652870774269104
CelebA,77,0.5,0.1,1.0787405967712402,29.081913060079415,0.824204683303833,0.14909203350543976
CelebA,78,0.5,0.1,1.4138556718826294,25.66978003549201,0.8515989184379578,0.15439864993095398
CelebA,79,0.5,0.1,1.24135422706604,29.72782592782749,0.8528409004211426,0.11680004000663757
CelebA,80,0.5,0.1,0.9595912098884583,27.10660345182025,0.7821803092956543,0.18914952874183655
CelebA,81,0.5,0.1,1.2622718811035156,29.70132925594222,0.8451526761054993,0.11160688102245331
CelebA,82,0.5,0.1,1.1634979248046875,28.679987096101506,0.8460073471069336,0.21011707186698914
CelebA,83,0.5,0.1,1.1963565349578857,29.214723990695415,0.8720340728759766,0.09616650640964508
CelebA,84,0.5,0.1,1.5140628814697266,26.610264801421057,0.8377208709716797,0.07911407202482224
CelebA,85,0.5,0.1,1.392138123512268,26.624917342779906,0.8170192241668701,0.14229439198970795
CelebA,86,0.5,0.1,1.4036738872528076,26.1207715819487,0.8574231266975403,0.08444429934024811
CelebA,87,0.5,0.1,1.4506796598434448,27.67990461720368,0.852698802947998,0.10264579206705093
CelebA,88,0.5,0.1,0.952059268951416,29.7319483526981,0.8585078120231628,0.1199013888835907
CelebA,89,0.5,0.1,1.1800910234451294,26.69457581965022,0.814918041229248,0.15690410137176514
CelebA,90,0.5,0.1,1.4686895608901978,28.948248046442053,0.8648748397827148,0.06782948970794678
CelebA,91,0.5,0.1,0.9622418284416199,29.94425430032402,0.8340752720832825,0.14598602056503296
CelebA,92,0.5,0.1,1.479921817779541,26.866120064961343,0.817314624786377,0.09172485768795013
CelebA,93,0.5,0.1,1.4409615993499756,26.424183829767117,0.8161700367927551,0.13744184374809265
CelebA,94,0.5,0.1,1.3859412670135498,25.11038616495513,0.8566243648529053,0.09985190629959106
CelebA,95,0.5,0.1,1.1368699073791504,30.720108056574674,0.8887598514556885,0.09024042636156082
CelebA,96,0.5,0.1,1.216499924659729,26.478074339348375,0.7918052077293396,0.2636457681655884
CelebA,97,0.5,0.1,1.140100121498108,28.40973235123423,0.8478428721427917,0.11129704862833023
CelebA,98,0.5,0.1,1.3565843105316162,23.66867697602755,0.7726902961730957,0.2328413426876068
CelebA,99,0.5,0.1,1.3798942565917969,27.40941433807769,0.8394062519073486,0.0828355997800827
CelebA,100,0.5,0.1,0.8121427893638611,28.717691829803577,0.8228413462638855,0.14897912740707397
CelebA,101,0.5,0.1,1.2484080791473389,28.851068742855425,0.8370218873023987,0.1555463820695877
CelebA,102,0.5,0.1,1.2409675121307373,26.96001194909098,0.8792216181755066,0.13556507229804993
CelebA,103,0.5,0.1,0.7824159264564514,28.08242468138571,0.8068513870239258,0.1415213793516159
CelebA,104,0.5,0.1,1.2889995574951172,26.572473456675844,0.8476141095161438,0.1458546370267868
CelebA,105,0.5,0.1,0.40621837973594666,33.389604217378015,0.8935961723327637,0.09669466316699982
CelebA,106,0.5,0.1,0.8914027214050293,28.021214969172206,0.8366114497184753,0.17159433662891388
CelebA,107,0.5,0.1,1.1609160900115967,27.210277678094954,0.8502635955810547,0.12985751032829285
CelebA,108,0.5,0.1,1.411657691001892,27.504790964625897,0.851146399974823,0.15002883970737457
CelebA,109,0.5,0.1,0.6791776418685913,30.415427835790304,0.8425116539001465,0.17856457829475403
CelebA,110,0.5,0.1,1.147121787071228,29.59143016342974,0.8701937794685364,0.12276367098093033
CelebA,111,0.5,0.1,0.7916736602783203,28.794776898800073,0.8210086822509766,0.25685134530067444
CelebA,112,0.5,0.1,1.4116473197937012,25.908009672905607,0.8229787945747375,0.1331007182598114
CelebA,113,0.5,0.1,1.1089943647384644,27.459134256195142,0.8247160911560059,0.16317814588546753
CelebA,114,0.5,0.1,1.138602614402771,28.413598692607373,0.8296094536781311,0.15941421687602997
CelebA,115,0.5,0.1,1.1866016387939453,28.343753661678672,0.8035554885864258,0.12186494469642639
CelebA,116,0.5,0.1,1.3962732553482056,28.447919852305148,0.8770892024040222,0.06418277323246002
CelebA,117,0.5,0.1,0.2777692377567291,30.589906731143536,0.837655246257782,0.1713518500328064
CelebA,118,0.5,0.1,1.5981885194778442,24.669482571706922,0.8177353739738464,0.18105654418468475
CelebA,119,0.5,0.1,0.8054487705230713,26.89774259332168,0.7880323529243469,0.1508648693561554
CelebA,120,0.5,0.1,1.1825666427612305,27.624968736963524,0.8539157509803772,0.13824030756950378
CelebA,121,0.5,0.1,1.1524449586868286,25.92058048234199,0.791364848613739,0.22140885889530182
CelebA,122,0.5,0.1,0.8685693740844727,32.71920549836739,0.9239198565483093,0.06418471783399582
CelebA,123,0.5,0.1,1.4886775016784668,28.710411145539215,0.8606429100036621,0.09139889478683472
CelebA,124,0.5,0.1,1.4922288656234741,25.750201087453725,0.8632492423057556,0.09449547529220581
CelebA,125,0.5,0.1,1.1805623769760132,27.561121154173055,0.8489949703216553,0.1072128415107727
CelebA,126,0.5,0.1,1.493410348892212,28.228931933896693,0.8465921878814697,0.11646886169910431
CelebA,127,0.5,0.1,1.0398738384246826,28.420150286220895,0.8738305568695068,0.10881954431533813
CelebA,128,0.5,0.1,1.4154086112976074,26.77311454120803,0.8648521304130554,0.10706596821546555
CelebA,129,0.5,0.1,0.9431467056274414,30.58039172254073,0.8936359286308289,0.11615142971277237
CelebA,130,0.5,0.1,1.2128686904907227,27.444204116921675,0.8198994994163513,0.1350352019071579
CelebA,131,0.5,0.1,1.2262773513793945,29.157477724553715,0.8300022482872009,0.2396746724843979
CelebA,132,0.5,0.1,0.9619118571281433,29.11807944555622,0.8960115909576416,0.05973513051867485
CelebA,133,0.5,0.1,1.3305144309997559,26.760008604573322,0.7927899360656738,0.15559285879135132
CelebA,134,0.5,0.1,1.0142215490341187,29.9053590343193,0.8895497918128967,0.09459742903709412
CelebA,135,0.5,0.1,1.3601999282836914,26.671762286592198,0.8379643559455872,0.10040360689163208
CelebA,136,0.5,0.1,1.0850207805633545,28.306976050409162,0.7409327626228333,0.22522486746311188
CelebA,137,0.5,0.1,0.9618217945098877,27.772507054546317,0.8368632197380066,0.20227792859077454
CelebA,138,0.5,0.1,1.0712275505065918,27.825484168054103,0.8360337615013123,0.16244447231292725
CelebA,139,0.5,0.1,0.9624194502830505,30.7049869567477,0.798675000667572,0.1718299239873886
CelebA,140,0.5,0.1,1.0877654552459717,29.138155932185754,0.8578460812568665,0.16596025228500366
CelebA,141,0.5,0.1,0.8602290749549866,31.067018924294175,0.9137956500053406,0.07512165606021881
CelebA,142,0.5,0.1,1.185033917427063,28.57599067798099,0.8558374047279358,0.1277976632118225
CelebA,143,0.5,0.1,1.1212455034255981,30.354300896676044,0.8718741536140442,0.1122770830988884
CelebA,144,0.5,0.1,1.0813796520233154,28.27809366515914,0.845667839050293,0.12452670931816101
CelebA,145,0.5,0.1,1.5717601776123047,27.205750943718932,0.7775099277496338,0.22902680933475494
CelebA,146,0.5,0.1,1.3111003637313843,26.79684443466941,0.8260275721549988,0.15756626427173615
CelebA,147,0.5,0.1,1.2484499216079712,29.272365479424273,0.8670335412025452,0.09591756016016006
CelebA,148,0.5,0.1,1.0088982582092285,31.80412925673439,0.889186680316925,0.11301703751087189
CelebA,149,0.5,0.1,1.3959838151931763,27.986443420554927,0.8698827624320984,0.06643712520599365
CelebA,150,0.5,0.1,1.1500515937805176,29.341156902506263,0.8925026059150696,0.1269288957118988
CelebA,151,0.5,0.1,1.473927617073059,29.005312788370826,0.8756179809570312,0.09738368541002274
CelebA,152,0.5,0.1,1.5253677368164062,26.249978898190914,0.8020675778388977,0.11143548786640167
CelebA,153,0.5,0.1,1.29385244846344,28.730377077576243,0.8714523315429688,0.09765640646219254
CelebA,154,0.5,0.1,1.0169874429702759,28.906225481778772,0.8527894020080566,0.11788702011108398
CelebA,155,0.5,0.1,0.8889015316963196,31.278286801423235,0.8845807909965515,0.05597749724984169
CelebA,156,0.5,0.1,0.9533020257949829,25.073758734657495,0.683638870716095,0.31726086139678955
CelebA,157,0.5,0.1,0.967481791973114,29.78987611002338,0.8575819134712219,0.17829529941082
CelebA,158,0.5,0.1,1.3383136987686157,29.80468875345974,0.8706948757171631,0.10229643434286118
CelebA,159,0.5,0.1,1.4893444776535034,25.848463498851896,0.8258673548698425,0.17000482976436615
CelebA,160,0.5,0.1,0.8458396196365356,30.222553395834318,0.8684682250022888,0.1722160279750824
CelebA,161,0.5,0.1,1.3034542798995972,26.74312184952043,0.8200991749763489,0.10378643870353699
CelebA,162,0.5,0.1,0.35789307951927185,31.10146699385501,0.8486061096191406,0.13312973082065582
CelebA,163,0.5,0.1,1.2111037969589233,24.389390083136163,0.7861952781677246,0.1690857857465744
CelebA,164,0.5,0.1,1.154627799987793,28.944731849558195,0.8218931555747986,0.11858922243118286
CelebA,165,0.5,0.1,1.3726201057434082,27.20416641261826,0.8638288378715515,0.0974215641617775
CelebA,166,0.5,0.1,1.4800273180007935,24.65579454975981,0.8437591195106506,0.12069019675254822
CelebA,167,0.5,0.1,1.0797383785247803,29.194878831693067,0.8547833561897278,0.07690417766571045
CelebA,168,0.5,0.1,1.307140588760376,26.612393667588123,0.8299539685249329,0.13649681210517883
CelebA,169,0.5,0.1,1.0833873748779297,30.1616585901477,0.9039508700370789,0.08580587804317474
CelebA,170,0.5,0.1,0.9932069182395935,28.718626346536304,0.842207133769989,0.18958821892738342
CelebA,171,0.5,0.1,1.0720196962356567,29.4516229127371,0.8417593836784363,0.14990569651126862
CelebA,172,0.5,0.1,1.2435203790664673,30.77841127939362,0.8769299983978271,0.06040233001112938
CelebA,173,0.5,0.1,1.3148986101150513,29.376861880673154,0.8154777884483337,0.09243224561214447
CelebA,174,0.5,0.1,1.4025912284851074,26.821711437195248,0.8359596133232117,0.13912761211395264
CelebA,175,0.5,0.1,1.1098772287368774,27.68528289462038,0.8244252800941467,0.12999746203422546
CelebA,176,0.5,0.1,1.4145058393478394,24.942960118621798,0.7827737927436829,0.1505437195301056
CelebA,177,0.5,0.1,1.4125174283981323,28.4811072153647,0.8514518737792969,0.13792555034160614
CelebA,178,0.5,0.1,1.4230680465698242,27.044532472948504,0.8563743233680725,0.09280484914779663
CelebA,179,0.5,0.1,1.2054622173309326,27.869757722918482,0.8535969853401184,0.10663461685180664
CelebA,180,0.5,0.1,1.409034013748169,27.70387074179485,0.8269665837287903,0.14218178391456604
CelebA,181,0.5,0.1,0.742422342300415,29.969406137906773,0.8149668574333191,0.1442175656557083
CelebA,182,0.5,0.1,0.9415814280509949,27.458506224819445,0.8228183388710022,0.15371182560920715
CelebA,183,0.5,0.1,0.5293300151824951,28.851333021246674,0.834259033203125,0.2035699188709259
CelebA,184,0.5,0.1,1.3267709016799927,27.186116259274083,0.8703472018241882,0.08874818682670593
CelebA,185,0.5,0.1,0.12695668637752533,29.052419538651904,0.7733119130134583,0.19685129821300507
CelebA,186,0.5,0.1,1.3281253576278687,29.749144382347517,0.8708077073097229,0.1248941570520401
CelebA,187,0.5,0.1,1.0610326528549194,31.04748626988946,0.9028604626655579,0.09158213436603546
CelebA,188,0.5,0.1,1.22222101688385,30.678697681752418,0.903938353061676,0.0701102763414383
CelebA,189,0.5,0.1,1.2424570322036743,27.818101609063007,0.8199074864387512,0.13960304856300354
CelebA,190,0.5,0.1,0.9138818383216858,30.60437460686758,0.8112938404083252,0.10992693901062012
CelebA,191,0.5,0.1,1.390575647354126,27.433805791891203,0.852103054523468,0.09233067184686661
CelebA,192,0.5,0.1,0.8747892379760742,29.751094697374747,0.8425178527832031,0.1788414865732193
CelebA,193,0.5,0.1,1.3404361009597778,25.918506259770993,0.8148412108421326,0.20154376327991486
CelebA,194,0.5,0.1,1.1460328102111816,28.379325926086626,0.8607036471366882,0.1608165055513382
CelebA,195,0.5,0.1,1.2053585052490234,28.456744859156657,0.8034160137176514,0.18512123823165894
CelebA,196,0.5,0.1,1.0961437225341797,24.77415078533471,0.8103672862052917,0.27453097701072693
CelebA,197,0.5,0.1,0.922685444355011,29.633185899565873,0.8141008019447327,0.1315460503101349
CelebA,198,0.5,0.1,1.2875699996948242,27.598727191176135,0.8340535759925842,0.11718156188726425
CelebA,199,0.5,0.1,1.233180046081543,27.988679596263502,0.8210067749023438,0.10236021876335144
CelebA,200,0.5,0.1,0.8033791184425354,29.587172729395835,0.8638017177581787,0.11815666407346725
CelebA,201,0.5,0.1,1.3033981323242188,26.633587142754124,0.8363015651702881,0.11281441897153854
CelebA,202,0.5,0.1,1.5389220714569092,26.735253002322246,0.7995901107788086,0.1719151735305786
CelebA,203,0.5,0.1,1.1749907732009888,28.964731625846774,0.9013052582740784,0.06652291119098663
CelebA,204,0.5,0.1,1.1388459205627441,30.081910301326204,0.7516236305236816,0.06650017201900482
CelebA,205,0.5,0.1,1.1373538970947266,26.44144862046118,0.7598441243171692,0.3009282946586609
CelebA,206,0.5,0.1,1.3150475025177002,29.020289983366922,0.8363279700279236,0.1553439199924469
CelebA,207,0.5,0.1,1.20830500125885,27.638064683071274,0.8630394339561462,0.13758030533790588
CelebA,208,0.5,0.1,1.1800336837768555,28.78334903839868,0.8451071381568909,0.1857142597436905
CelebA,209,0.5,0.1,1.0314512252807617,30.499475450875316,0.8857002258300781,0.07606080174446106
CelebA,210,0.5,0.1,1.2881923913955688,30.90184088558847,0.879544734954834,0.0947592481970787
CelebA,211,0.5,0.1,1.395554542541504,27.746655635617707,0.8767850995063782,0.056710660457611084
CelebA,212,0.5,0.1,0.4299909174442291,30.29667274376905,0.828183650970459,0.15784688293933868
CelebA,213,0.5,0.1,1.4813497066497803,28.242140494640132,0.8236439824104309,0.1277277171611786
CelebA,214,0.5,0.1,1.259299635887146,27.8218237748197,0.8222456574440002,0.10192596912384033
CelebA,215,0.5,0.1,1.4512319564819336,28.57830570721166,0.7750056385993958,0.1274832934141159
CelebA,216,0.5,0.1,0.9445551037788391,30.242305537625423,0.8851006627082825,0.06991332024335861
CelebA,217,0.5,0.1,1.7007278203964233,24.904274894502723,0.8357200026512146,0.08990592509508133
CelebA,218,0.5,0.1,1.1794086694717407,26.904924436057506,0.7829575538635254,0.17104214429855347
CelebA,219,0.5,0.1,1.2409532070159912,27.73500496964222,0.8374852538108826,0.1882704198360443
CelebA,220,0.5,0.1,1.3011302947998047,29.646031159604476,0.9062305092811584,0.08085969090461731
CelebA,221,0.5,0.1,1.3291376829147339,27.52586786909415,0.8393374085426331,0.10096144676208496
CelebA,222,0.5,0.1,1.4689304828643799,26.622978871160594,0.8412436842918396,0.06097927689552307
CelebA,223,0.5,0.1,1.1922580003738403,28.452104963431655,0.853022575378418,0.08928999304771423
CelebA,224,0.5,0.1,1.1241647005081177,29.313053712743056,0.8464309573173523,0.11820880323648453
CelebA,225,0.5,0.1,1.3351433277130127,28.011321113085504,0.8554327487945557,0.09333226084709167
CelebA,226,0.5,0.1,1.0139518976211548,27.836439656145053,0.8109197020530701,0.1506769359111786
CelebA,227,0.5,0.1,1.1198221445083618,26.530726960365865,0.7649009227752686,0.28978702425956726
CelebA,228,0.5,0.1,1.0351256132125854,27.31900380203974,0.8186278939247131,0.12075629085302353
CelebA,229,0.5,0.1,1.241056203842163,28.658907142422247,0.7882781624794006,0.123234823346138
CelebA,230,0.5,0.1,1.4125041961669922,26.09212752368525,0.8685688972473145,0.09817530959844589
CelebA,231,0.5,0.1,0.7488200664520264,30.540475842493585,0.9101832509040833,0.04787195846438408
CelebA,232,0.5,0.1,1.0619282722473145,28.83220841005822,0.854503333568573,0.1011846587061882
CelebA,233,0.5,0.1,0.33042436838150024,31.22027643750259,0.8797020316123962,0.11506784707307816
CelebA,234,0.5,0.1,0.7420976161956787,31.760997576235738,0.8708099722862244,0.17588138580322266
CelebA,235,0.5,0.1,1.5286577939987183,26.13777662782664,0.8523687720298767,0.07424125075340271
CelebA,236,0.5,0.1,1.081080675125122,27.711235205795038,0.8276553153991699,0.16509228944778442
CelebA,237,0.5,0.1,1.2451974153518677,31.57022259068704,0.8860504627227783,0.07333602756261826
CelebA,238,0.5,0.1,1.1239557266235352,28.112131341281597,0.8431407809257507,0.11608912795782089
CelebA,239,0.5,0.1,1.4688076972961426,25.831951656211928,0.7738885283470154,0.2519316077232361
CelebA,240,0.5,0.1,1.0644230842590332,27.630476542175366,0.8401408195495605,0.14832717180252075
CelebA,241,0.5,0.1,0.6222469806671143,28.24572943521312,0.83439701795578,0.114221952855587
CelebA,242,0.5,0.1,0.9155978560447693,28.50193220365022,0.7716711163520813,0.1460251659154892
CelebA,243,0.5,0.1,0.9778902530670166,28.751012364020614,0.8550184369087219,0.12331642210483551
CelebA,244,0.5,0.1,0.9352799654006958,30.245655265795634,0.8995122909545898,0.051718298345804214
CelebA,245,0.5,0.1,1.310476541519165,26.43349348757788,0.7546603679656982,0.1865880787372589
CelebA,246,0.5,0.1,1.1790964603424072,30.599365147344276,0.9107082486152649,0.06452150642871857
CelebA,247,0.5,0.1,1.2432194948196411,28.023327685021616,0.7710472941398621,0.1950976401567459
CelebA,248,0.5,0.1,1.2391419410705566,28.32344015612574,0.820462703704834,0.11641447246074677
CelebA,249,0.5,0.1,1.0036966800689697,28.533070307885133,0.801034152507782,0.14635466039180756
CelebA,0,1.0,0.01,1.756503701210022,25.9555232924139,0.747979462146759,0.18237653374671936
CelebA,1,1.0,0.01,1.3138238191604614,27.401459835714228,0.8413261771202087,0.08267852663993835
CelebA,2,1.0,0.01,1.4858815670013428,28.31093322012013,0.8112502694129944,0.13792754709720612
CelebA,3,1.0,0.01,1.3457564115524292,29.108401581570487,0.8816034197807312,0.12667019665241241
CelebA,4,1.0,0.01,1.5175180435180664,27.57240041067579,0.8175132870674133,0.13248123228549957
CelebA,5,1.0,0.01,1.5836145877838135,25.401657645646697,0.7979033589363098,0.20844751596450806
CelebA,6,1.0,0.01,1.426579236984253,28.77867516374217,0.7870878577232361,0.23040618002414703
CelebA,7,1.0,0.01,1.5730713605880737,26.80845388404463,0.7824395298957825,0.26468175649642944
CelebA,8,1.0,0.01,1.3301867246627808,28.40390007466485,0.7880978584289551,0.1648561656475067
CelebA,9,1.0,0.01,1.4946637153625488,24.75760965894445,0.8264606595039368,0.1467963010072708
CelebA,10,1.0,0.01,1.5217952728271484,27.78971152546837,0.8507954478263855,0.14744941890239716
CelebA,11,1.0,0.01,1.5266311168670654,27.703209880941365,0.8386722207069397,0.11917588114738464
CelebA,12,1.0,0.01,1.468957543373108,27.420826816321412,0.7835809588432312,0.2038118541240692
CelebA,13,1.0,0.01,1.467855453491211,28.332902343901676,0.8315348625183105,0.11522875726222992
CelebA,14,1.0,0.01,1.4290982484817505,29.79109740646701,0.8731738924980164,0.13289524614810944
CelebA,15,1.0,0.01,1.3096269369125366,29.310393169561294,0.8295144438743591,0.19962351024150848
CelebA,16,1.0,0.01,1.8043758869171143,25.526050015158823,0.7909849286079407,0.20306448638439178
CelebA,17,1.0,0.01,1.6007558107376099,28.77732701379523,0.832221269607544,0.1562303900718689
CelebA,18,1.0,0.01,1.577078104019165,29.309478364205,0.880236804485321,0.11931605637073517
CelebA,19,1.0,0.01,1.4695682525634766,28.93417103622266,0.8777313828468323,0.08361607044935226
CelebA,20,1.0,0.01,1.72648024559021,28.0672060875324,0.8943622708320618,0.06692750006914139
CelebA,21,1.0,0.01,1.6487083435058594,25.56933251171889,0.7843868136405945,0.10627550631761551
CelebA,22,1.0,0.01,1.496978521347046,27.464041659682536,0.8306306004524231,0.2036912441253662
CelebA,23,1.0,0.01,1.5100878477096558,29.452343972589677,0.8103240132331848,0.2448139488697052
CelebA,24,1.0,0.01,1.4028081893920898,27.806235074233136,0.793833315372467,0.1578751653432846
CelebA,25,1.0,0.01,1.6012241840362549,29.4816627705219,0.8639297485351562,0.12006555497646332
CelebA,26,1.0,0.01,1.6099282503128052,27.179849770410904,0.8397550582885742,0.105274498462677
CelebA,27,1.0,0.01,1.415619969367981,27.371175067888558,0.7878552079200745,0.17291025817394257
CelebA,28,1.0,0.01,1.3707280158996582,25.583005334781582,0.7986766695976257,0.22802656888961792
CelebA,29,1.0,0.01,1.7412500381469727,26.654475005083427,0.8480028510093689,0.1548410952091217
CelebA,30,1.0,0.01,1.2456259727478027,28.006802910258717,0.8139491081237793,0.17055059969425201
CelebA,31,1.0,0.01,1.514416217803955,25.37717296379324,0.742722749710083,0.18957528471946716
CelebA,32,1.0,0.01,1.848504900932312,23.12854346704336,0.7447349429130554,0.13521359860897064
CelebA,33,1.0,0.01,1.5580297708511353,25.330619201338003,0.7605509757995605,0.2609691619873047
CelebA,34,1.0,0.01,1.5020956993103027,24.578194443489405,0.7847117781639099,0.1861194372177124
CelebA,35,1.0,0.01,1.4196302890777588,30.39230696524809,0.8908872008323669,0.09327404201030731
CelebA,36,1.0,0.01,1.5276720523834229,29.17398470008007,0.8541738986968994,0.1037527471780777
CelebA,37,1.0,0.01,1.44151771068573,27.373782411688335,0.7963085174560547,0.1416357457637787
CelebA,38,1.0,0.01,1.2766509056091309,28.910187772711502,0.8155505657196045,0.14174191653728485
CelebA,39,1.0,0.01,1.5959664583206177,23.49695277686748,0.7754761576652527,0.1878185272216797
CelebA,40,1.0,0.01,1.6002835035324097,26.447692744967945,0.8054476380348206,0.122931569814682
CelebA,41,1.0,0.01,1.5898232460021973,28.67122984818075,0.8691381812095642,0.14845260977745056
CelebA,42,1.0,0.01,1.4015480279922485,26.94231744738282,0.789177417755127,0.22206641733646393
CelebA,43,1.0,0.01,1.7056111097335815,27.44108713721669,0.7890203595161438,0.20957264304161072
CelebA,44,1.0,0.01,1.3948222398757935,26.665254422493497,0.7631242275238037,0.1438763588666916
CelebA,45,1.0,0.01,1.2384470701217651,28.4845686229089,0.8202369213104248,0.20433244109153748
CelebA,46,1.0,0.01,1.5273951292037964,28.75702532724647,0.8257148265838623,0.13841214776039124
CelebA,47,1.0,0.01,1.4087486267089844,28.56011606394322,0.7600929737091064,0.23136475682258606
CelebA,48,1.0,0.01,1.6862443685531616,26.73035553879211,0.8252575993537903,0.17245687544345856
CelebA,49,1.0,0.01,1.5245673656463623,30.26445889943782,0.8091812133789062,0.09742335230112076
CelebA,50,1.0,0.01,1.4447381496429443,27.855196080764493,0.7918944358825684,0.1650381088256836
CelebA,51,1.0,0.01,1.481162428855896,26.076489565570288,0.748935878276825,0.19437728822231293
CelebA,52,1.0,0.01,1.4980961084365845,27.776779666382573,0.8290446400642395,0.15479150414466858
CelebA,53,1.0,0.01,1.5335450172424316,27.684952972803778,0.8630232214927673,0.12139042466878891
CelebA,54,1.0,0.01,1.6908373832702637,27.742041277912172,0.8339173197746277,0.12525558471679688
CelebA,55,1.0,0.01,1.5896073579788208,27.0022438110663,0.8013367056846619,0.16915225982666016
CelebA,56,1.0,0.01,1.5256294012069702,27.412294669318634,0.8773467540740967,0.07919785380363464
CelebA,57,1.0,0.01,1.6669485569000244,25.218046571285274,0.8106966614723206,0.19228386878967285
CelebA,58,1.0,0.01,1.681172251701355,28.05757875485659,0.794212281703949,0.1686370074748993
CelebA,59,1.0,0.01,1.5961034297943115,29.403718780380576,0.8547587990760803,0.14644783735275269
CelebA,60,1.0,0.01,1.4255516529083252,28.432747476509054,0.7600190043449402,0.1283629983663559
CelebA,61,1.0,0.01,1.8093328475952148,25.02827008459963,0.7207309603691101,0.22880694270133972
CelebA,62,1.0,0.01,1.5204555988311768,26.17540834555021,0.7795186638832092,0.13658055663108826
CelebA,63,1.0,0.01,1.6507948637008667,24.43044304424609,0.7483112215995789,0.2563841640949249
CelebA,64,1.0,0.01,1.6310986280441284,26.045746061184868,0.8272950649261475,0.23296049237251282
CelebA,65,1.0,0.01,1.6505192518234253,28.060901201407052,0.9057026505470276,0.08920156955718994
CelebA,66,1.0,0.01,1.594279408454895,28.947909948950343,0.8645069003105164,0.10187647491693497
CelebA,67,1.0,0.01,1.209974765777588,28.710869142055074,0.7712481617927551,0.2312162220478058
CelebA,68,1.0,0.01,1.3621784448623657,27.29067930347613,0.8092000484466553,0.15970478951931
CelebA,69,1.0,0.01,1.3612834215164185,30.056869167377357,0.8582155108451843,0.09148035943508148
CelebA,70,1.0,0.01,1.3577518463134766,29.212803251215227,0.8190497756004333,0.13770338892936707
CelebA,71,1.0,0.01,1.5153716802597046,27.266376437118844,0.8833029866218567,0.08691494166851044
CelebA,72,1.0,0.01,1.5698695182800293,26.88164017792132,0.808433473110199,0.10499211400747299
CelebA,73,1.0,0.01,1.562427282333374,29.57804454874399,0.8966382145881653,0.08869685232639313
CelebA,74,1.0,0.01,1.6582934856414795,26.49051712430598,0.8603240847587585,0.14188051223754883
CelebA,75,1.0,0.01,1.5745619535446167,31.704500469151,0.9031252861022949,0.0791470929980278
CelebA,76,1.0,0.01,1.481614589691162,26.754435126184152,0.7772331237792969,0.18560977280139923
CelebA,77,1.0,0.01,1.4218037128448486,27.838642004109097,0.7819268703460693,0.1921670287847519
CelebA,78,1.0,0.01,1.6647796630859375,24.834479911224232,0.8259425759315491,0.19061076641082764
CelebA,79,1.0,0.01,1.5366275310516357,29.147668968920335,0.8331833481788635,0.1441911906003952
CelebA,80,1.0,0.01,1.3185023069381714,25.820803545510262,0.7162955403327942,0.23410537838935852
CelebA,81,1.0,0.01,1.5980299711227417,28.93540139979323,0.8172974586486816,0.13679330050945282
CelebA,82,1.0,0.01,1.5210187435150146,28.010771670581427,0.8258204460144043,0.2432384192943573
CelebA,83,1.0,0.01,1.5232471227645874,28.397971433050053,0.851863443851471,0.10937955975532532
CelebA,84,1.0,0.01,1.7417101860046387,26.495598901331157,0.8284720778465271,0.0812954306602478
CelebA,85,1.0,0.01,1.5885932445526123,25.99878287645053,0.7928779125213623,0.1600441038608551
CelebA,86,1.0,0.01,1.6450964212417603,25.948830462193207,0.8475282192230225,0.08988629281520844
CelebA,87,1.0,0.01,1.7265082597732544,27.125904870625597,0.8372661471366882,0.11731386184692383
CelebA,88,1.0,0.01,1.379696249961853,28.648664122017014,0.818401575088501,0.16937144100666046
CelebA,89,1.0,0.01,1.4589709043502808,25.86391345189662,0.7867717742919922,0.17792753875255585
CelebA,90,1.0,0.01,1.725592017173767,28.32737486894215,0.8486928939819336,0.07969461381435394
CelebA,91,1.0,0.01,1.4311085939407349,29.190179537284465,0.8075349926948547,0.16363853216171265
CelebA,92,1.0,0.01,1.7271366119384766,26.897358001098244,0.808862030506134,0.09389384090900421
CelebA,93,1.0,0.01,1.6885226964950562,25.789141727086758,0.7897544503211975,0.16022226214408875
CelebA,94,1.0,0.01,1.6012084484100342,24.05583302441898,0.827420711517334,0.18275955319404602
CelebA,95,1.0,0.01,1.4899920225143433,29.85071926222669,0.8718114495277405,0.10510165244340897
CelebA,96,1.0,0.01,1.5216635465621948,25.82567961926202,0.7664856314659119,0.29888489842414856
CelebA,97,1.0,0.01,1.4541404247283936,27.455312274557272,0.808051586151123,0.14992493391036987
CelebA,98,1.0,0.01,1.6002750396728516,23.09718984793099,0.7389562726020813,0.2705041170120239
CelebA,99,1.0,0.01,1.6597681045532227,26.773612394228557,0.8121166825294495,0.10700596868991852
CelebA,100,1.0,0.01,1.304275631904602,27.437935676508612,0.7791609168052673,0.19742603600025177
CelebA,101,1.0,0.01,1.580663800239563,28.34251118129241,0.8207312226295471,0.1609465628862381
CelebA,102,1.0,0.01,1.5206209421157837,25.979850695938985,0.8515772819519043,0.16288679838180542
CelebA,103,1.0,0.01,1.2452195882797241,26.77177951862224,0.7501277923583984,0.21874688565731049
CelebA,104,1.0,0.01,1.528836965560913,25.699161159826183,0.810676097869873,0.2088550627231598
CelebA,105,1.0,0.01,1.4024546146392822,31.854353159777894,0.8749125003814697,0.1217978447675705
CelebA,106,1.0,0.01,1.3393698930740356,27.05891350479204,0.8070929646492004,0.19501058757305145
CelebA,107,1.0,0.01,1.4657741785049438,26.223738479705474,0.8133594393730164,0.1662968397140503
CelebA,108,1.0,0.01,1.649959921836853,26.668080342133955,0.8269898295402527,0.17421725392341614
CelebA,109,1.0,0.01,1.2803081274032593,28.68561966402161,0.8012943863868713,0.2554588317871094
CelebA,110,1.0,0.01,1.5095518827438354,28.792074069303627,0.8549252152442932,0.13164477050304413
CelebA,111,1.0,0.01,1.320960283279419,27.724878430921965,0.7896456122398376,0.3147099018096924
CelebA,112,1.0,0.01,1.6062734127044678,25.49242798760809,0.80535888671875,0.1390533596277237
CelebA,113,1.0,0.01,1.445948600769043,26.511566516514428,0.7928007245063782,0.22252018749713898
CelebA,114,1.0,0.01,1.4739935398101807,27.191291935187323,0.7813417911529541,0.24941343069076538
CelebA,115,1.0,0.01,1.5056915283203125,27.325769180043412,0.7750013470649719,0.15189480781555176
CelebA,116,1.0,0.01,1.6455097198486328,28.172262530811246,0.8705283999443054,0.07723288983106613
CelebA,117,1.0,0.01,1.13954496383667,29.372047791386926,0.801495373249054,0.2185443937778473
CelebA,118,1.0,0.01,1.7487945556640625,24.443922869789546,0.7988412976264954,0.2062077671289444
CelebA,119,1.0,0.01,1.2450894117355347,25.44399186979133,0.7249552607536316,0.20999866724014282
CelebA,120,1.0,0.01,1.5272802114486694,26.800600440575046,0.8246542811393738,0.17055054008960724
CelebA,121,1.0,0.01,1.4506069421768188,24.984151301193577,0.7528390288352966,0.2652024030685425
CelebA,122,1.0,0.01,1.4498016834259033,31.944494330921643,0.9136252403259277,0.07226777076721191
CelebA,123,1.0,0.01,1.7337781190872192,28.520309344527668,0.8506417274475098,0.10031461715698242
CelebA,124,1.0,0.01,1.7350353002548218,25.652589725202834,0.8524666428565979,0.1246442049741745
CelebA,125,1.0,0.01,1.4800918102264404,26.64676080040568,0.8240206241607666,0.12696027755737305
CelebA,126,1.0,0.01,1.7420185804367065,27.399518072619955,0.8248048424720764,0.15376150608062744
CelebA,127,1.0,0.01,1.3956443071365356,27.287064390684733,0.8433464169502258,0.14857414364814758
CelebA,128,1.0,0.01,1.6022192239761353,26.329966041148122,0.8471820950508118,0.1174934059381485
CelebA,129,1.0,0.01,1.404707670211792,29.406056566865715,0.8743732571601868,0.14427851140499115
CelebA,130,1.0,0.01,1.4740796089172363,26.60126087595497,0.7914982438087463,0.16225004196166992
CelebA,131,1.0,0.01,1.5327428579330444,28.19554026737601,0.8017938733100891,0.2837322950363159
CelebA,132,1.0,0.01,1.3679229021072388,27.9446269158777,0.8521134257316589,0.10674405097961426
CelebA,133,1.0,0.01,1.5977965593338013,26.36785861709358,0.7706734538078308,0.16986438632011414
CelebA,134,1.0,0.01,1.4023326635360718,28.948422661087406,0.8700887560844421,0.12235778570175171
CelebA,135,1.0,0.01,1.5888036489486694,25.946918868101577,0.8126845359802246,0.11065377295017242
CelebA,136,1.0,0.01,1.4744375944137573,27.655224568363657,0.7102368474006653,0.24325211346149445
CelebA,137,1.0,0.01,1.4031016826629639,26.638542634181945,0.7970361709594727,0.26220542192459106
CelebA,138,1.0,0.01,1.4011467695236206,26.303236763812276,0.7809076309204102,0.21857893466949463
CelebA,139,1.0,0.01,1.4477401971817017,29.8179887047835,0.7790231108665466,0.19637826085090637
CelebA,140,1.0,0.01,1.481177806854248,28.47134501370647,0.8395571112632751,0.18668971955776215
CelebA,141,1.0,0.01,1.3679335117340088,29.952026826976613,0.8930798172950745,0.0858951210975647
CelebA,142,1.0,0.01,1.5166985988616943,27.353065481577122,0.8314032554626465,0.13917917013168335
CelebA,143,1.0,0.01,1.523936152458191,29.61722388469834,0.855235755443573,0.12472955137491226
CelebA,144,1.0,0.01,1.4600777626037598,27.182326476872873,0.8082056045532227,0.14791959524154663
CelebA,145,1.0,0.01,1.784117341041565,26.81956790506058,0.7626127600669861,0.23653008043766022
CelebA,146,1.0,0.01,1.590479850769043,25.849351495443,0.7790053486824036,0.21431203186511993
CelebA,147,1.0,0.01,1.5864092111587524,28.851432372348835,0.8532680869102478,0.10998561233282089
CelebA,148,1.0,0.01,1.4983420372009277,30.995928079805193,0.8742828369140625,0.12794229388237
CelebA,149,1.0,0.01,1.6412343978881836,27.305729143169874,0.8465828895568848,0.08451708406209946
CelebA,150,1.0,0.01,1.507485032081604,28.437901254246075,0.878336489200592,0.1650792956352234
CelebA,151,1.0,0.01,1.6789716482162476,29.302705916743925,0.8720674514770508,0.09894032776355743
CelebA,152,1.0,0.01,1.7257896661758423,25.942337809166073,0.7716116905212402,0.13036172091960907
CelebA,153,1.0,0.01,1.5919638872146606,27.8243762289397,0.8533082008361816,0.11521345376968384
CelebA,154,1.0,0.01,1.3742091655731201,27.57772989104903,0.8071162104606628,0.17216509580612183
CelebA,155,1.0,0.01,1.3828736543655396,30.057875341543124,0.8483946919441223,0.08921114355325699
CelebA,156,1.0,0.01,1.3384100198745728,24.4081500525439,0.6375288367271423,0.35951298475265503
CelebA,157,1.0,0.01,1.4005138874053955,28.67034381477986,0.8310437202453613,0.2103712409734726
CelebA,158,1.0,0.01,1.6261696815490723,29.455745887715743,0.8607543110847473,0.1068553775548935
CelebA,159,1.0,0.01,1.6982076168060303,25.48297983907122,0.8032064437866211,0.19304555654525757
CelebA,160,1.0,0.01,1.3398780822753906,29.21340642294076,0.8477680683135986,0.19647565484046936
CelebA,161,1.0,0.01,1.5719808340072632,25.725569125301387,0.7762879729270935,0.1419704556465149
CelebA,162,1.0,0.01,1.2183160781860352,29.721383838653455,0.8135414123535156,0.16930152475833893
CelebA,163,1.0,0.01,1.478708267211914,24.479339538153837,0.7656694054603577,0.19254377484321594
CelebA,164,1.0,0.01,1.47720205783844,28.172503836290574,0.794933021068573,0.1361861526966095
CelebA,165,1.0,0.01,1.5950134992599487,26.514570135234376,0.8459892868995667,0.10793601721525192
CelebA,166,1.0,0.01,1.7165712118148804,24.23558743302673,0.8264668583869934,0.12981919944286346
CelebA,167,1.0,0.01,1.4550964832305908,28.3713571513919,0.8375405669212341,0.10067331790924072
CelebA,168,1.0,0.01,1.5948960781097412,25.719532151549885,0.8068482875823975,0.16318009793758392
CelebA,169,1.0,0.01,1.4652379751205444,29.311583869652942,0.8901717662811279,0.09867192059755325
CelebA,170,1.0,0.01,1.3596664667129517,27.705834848800997,0.8109306693077087,0.23227360844612122
CelebA,171,1.0,0.01,1.4449145793914795,28.35637915799685,0.8104252815246582,0.1740787774324417
CelebA,172,1.0,0.01,1.5890893936157227,29.929157712507557,0.8546827435493469,0.07824963331222534
CelebA,173,1.0,0.01,1.5962144136428833,28.821964414921005,0.8004974722862244,0.0985935628414154
CelebA,174,1.0,0.01,1.6476465463638306,26.266966797530074,0.8083696365356445,0.16093917191028595
CelebA,175,1.0,0.01,1.4211055040359497,26.638627970533264,0.7883731722831726,0.16134637594223022
CelebA,176,1.0,0.01,1.6482925415039062,24.457429143518894,0.7584336400032043,0.18708617985248566
CelebA,177,1.0,0.01,1.6838778257369995,27.945335951561027,0.8363167643547058,0.1552024483680725
CelebA,178,1.0,0.01,1.662846565246582,26.495366531388576,0.8375537991523743,0.09558197855949402
CelebA,179,1.0,0.01,1.4998680353164673,26.425218139159607,0.8125688433647156,0.15330179035663605
CelebA,180,1.0,0.01,1.671803593635559,27.13201088133243,0.8031862378120422,0.17956890165805817
CelebA,181,1.0,0.01,1.3133388757705688,28.862276846972517,0.7874037623405457,0.17074823379516602
CelebA,182,1.0,0.01,1.301127314567566,25.85069627725251,0.7731816172599792,0.2069419026374817
CelebA,183,1.0,0.01,1.2356114387512207,27.532973018614374,0.7865778803825378,0.2564695477485657
CelebA,184,1.0,0.01,1.6075204610824585,26.397485962296017,0.8429167866706848,0.12332373857498169
CelebA,185,1.0,0.01,0.9733718037605286,28.284423755109685,0.7348766922950745,0.23895229399204254
CelebA,186,1.0,0.01,1.6383423805236816,28.754056323030216,0.8493497967720032,0.1373685598373413
CelebA,187,1.0,0.01,1.414679765701294,30.16289903637015,0.8912093639373779,0.10039158910512924
CelebA,188,1.0,0.01,1.5453975200653076,30.449116914586114,0.8988428115844727,0.07112935930490494
CelebA,189,1.0,0.01,1.5330795049667358,27.125070763762054,0.7952973246574402,0.1648971140384674
CelebA,190,1.0,0.01,1.428389549255371,29.558487981736043,0.7785874009132385,0.13035975396633148
CelebA,191,1.0,0.01,1.631981611251831,26.70080753823153,0.8322363495826721,0.09341442584991455
CelebA,192,1.0,0.01,1.4034297466278076,28.900967671559346,0.8213643431663513,0.19791379570960999
CelebA,193,1.0,0.01,1.5685575008392334,25.179169655121513,0.7800047397613525,0.23191523551940918
CelebA,194,1.0,0.01,1.532188057899475,27.40894351693772,0.8333926796913147,0.19599559903144836
CelebA,195,1.0,0.01,1.5281848907470703,27.66009060886323,0.7777092456817627,0.19778110086917877
CelebA,196,1.0,0.01,1.4026702642440796,23.58276556455526,0.7617543339729309,0.3372631072998047
CelebA,197,1.0,0.01,1.4142605066299438,28.82052916079673,0.7922780513763428,0.1396312117576599
CelebA,198,1.0,0.01,1.5963618755340576,27.01140923631759,0.8057164549827576,0.13981464505195618
CelebA,199,1.0,0.01,1.5556650161743164,27.23696009351712,0.7988842129707336,0.10826748609542847
CelebA,200,1.0,0.01,1.3148163557052612,28.281118187516803,0.8371543884277344,0.14481353759765625
CelebA,201,1.0,0.01,1.5626128911972046,25.787991450281986,0.8101412653923035,0.13329912722110748
CelebA,202,1.0,0.01,1.7661248445510864,26.13039312687526,0.788943350315094,0.19234910607337952
CelebA,203,1.0,0.01,1.450465440750122,28.316297062239123,0.8853497505187988,0.07269519567489624
CelebA,204,1.0,0.01,1.4611053466796875,29.188341336834497,0.7500693202018738,0.06690192967653275
CelebA,205,1.0,0.01,1.4680663347244263,25.7456648602936,0.7335030436515808,0.3386889696121216
CelebA,206,1.0,0.01,1.5966145992279053,28.256644376986742,0.8116710782051086,0.1730988323688507
CelebA,207,1.0,0.01,1.4966710805892944,26.69825572110561,0.8428349494934082,0.17038953304290771
CelebA,208,1.0,0.01,1.5099815130233765,28.263509619096304,0.8298532366752625,0.19950678944587708
CelebA,209,1.0,0.01,1.4602901935577393,29.55277597810264,0.8668051362037659,0.09096285700798035
CelebA,210,1.0,0.01,1.5713807344436646,30.321835037880067,0.8633429408073425,0.1160006895661354
CelebA,211,1.0,0.01,1.606231689453125,27.40317057356313,0.8644516468048096,0.06177159771323204
CelebA,212,1.0,0.01,1.303924798965454,29.243756851851984,0.7809703350067139,0.219060480594635
CelebA,213,1.0,0.01,1.7350397109985352,27.827194429794556,0.8079642653465271,0.13855546712875366
CelebA,214,1.0,0.01,1.536939263343811,27.175119027515706,0.8033286929130554,0.12159842997789383
CelebA,215,1.0,0.01,1.7008798122406006,27.788070643585012,0.7578227519989014,0.16746366024017334
CelebA,216,1.0,0.01,1.430754542350769,29.244298487706946,0.8577306866645813,0.09225389361381531
CelebA,217,1.0,0.01,1.874006986618042,24.981807071418807,0.8259674906730652,0.10163968056440353
CelebA,218,1.0,0.01,1.451836109161377,25.988549587082286,0.7403441071510315,0.1916164755821228
CelebA,219,1.0,0.01,1.5864927768707275,26.887055498379077,0.8119716644287109,0.2233218401670456
CelebA,220,1.0,0.01,1.5994079113006592,28.9544559385884,0.8946693539619446,0.09426290541887283
CelebA,221,1.0,0.01,1.58749520778656,26.566828516812443,0.8127831816673279,0.11793184280395508
CelebA,222,1.0,0.01,1.7121899127960205,26.238421231297178,0.8231826424598694,0.06787489354610443
CelebA,223,1.0,0.01,1.5176599025726318,27.438861811656786,0.8221955895423889,0.11166749894618988
CelebA,224,1.0,0.01,1.5230839252471924,28.281825460680054,0.8250246047973633,0.14568904042243958
CelebA,225,1.0,0.01,1.638979434967041,27.30837718556642,0.8304033875465393,0.10852858424186707
CelebA,226,1.0,0.01,1.4129270315170288,26.489819965659937,0.7682908177375793,0.20383605360984802
CelebA,227,1.0,0.01,1.4514625072479248,25.470383907862434,0.7228798270225525,0.3446757197380066
CelebA,228,1.0,0.01,1.4192607402801514,26.034558777454787,0.7783451676368713,0.17087213695049286
CelebA,229,1.0,0.01,1.577292799949646,28.080877084946216,0.7670082449913025,0.15546976029872894
CelebA,230,1.0,0.01,1.6329762935638428,24.992966219469043,0.8375037312507629,0.16294074058532715
CelebA,231,1.0,0.01,1.327997088432312,29.283370271420623,0.8833763599395752,0.07068396359682083
CelebA,232,1.0,0.01,1.4182535409927368,27.671990761597456,0.8150057196617126,0.1468292623758316
CelebA,233,1.0,0.01,1.221534252166748,30.154420844339725,0.8531973958015442,0.15711505711078644
CelebA,234,1.0,0.01,1.4526225328445435,30.90772562902705,0.8466777205467224,0.20609380304813385
CelebA,235,1.0,0.01,1.7381213903427124,25.71681738134363,0.8331058025360107,0.11225902289152145
CelebA,236,1.0,0.01,1.4020975828170776,26.685032635248888,0.7883751392364502,0.2121749073266983
CelebA,237,1.0,0.01,1.5915076732635498,31.236919979748855,0.8819100856781006,0.07947959750890732
CelebA,238,1.0,0.01,1.4565280675888062,27.263586397170037,0.8187562823295593,0.13112987577915192
CelebA,239,1.0,0.01,1.6301230192184448,25.375171124555695,0.7382639050483704,0.28910404443740845
CelebA,240,1.0,0.01,1.4234073162078857,26.703355649044646,0.8022966384887695,0.18605832755565643
CelebA,241,1.0,0.01,1.0842530727386475,26.0733609408246,0.7963553071022034,0.15085384249687195
CelebA,242,1.0,0.01,1.376473069190979,27.58481116670626,0.7393595576286316,0.17357291281223297
CelebA,243,1.0,0.01,1.4142731428146362,27.397942070524387,0.8257493376731873,0.14881263673305511
CelebA,244,1.0,0.01,1.3509738445281982,28.618876666012007,0.878156840801239,0.07691570371389389
CelebA,245,1.0,0.01,1.6004002094268799,26.024883418576778,0.7272477149963379,0.2103930115699768
CelebA,246,1.0,0.01,1.4970561265945435,29.65416743239902,0.8965365290641785,0.08100305497646332
CelebA,247,1.0,0.01,1.5578080415725708,27.32436305495831,0.7447042465209961,0.22646814584732056
CelebA,248,1.0,0.01,1.5426400899887085,27.286345991399557,0.7848076820373535,0.16256368160247803
CelebA,249,1.0,0.01,1.4026883840560913,27.552880115544465,0.7763795256614685,0.16167770326137543
CelebA,0,1.0,0.05,1.7434499263763428,25.956176405503797,0.7498612403869629,0.1825203150510788
CelebA,1,1.0,0.05,1.2465475797653198,27.458474966437556,0.8429904580116272,0.08231654763221741
CelebA,2,1.0,0.05,1.4617242813110352,28.32890309255034,0.8116467595100403,0.13764037191867828
CelebA,3,1.0,0.05,1.2768306732177734,29.18810018843976,0.8827919960021973,0.12640416622161865
CelebA,4,1.0,0.05,1.4693920612335205,27.645075774887367,0.8192399144172668,0.13157311081886292
CelebA,5,1.0,0.05,1.560548186302185,25.4203979355838,0.7983694076538086,0.208379864692688
CelebA,6,1.0,0.05,1.3536112308502197,28.824044910788665,0.7882633209228516,0.2287871390581131
CelebA,7,1.0,0.05,1.5365794897079468,26.854838393732443,0.7840430736541748,0.26455265283584595
CelebA,8,1.0,0.05,1.2591780424118042,28.470975588919167,0.7897159457206726,0.16415217518806458
CelebA,9,1.0,0.05,1.4652436971664429,24.818831744161653,0.8281709551811218,0.14676949381828308
CelebA,10,1.0,0.05,1.4814504384994507,27.820396904220665,0.8516941666603088,0.14679531753063202
CelebA,11,1.0,0.05,1.5131436586380005,27.727250792727954,0.8388773798942566,0.11864857375621796
CelebA,12,1.0,0.05,1.4297021627426147,27.46204381759853,0.7841100692749023,0.20314331352710724
CelebA,13,1.0,0.05,1.418899416923523,28.418774046016818,0.832632839679718,0.11533571779727936
CelebA,14,1.0,0.05,1.3444432020187378,29.829518811226343,0.8732994198799133,0.13327541947364807
CelebA,15,1.0,0.05,1.1933469772338867,29.371054294085187,0.8318321704864502,0.19679459929466248
CelebA,16,1.0,0.05,1.7941631078720093,25.536506619432934,0.7918844223022461,0.20325332880020142
CelebA,17,1.0,0.05,1.5747246742248535,28.79970552349245,0.8329339027404785,0.15493085980415344
CelebA,18,1.0,0.05,1.5193026065826416,29.383341325144766,0.8813597559928894,0.11851119250059128
CelebA,19,1.0,0.05,1.4297326803207397,29.010662300638863,0.8795214295387268,0.08238713443279266
CelebA,20,1.0,0.05,1.6999810934066772,28.11658356979338,0.894781768321991,0.06627794355154037
CelebA,21,1.0,0.05,1.635008692741394,25.572042331735723,0.7837514281272888,0.10599852353334427
CelebA,22,1.0,0.05,1.449215054512024,27.529951723541974,0.8314470648765564,0.20372337102890015
CelebA,23,1.0,0.05,1.4720606803894043,29.49895163260041,0.8111486434936523,0.24363991618156433
CelebA,24,1.0,0.05,1.3759516477584839,27.825494280525742,0.7945966720581055,0.1567513346672058
CelebA,25,1.0,0.05,1.5679051876068115,29.576308435762098,0.8657285571098328,0.11913454532623291
CelebA,26,1.0,0.05,1.6011598110198975,27.179675199385724,0.8398115038871765,0.10501068085432053
CelebA,27,1.0,0.05,1.3828762769699097,27.40715313651748,0.7891252636909485,0.17224055528640747
CelebA,28,1.0,0.05,1.3319576978683472,25.63831675553981,0.7999046444892883,0.22563332319259644
CelebA,29,1.0,0.05,1.7304794788360596,26.664431539026978,0.8479554057121277,0.15506751835346222
CelebA,30,1.0,0.05,1.1637810468673706,28.068553071526424,0.8137652277946472,0.17046910524368286
CelebA,31,1.0,0.05,1.4955354928970337,25.419488845767326,0.7444310188293457,0.18854646384716034
CelebA,32,1.0,0.05,1.8372900485992432,23.138390132646144,0.7452371716499329,0.1348130702972412
CelebA,33,1.0,0.05,1.5344035625457764,25.350102113308928,0.7611902356147766,0.2617432773113251
CelebA,34,1.0,0.05,1.4979642629623413,24.583621292594614,0.7849767208099365,0.1861998289823532
CelebA,35,1.0,0.05,1.3248947858810425,30.41889964769036,0.8914579749107361,0.09308510273694992
CelebA,36,1.0,0.05,1.493634819984436,29.235266464130383,0.8553401827812195,0.10298836976289749
CelebA,37,1.0,0.05,1.4014537334442139,27.452489051672625,0.7979703545570374,0.1409459263086319
CelebA,38,1.0,0.05,1.1998107433319092,28.947762337173305,0.8170218467712402,0.14314475655555725
CelebA,39,1.0,0.05,1.5978604555130005,23.494722878123127,0.775460422039032,0.18688666820526123
CelebA,40,1.0,0.05,1.5829181671142578,26.402712162378627,0.8029947280883789,0.12623220682144165
CelebA,41,1.0,0.05,1.5528876781463623,28.7209972251594,0.8700196146965027,0.14770245552062988
CelebA,42,1.0,0.05,1.355239987373352,26.99077332732405,0.7909152507781982,0.22027543187141418
CelebA,43,1.0,0.05,1.671381950378418,27.479022162158408,0.7894847393035889,0.21014393866062164
CelebA,44,1.0,0.05,1.3480381965637207,26.711758202183496,0.764352023601532,0.14363999664783478
CelebA,45,1.0,0.05,1.0711177587509155,28.5693319242094,0.823613703250885,0.20189893245697021
CelebA,46,1.0,0.05,1.468561053276062,28.824933165041262,0.8275919556617737,0.13736125826835632
CelebA,47,1.0,0.05,1.3186309337615967,28.62952711139089,0.7616748809814453,0.22982560098171234
CelebA,48,1.0,0.05,1.6602107286453247,26.78654094185695,0.8261318802833557,0.17183008790016174
CelebA,49,1.0,0.05,1.4859834909439087,30.304371585830758,0.8078767657279968,0.0977824404835701
CelebA,50,1.0,0.05,1.381015419960022,27.92375960619349,0.7938876152038574,0.1639668345451355
CelebA,51,1.0,0.05,1.4494085311889648,26.098019275520908,0.7495133280754089,0.19330766797065735
CelebA,52,1.0,0.05,1.4578373432159424,27.817135628381674,0.8298476338386536,0.15487147867679596
CelebA,53,1.0,0.05,1.5239996910095215,27.710523683276385,0.8637073636054993,0.11988784372806549
CelebA,54,1.0,0.05,1.6580753326416016,27.788027806640127,0.8346402049064636,0.12603160738945007
CelebA,55,1.0,0.05,1.5806307792663574,27.027872969375796,0.8016066551208496,0.16930320858955383
CelebA,56,1.0,0.05,1.5153340101242065,27.428262314179253,0.8778964877128601,0.07924643158912659
CelebA,57,1.0,0.05,1.6597819328308105,25.228029103288826,0.811061441898346,0.19158929586410522
CelebA,58,1.0,0.05,1.6591086387634277,28.09158534610781,0.7946152687072754,0.1679362654685974
CelebA,59,1.0,0.05,1.5428574085235596,29.44637944527479,0.8553813099861145,0.14452320337295532
CelebA,60,1.0,0.05,1.338881254196167,28.5693872049686,0.7622672915458679,0.12948164343833923
CelebA,61,1.0,0.05,1.7798346281051636,25.111871566094383,0.7229828834533691,0.22577953338623047
CelebA,62,1.0,0.05,1.4823330640792847,26.23561194412853,0.781066358089447,0.13546264171600342
CelebA,63,1.0,0.05,1.6168484687805176,24.476739959135404,0.7495619654655457,0.25622427463531494
CelebA,64,1.0,0.05,1.5936774015426636,26.114765409597144,0.8290531039237976,0.23284365236759186
CelebA,65,1.0,0.05,1.6021475791931152,28.17816757641882,0.9070690274238586,0.0894780382514
CelebA,66,1.0,0.05,1.575760841369629,28.953978276654524,0.8650572896003723,0.10173757374286652
CelebA,67,1.0,0.05,1.0082659721374512,28.740262546681798,0.7722252011299133,0.23350922763347626
CelebA,68,1.0,0.05,1.3137717247009277,27.299197395532925,0.809581458568573,0.15898461639881134
CelebA,69,1.0,0.05,1.2400394678115845,30.20670666843796,0.8607876300811768,0.08990392088890076
CelebA,70,1.0,0.05,1.2970322370529175,29.252323883335496,0.820782482624054,0.1378411203622818
CelebA,71,1.0,0.05,1.4919395446777344,27.313167996526243,0.8840052485466003,0.08737289905548096
CelebA,72,1.0,0.05,1.5494080781936646,26.953070379471228,0.809621274471283,0.10265728086233139
CelebA,73,1.0,0.05,1.5049570798873901,29.694783052550054,0.8983197212219238,0.08823737502098083
CelebA,74,1.0,0.05,1.6386257410049438,26.520010022337264,0.8604719042778015,0.1418343335390091
CelebA,75,1.0,0.05,1.522607445716858,31.792601900153777,0.9042160511016846,0.07913651317358017
CelebA,76,1.0,0.05,1.444303274154663,26.7814778633118,0.7780096530914307,0.1847851723432541
CelebA,77,1.0,0.05,1.3874069452285767,27.85512018013557,0.782604455947876,0.19134509563446045
CelebA,78,1.0,0.05,1.6559618711471558,24.845562008457254,0.8260237574577332,0.19119815528392792
CelebA,79,1.0,0.05,1.5174256563186646,29.17298157749395,0.8340436816215515,0.14159847795963287
CelebA,80,1.0,0.05,1.257137417793274,25.869733884960652,0.7191482186317444,0.23240980505943298
CelebA,81,1.0,0.05,1.5701451301574707,28.948509971042892,0.8179001212120056,0.13649317622184753
CelebA,82,1.0,0.05,1.4762440919876099,28.030684193019397,0.8260857462882996,0.2425403594970703
CelebA,83,1.0,0.05,1.4817297458648682,28.434283977673942,0.8524243831634521,0.10914073884487152
CelebA,84,1.0,0.05,1.7270604372024536,26.516285802748158,0.8284676671028137,0.08125416934490204
CelebA,85,1.0,0.05,1.58695650100708,25.991380643110862,0.79264897108078,0.1604064702987671
CelebA,86,1.0,0.05,1.625745415687561,26.04396375501283,0.8488821983337402,0.09020774066448212
CelebA,87,1.0,0.05,1.6915137767791748,27.190674722193528,0.8386600017547607,0.11676044017076492
CelebA,88,1.0,0.05,1.314687728881836,28.663143496569372,0.8194162249565125,0.16855311393737793
CelebA,89,1.0,0.05,1.4292409420013428,25.900595565915214,0.7875074744224548,0.1777467578649521
CelebA,90,1.0,0.05,1.6983914375305176,28.376440634631443,0.8493309617042542,0.08027422428131104
CelebA,91,1.0,0.05,1.3864628076553345,29.207683462465297,0.8081454634666443,0.16246579587459564
CelebA,92,1.0,0.05,1.7060829401016235,26.947831039225786,0.8096423745155334,0.09323666989803314
CelebA,93,1.0,0.05,1.664968490600586,25.850835523681607,0.7914950251579285,0.1593046933412552
CelebA,94,1.0,0.05,1.5958727598190308,24.06281609681459,0.8275813460350037,0.18269082903862
CelebA,95,1.0,0.05,1.4465594291687012,29.884456953593215,0.8723776936531067,0.104344941675663
CelebA,96,1.0,0.05,1.4963244199752808,25.864836221070398,0.7670132517814636,0.29924988746643066
CelebA,97,1.0,0.05,1.4043687582015991,27.52366672189709,0.811055600643158,0.1474788784980774
CelebA,98,1.0,0.05,1.598737359046936,23.092417377897405,0.7384352087974548,0.271738737821579
CelebA,99,1.0,0.05,1.6280202865600586,26.8012791227476,0.8132901787757874,0.10585787892341614
CelebA,100,1.0,0.05,1.2188010215759277,27.480133981664615,0.7809140682220459,0.19576269388198853
CelebA,101,1.0,0.05,1.5366166830062866,28.411299656438022,0.821979284286499,0.16006159782409668
CelebA,102,1.0,0.05,1.5022083520889282,25.989397625884337,0.8519845604896545,0.16270242631435394
CelebA,103,1.0,0.05,1.1560860872268677,26.78771786794469,0.7519994378089905,0.21708472073078156
CelebA,104,1.0,0.05,1.4951739311218262,25.716900353622364,0.8115747570991516,0.20811092853546143
CelebA,105,1.0,0.05,1.1630501747131348,32.31601631771054,0.8792744278907776,0.11251413822174072
CelebA,106,1.0,0.05,1.290793538093567,27.105100627624598,0.808368980884552,0.1950467824935913
CelebA,107,1.0,0.05,1.4424009323120117,26.245290547756078,0.8144004344940186,0.16632738709449768
CelebA,108,1.0,0.05,1.628849744796753,26.711501644687957,0.8278228640556335,0.1735525131225586
CelebA,109,1.0,0.05,1.183018445968628,28.773132225141698,0.8038628697395325,0.25223079323768616
CelebA,110,1.0,0.05,1.4443312883377075,28.82244011129409,0.8556320071220398,0.13233619928359985
CelebA,111,1.0,0.05,1.2356168031692505,27.731381931942153,0.7906166911125183,0.31410151720046997
CelebA,112,1.0,0.05,1.5923620462417603,25.509422912183165,0.8058964610099792,0.1392284333705902
CelebA,113,1.0,0.05,1.4007439613342285,26.57263833914724,0.7943736910820007,0.22176827490329742
CelebA,114,1.0,0.05,1.4385474920272827,27.245401791136384,0.7833459973335266,0.2466837614774704
CelebA,115,1.0,0.05,1.4739720821380615,27.354361608418117,0.7753258347511292,0.15090429782867432
CelebA,116,1.0,0.05,1.6245540380477905,28.20531347561298,0.8706061840057373,0.07780823856592178
CelebA,117,1.0,0.05,0.8673088550567627,29.50034343350407,0.8062793612480164,0.2154521495103836
CelebA,118,1.0,0.05,1.7412939071655273,24.469528097713354,0.8007100224494934,0.20626717805862427
CelebA,119,1.0,0.05,1.163447618484497,25.512385226834333,0.727633535861969,0.20962870121002197
CelebA,120,1.0,0.05,1.505652904510498,26.809577103334394,0.8246787190437317,0.16962531208992004
CelebA,121,1.0,0.05,1.408195972442627,25.013585497792693,0.7538547515869141,0.264478862285614
CelebA,122,1.0,0.05,1.3783771991729736,32.000811646759445,0.9143743515014648,0.07181251794099808
CelebA,123,1.0,0.05,1.7205777168273926,28.586508592243355,0.8512799739837646,0.0998118668794632
CelebA,124,1.0,0.05,1.7270139455795288,25.659569643941715,0.8529933094978333,0.12531884014606476
CelebA,125,1.0,0.05,1.4482017755508423,26.718333804488424,0.8248400688171387,0.12508819997310638
CelebA,126,1.0,0.05,1.708288550376892,27.471267720533472,0.826200544834137,0.15255020558834076
CelebA,127,1.0,0.05,1.3412283658981323,27.316457746336695,0.8436223864555359,0.14730387926101685
CelebA,128,1.0,0.05,1.5999263525009155,26.32483007217564,0.8464746475219727,0.11806145310401917
CelebA,129,1.0,0.05,1.3335468769073486,29.44635852683878,0.8750672340393066,0.14315107464790344
CelebA,130,1.0,0.05,1.4496819972991943,26.632104810071077,0.7921598553657532,0.16175590455532074
CelebA,131,1.0,0.05,1.4960272312164307,28.24765503950903,0.8032394051551819,0.2813894748687744
CelebA,132,1.0,0.05,1.319339632987976,27.983635041244852,0.8536686301231384,0.1049918681383133
CelebA,133,1.0,0.05,1.5792876482009888,26.375269458267443,0.7710988521575928,0.16962887346744537
CelebA,134,1.0,0.05,1.3339203596115112,28.966477557681664,0.8709321618080139,0.12354856729507446
CelebA,135,1.0,0.05,1.591705322265625,25.95462766309097,0.8124240040779114,0.11128997802734375
CelebA,136,1.0,0.05,1.4249376058578491,27.672277398194577,0.7110999226570129,0.24242277443408966
CelebA,137,1.0,0.05,1.339131474494934,26.689510248138145,0.7990403175354004,0.25832873582839966
CelebA,138,1.0,0.05,1.3477051258087158,26.37875912317274,0.7845430374145508,0.2156992256641388
CelebA,139,1.0,0.05,1.3581111431121826,29.855096002642902,0.7788744568824768,0.19595804810523987
CelebA,140,1.0,0.05,1.4395217895507812,28.48005746646058,0.8398952484130859,0.1864526867866516
CelebA,141,1.0,0.05,1.2979576587677002,30.02142719610756,0.894106924533844,0.0876878947019577
CelebA,142,1.0,0.05,1.474269986152649,27.46086026122797,0.8327338099479675,0.1410209685564041
CelebA,143,1.0,0.05,1.4497219324111938,29.671298085832937,0.8561822772026062,0.12536974251270294
CelebA,144,1.0,0.05,1.4139292240142822,27.232224503214088,0.809904158115387,0.1480764001607895
CelebA,145,1.0,0.05,1.7495687007904053,26.875411588339738,0.7631576061248779,0.237005814909935
CelebA,146,1.0,0.05,1.572242021560669,25.86143991524314,0.7793519496917725,0.21409431099891663
CelebA,147,1.0,0.05,1.5488760471343994,28.87037460888981,0.8539929389953613,0.11098892241716385
CelebA,148,1.0,0.05,1.4244250059127808,31.016714688276274,0.8746631145477295,0.12670683860778809
CelebA,149,1.0,0.05,1.6254868507385254,27.345232633034406,0.8473264575004578,0.08421526849269867
CelebA,150,1.0,0.05,1.4655526876449585,28.485298048674352,0.8792011141777039,0.16421422362327576
CelebA,151,1.0,0.05,1.661689281463623,29.32506757596967,0.8724374771118164,0.09870115667581558
CelebA,152,1.0,0.05,1.710204005241394,25.961464299415393,0.7710647583007812,0.13033059239387512
CelebA,153,1.0,0.05,1.5530391931533813,27.88261493963526,0.8541426658630371,0.11693254113197327
CelebA,154,1.0,0.05,1.3259841203689575,27.658588792550663,0.8097302317619324,0.16834287345409393
CelebA,155,1.0,0.05,1.3169317245483398,30.103783723167513,0.8497735857963562,0.08859658241271973
CelebA,156,1.0,0.05,1.3037444353103638,24.420232061259256,0.6384499073028564,0.360181599855423
CelebA,157,1.0,0.05,1.3303202390670776,28.73831518675278,0.8328174948692322,0.20929868519306183
CelebA,158,1.0,0.05,1.5915964841842651,29.49056207078213,0.8607072234153748,0.10604521632194519
CelebA,159,1.0,0.05,1.6755915880203247,25.507104034536447,0.8039014935493469,0.1917782574892044
CelebA,160,1.0,0.05,1.2743736505508423,29.246237885536267,0.8485353589057922,0.19740985333919525
CelebA,161,1.0,0.05,1.5457991361618042,25.76881870368064,0.7782907485961914,0.14003297686576843
CelebA,162,1.0,0.05,1.0602682828903198,29.784371773126352,0.8144950866699219,0.16972887516021729
CelebA,163,1.0,0.05,1.456554651260376,24.47327457309035,0.7658252716064453,0.19228926301002502
CelebA,164,1.0,0.05,1.4193928241729736,28.269642979896098,0.7973568439483643,0.1355135589838028
CelebA,165,1.0,0.05,1.5949652194976807,26.511696947300294,0.8457010388374329,0.10839283466339111
CelebA,166,1.0,0.05,1.7043650150299072,24.280568191451238,0.8274271488189697,0.12942662835121155
CelebA,167,1.0,0.05,1.4121429920196533,28.43341114730153,0.8383784294128418,0.09746137261390686
CelebA,168,1.0,0.05,1.5901894569396973,25.655929522777576,0.8059239387512207,0.16354355216026306
CelebA,169,1.0,0.05,1.4299015998840332,29.364757807476444,0.890909731388092,0.09847898781299591
CelebA,170,1.0,0.05,1.3065509796142578,27.74218827705125,0.8120309710502625,0.23058050870895386
CelebA,171,1.0,0.05,1.3959355354309082,28.421989936118276,0.8120100498199463,0.17254942655563354
CelebA,172,1.0,0.05,1.5549564361572266,29.983549413775155,0.8554856777191162,0.07794822007417679
CelebA,173,1.0,0.05,1.5814802646636963,28.822790170752786,0.7984419465065002,0.09894246608018875
CelebA,174,1.0,0.05,1.6240143775939941,26.33300133953817,0.8102013468742371,0.15983162820339203
CelebA,175,1.0,0.05,1.372137188911438,26.669110070321864,0.7894048094749451,0.16068294644355774
CelebA,176,1.0,0.05,1.6296331882476807,24.481432410920313,0.7591941952705383,0.18793103098869324
CelebA,177,1.0,0.05,1.661940336227417,27.97061448750883,0.8372381329536438,0.15382257103919983
CelebA,178,1.0,0.05,1.6497992277145386,26.540730829308558,0.838588297367096,0.09510821104049683
CelebA,179,1.0,0.05,1.4542149305343628,26.51797674960307,0.8149197101593018,0.15098616480827332
CelebA,180,1.0,0.05,1.6620641946792603,27.146519898881593,0.8041867613792419,0.17966340482234955
CelebA,181,1.0,0.05,1.2182343006134033,28.92492322034144,0.7888608574867249,0.16867467761039734
CelebA,182,1.0,0.05,1.2464845180511475,25.910617541190327,0.7752580046653748,0.20455488562583923
CelebA,183,1.0,0.05,1.0994818210601807,27.609194060869218,0.789973258972168,0.2546291947364807
CelebA,184,1.0,0.05,1.5906332731246948,26.420209579944757,0.8437661528587341,0.12218952178955078
CelebA,185,1.0,0.05,0.5085092782974243,28.237982976743012,0.7378160953521729,0.24766932427883148
CelebA,186,1.0,0.05,1.598291039466858,28.828608835143523,0.8507618308067322,0.13628438115119934
CelebA,187,1.0,0.05,1.3555982112884521,30.279178961832564,0.8920356631278992,0.09933308511972427
CelebA,188,1.0,0.05,1.5178648233413696,30.50173636134953,0.8994178771972656,0.0707329511642456
CelebA,189,1.0,0.05,1.497771978378296,27.14561002611501,0.7959238886833191,0.1658041775226593
CelebA,190,1.0,0.05,1.339871883392334,29.63877488606922,0.7804768681526184,0.12937229871749878
CelebA,191,1.0,0.05,1.59645414352417,26.81661012898758,0.8342137932777405,0.09185677766799927
CelebA,192,1.0,0.05,1.311524748802185,28.9424801865809,0.8227887153625488,0.19758623838424683
CelebA,193,1.0,0.05,1.5411452054977417,25.198400769273427,0.7814266085624695,0.22952497005462646
CelebA,194,1.0,0.05,1.5015267133712769,27.439165147033382,0.8341937065124512,0.19532611966133118
CelebA,195,1.0,0.05,1.5161688327789307,27.6402033216972,0.7767440676689148,0.1978846788406372
CelebA,196,1.0,0.05,1.3851944208145142,23.59632955688999,0.7620606422424316,0.33603477478027344
CelebA,197,1.0,0.05,1.3330886363983154,28.898848044704724,0.7944109439849854,0.13923272490501404
CelebA,198,1.0,0.05,1.5794869661331177,27.03317203780133,0.8064079880714417,0.13889643549919128
CelebA,199,1.0,0.05,1.5239930152893066,27.286088057123848,0.7996430993080139,0.10820417106151581
CelebA,200,1.0,0.05,1.2337298393249512,28.325443168511832,0.8382551074028015,0.14586111903190613
CelebA,201,1.0,0.05,1.5341280698776245,25.834247642749062,0.8111484050750732,0.13380517065525055
CelebA,202,1.0,0.05,1.747158408164978,26.150673023502087,0.7882215976715088,0.1909450888633728
CelebA,203,1.0,0.05,1.4157383441925049,28.365089309886198,0.8864915370941162,0.0728764683008194
CelebA,204,1.0,0.05,1.434159517288208,29.24234891468537,0.7441596984863281,0.06602789461612701
CelebA,205,1.0,0.05,1.4403510093688965,25.763242797563464,0.7342009544372559,0.33846065402030945
CelebA,206,1.0,0.05,1.5766710042953491,28.281008601115477,0.8118912577629089,0.17356696724891663
CelebA,207,1.0,0.05,1.4645916223526,26.747529723998507,0.8440143465995789,0.16923776268959045
CelebA,208,1.0,0.05,1.467203974723816,28.277071791504515,0.8285914063453674,0.19973962008953094
CelebA,209,1.0,0.05,1.4033691883087158,29.621717107863258,0.8679335713386536,0.09079145640134811
CelebA,210,1.0,0.05,1.5377601385116577,30.337357687868035,0.861514151096344,0.11572226881980896
CelebA,211,1.0,0.05,1.5897501707077026,27.40746122310595,0.8649458885192871,0.06184072047472
CelebA,212,1.0,0.05,1.1496700048446655,29.28257386020027,0.7845892310142517,0.2159508764743805
CelebA,213,1.0,0.05,1.6993719339370728,27.917327018004077,0.8090221881866455,0.13748592138290405
CelebA,214,1.0,0.05,1.523473858833313,27.19332583710888,0.8037214875221252,0.12081008404493332
CelebA,215,1.0,0.05,1.6906116008758545,27.779114766173215,0.7550766468048096,0.16878721117973328
CelebA,216,1.0,0.05,1.3628236055374146,29.290125490617744,0.8585526347160339,0.09139253944158554
CelebA,217,1.0,0.05,1.8648289442062378,24.982207029793027,0.8261206746101379,0.10179734230041504
CelebA,218,1.0,0.05,1.4093400239944458,26.03503517799417,0.7428498268127441,0.19085635244846344
CelebA,219,1.0,0.05,1.5409475564956665,26.915410614792616,0.8129470944404602,0.22269675135612488
CelebA,220,1.0,0.05,1.580726146697998,28.97290793532384,0.8951544761657715,0.0938415452837944
CelebA,221,1.0,0.05,1.5706199407577515,26.589538194265092,0.8130483627319336,0.1181257963180542
CelebA,222,1.0,0.05,1.6941882371902466,26.288990132824,0.8249654173851013,0.06726342439651489
CelebA,223,1.0,0.05,1.4978008270263672,27.476786368048536,0.8228855729103088,0.11127733439207077
CelebA,224,1.0,0.05,1.4740523099899292,28.35009138619052,0.8261370062828064,0.1461578905582428
CelebA,225,1.0,0.05,1.6082031726837158,27.368240228290126,0.8318138718605042,0.10792289674282074
CelebA,226,1.0,0.05,1.3615152835845947,26.540990716803496,0.7698776721954346,0.20405510067939758
CelebA,227,1.0,0.05,1.426100730895996,25.490655497499688,0.7237963676452637,0.3433534502983093
CelebA,228,1.0,0.05,1.3796048164367676,26.09573058679794,0.779453456401825,0.16764582693576813
CelebA,229,1.0,0.05,1.5367993116378784,28.082426957190858,0.7672502994537354,0.15643896162509918
CelebA,230,1.0,0.05,1.6132298707962036,25.042552719442543,0.8388603329658508,0.1618489921092987
CelebA,231,1.0,0.05,1.2346452474594116,29.38644112931689,0.8851740956306458,0.0696488618850708
CelebA,232,1.0,0.05,1.3633592128753662,27.717388289358805,0.8170902729034424,0.14439059793949127
CelebA,233,1.0,0.05,1.0330036878585815,30.22208697451493,0.8562502264976501,0.15676122903823853
CelebA,234,1.0,0.05,1.3200823068618774,30.936251455618628,0.8488218188285828,0.2053605616092682
CelebA,235,1.0,0.05,1.7305638790130615,25.73884854274434,0.8337772488594055,0.11219906806945801
CelebA,236,1.0,0.05,1.378255009651184,26.709167715106123,0.788912832736969,0.21115899085998535
CelebA,237,1.0,0.05,1.5307224988937378,31.3237066542872,0.8823143839836121,0.07951328158378601
CelebA,238,1.0,0.05,1.4094946384429932,27.318097694238155,0.8203792572021484,0.12938116490840912
CelebA,239,1.0,0.05,1.5957958698272705,25.46281937389879,0.7406046390533447,0.28703251481056213
CelebA,240,1.0,0.05,1.3886812925338745,26.701354416141868,0.8030056953430176,0.18654464185237885
CelebA,241,1.0,0.05,1.02407968044281,26.192424594053925,0.7975103855133057,0.14808981120586395
CelebA,242,1.0,0.05,1.312841534614563,27.616756757319727,0.7396642565727234,0.17409048974514008
CelebA,243,1.0,0.05,1.359438180923462,27.443980980308037,0.8267865777015686,0.14940784871578217
CelebA,244,1.0,0.05,1.305247187614441,28.715306205206915,0.879258394241333,0.07535895705223083
CelebA,245,1.0,0.05,1.5787016153335571,26.046587847062494,0.7285500168800354,0.20919635891914368
CelebA,246,1.0,0.05,1.4565337896347046,29.714698467231337,0.8968901634216309,0.08100412786006927
CelebA,247,1.0,0.05,1.511033535003662,27.373952258071697,0.7454605102539062,0.22533318400382996
CelebA,248,1.0,0.05,1.521172285079956,27.32501540324581,0.7857181429862976,0.16102354228496552
CelebA,249,1.0,0.05,1.3502811193466187,27.611164514858352,0.7777371406555176,0.16182063519954681
CelebA,0,1.0,0.1,1.71820867061615,25.96280593840015,0.7521951794624329,0.18252435326576233
CelebA,1,1.0,0.1,1.0406501293182373,27.56924237326568,0.8465332984924316,0.08247870206832886
CelebA,2,1.0,0.1,1.3960826396942139,28.37755088476316,0.8127033710479736,0.13658961653709412
CelebA,3,1.0,0.1,0.9799337983131409,29.336646487065167,0.8856040835380554,0.12794870138168335
CelebA,4,1.0,0.1,1.3281378746032715,27.84531455408664,0.8245196342468262,0.13077646493911743
CelebA,5,1.0,0.1,1.4712785482406616,25.499007204704238,0.8010722994804382,0.20633172988891602
CelebA,6,1.0,0.1,1.11919105052948,28.896370244754603,0.7905638813972473,0.22494016587734222
CelebA,7,1.0,0.1,1.472942590713501,26.91524859241147,0.7862586975097656,0.26396048069000244
CelebA,8,1.0,0.1,0.981424868106842,28.621517965415386,0.7935611605644226,0.16354571282863617
CelebA,9,1.0,0.1,1.4177310466766357,24.912517829790378,0.8306377530097961,0.14627161622047424
CelebA,10,1.0,0.1,1.347015142440796,27.896782355560006,0.8527916073799133,0.14527219533920288
CelebA,11,1.0,0.1,1.4038944244384766,27.9314833338608,0.8421090245246887,0.11830157041549683
CelebA,12,1.0,0.1,1.2727173566818237,27.578454724135185,0.7863300442695618,0.2020467221736908
CelebA,13,1.0,0.1,1.2430753707885742,28.69138859298843,0.8364205360412598,0.11462146043777466
CelebA,14,1.0,0.1,1.0602431297302246,29.861683841859502,0.872965395450592,0.13527584075927734
CelebA,15,1.0,0.1,0.7051095962524414,29.317137014149324,0.8335921168327332,0.1954294741153717
CelebA,16,1.0,0.1,1.7710174322128296,25.567466414120375,0.7930787205696106,0.2033364474773407
CelebA,17,1.0,0.1,1.477668046951294,28.873205414636516,0.8349148631095886,0.15273626148700714
CelebA,18,1.0,0.1,1.3399326801300049,29.537480753580674,0.8837511539459229,0.11686314642429352
CelebA,19,1.0,0.1,1.2865040302276611,29.194576419210595,0.8832349181175232,0.07957106828689575
CelebA,20,1.0,0.1,1.6476755142211914,28.21684977456103,0.8957143425941467,0.06524510681629181
CelebA,21,1.0,0.1,1.5924768447875977,25.627776111074564,0.7833169102668762,0.10590046644210815
CelebA,22,1.0,0.1,1.3382961750030518,27.642947664411984,0.8329586386680603,0.20451897382736206
CelebA,23,1.0,0.1,1.3205608129501343,29.686322519206122,0.8155980110168457,0.23803046345710754
CelebA,24,1.0,0.1,1.2169506549835205,27.921892149994466,0.7973111271858215,0.15696454048156738
CelebA,25,1.0,0.1,1.4200326204299927,29.8071680890071,0.8688840866088867,0.1164979636669159
CelebA,26,1.0,0.1,1.526459813117981,27.29557457486896,0.842041015625,0.10345150530338287
CelebA,27,1.0,0.1,1.1985276937484741,27.54494711551237,0.7938510775566101,0.16945207118988037
CelebA,28,1.0,0.1,1.2159334421157837,25.79248385898446,0.8037155270576477,0.22079719603061676
CelebA,29,1.0,0.1,1.69615638256073,26.71593069251849,0.8485783934593201,0.1552293300628662
CelebA,30,1.0,0.1,0.8416557908058167,28.104872938545753,0.8099144101142883,0.1736295521259308
CelebA,31,1.0,0.1,1.4069209098815918,25.542869647613248,0.7493466734886169,0.18501611053943634
CelebA,32,1.0,0.1,1.8150012493133545,23.154141879797045,0.7460941672325134,0.13458356261253357
CelebA,33,1.0,0.1,1.4872633218765259,25.395065507917348,0.7627364993095398,0.26139912009239197
CelebA,34,1.0,0.1,1.408565878868103,24.772320118452882,0.7886384129524231,0.18155068159103394
CelebA,35,1.0,0.1,0.9412834644317627,30.40489748725523,0.892432689666748,0.09624467045068741
CelebA,36,1.0,0.1,1.3391938209533691,29.378623462379796,0.858269453048706,0.10177245736122131
CelebA,37,1.0,0.1,1.253965139389038,27.71586533617635,0.8035268783569336,0.13822564482688904
CelebA,38,1.0,0.1,0.8970935344696045,28.86480884166867,0.8184232711791992,0.1519256830215454
CelebA,39,1.0,0.1,1.540987491607666,23.54920827958511,0.7778387069702148,0.18472060561180115
CelebA,40,1.0,0.1,1.486730694770813,26.547702566446134,0.8065740466117859,0.12550190091133118
CelebA,41,1.0,0.1,1.467434287071228,28.796422090240657,0.8713960647583008,0.14569120109081268
CelebA,42,1.0,0.1,1.2429468631744385,27.050596332269656,0.7936151623725891,0.21720632910728455
CelebA,43,1.0,0.1,1.5909239053726196,27.565233691635875,0.7908700108528137,0.21066828072071075
CelebA,44,1.0,0.1,1.223089337348938,26.84111938543164,0.7680297493934631,0.1423027366399765
CelebA,45,1.0,0.1,0.4920290410518646,28.547122805554274,0.8264341950416565,0.20607469975948334
CelebA,46,1.0,0.1,1.304358959197998,29.017006886532,0.8336289525032043,0.13497436046600342
CelebA,47,1.0,0.1,1.0014796257019043,28.760509785329262,0.7660080790519714,0.22776277363300323
CelebA,48,1.0,0.1,1.5750350952148438,26.969782543229588,0.8294761180877686,0.16900165379047394
CelebA,49,1.0,0.1,1.294852375984192,30.509373432648804,0.8037979006767273,0.09742670506238937
CelebA,50,1.0,0.1,1.1508103609085083,28.14329958131637,0.7999558448791504,0.16073790192604065
CelebA,51,1.0,0.1,1.3319430351257324,26.235585594407812,0.7547172904014587,0.19063644111156464
CelebA,52,1.0,0.1,1.301810622215271,27.959700634354814,0.8335354328155518,0.1549004763364792
CelebA,53,1.0,0.1,1.4077471494674683,27.832469832107268,0.8674130439758301,0.11661309003829956
CelebA,54,1.0,0.1,1.5357661247253418,27.944402039356664,0.8374714851379395,0.12696011364459991
CelebA,55,1.0,0.1,1.5005556344985962,27.18154778022974,0.8046119213104248,0.16821253299713135
CelebA,56,1.0,0.1,1.4419233798980713,27.568478928394168,0.8801217675209045,0.07875637710094452
CelebA,57,1.0,0.1,1.598197102546692,25.322447746743165,0.8138644695281982,0.18905200064182281
CelebA,58,1.0,0.1,1.5368670225143433,28.22370306372463,0.7967405319213867,0.16733409464359283
CelebA,59,1.0,0.1,1.4012665748596191,29.537560747909197,0.8565654754638672,0.14156076312065125
CelebA,60,1.0,0.1,1.0931795835494995,28.843744815171796,0.7678322792053223,0.1354880928993225
CelebA,61,1.0,0.1,1.7072975635528564,25.30440471474444,0.7279859185218811,0.21922150254249573
CelebA,62,1.0,0.1,1.3994370698928833,26.34551815507242,0.7839657664299011,0.13306477665901184
CelebA,63,1.0,0.1,1.545855164527893,24.55806575185793,0.7519916892051697,0.2557707130908966
CelebA,64,1.0,0.1,1.4734373092651367,26.285635888753816,0.8330413699150085,0.23200732469558716
CelebA,65,1.0,0.1,1.5220328569412231,28.332674001376223,0.9089304804801941,0.09020614624023438
CelebA,66,1.0,0.1,1.484740138053894,29.04523895757224,0.8670539855957031,0.10114206373691559
CelebA,67,1.0,0.1,0.33074718713760376,28.637510416180714,0.7723429203033447,0.23931589722633362
CelebA,68,1.0,0.1,1.0700970888137817,27.352947296253475,0.8137505650520325,0.1548173427581787
CelebA,69,1.0,0.1,0.786799967288971,30.59254436587537,0.8694266676902771,0.09676596522331238
CelebA,70,1.0,0.1,0.9893444776535034,29.345034096482117,0.8270109295845032,0.1392858624458313
CelebA,71,1.0,0.1,1.4294425249099731,27.4525031126033,0.885615885257721,0.08771861344575882
CelebA,72,1.0,0.1,1.4962687492370605,27.07921224080779,0.8119787573814392,0.09834835678339005
CelebA,73,1.0,0.1,1.3630051612854004,29.921963735432367,0.9015931487083435,0.08791802823543549
CelebA,74,1.0,0.1,1.5960180759429932,26.58184356035511,0.8610681891441345,0.14159664511680603
CelebA,75,1.0,0.1,1.3326271772384644,32.029025924514514,0.9067934155464172,0.079993836581707
CelebA,76,1.0,0.1,1.313560128211975,26.874605516064207,0.7808928489685059,0.18267595767974854
CelebA,77,1.0,0.1,1.1943395137786865,27.948768425864195,0.7872721552848816,0.18742743134498596
CelebA,78,1.0,0.1,1.5930442810058594,24.967511755166527,0.828679621219635,0.19010202586650848
CelebA,79,1.0,0.1,1.4307584762573242,29.294881808525595,0.8347211480140686,0.13896217942237854
CelebA,80,1.0,0.1,1.090220332145691,25.98032994874211,0.7268781661987305,0.22857320308685303
CelebA,81,1.0,0.1,1.411800503730774,29.069097992419834,0.8218291401863098,0.13272446393966675
CelebA,82,1.0,0.1,1.326525092124939,28.051108673599803,0.8271347880363464,0.24265652894973755
CelebA,83,1.0,0.1,1.3917789459228516,28.492414680462584,0.853746235370636,0.10859157145023346
CelebA,84,1.0,0.1,1.6568936109542847,26.62791110177764,0.8296684622764587,0.08077023923397064
CelebA,85,1.0,0.1,1.5050663948059082,26.18538835207554,0.7953012585639954,0.15700499713420868
CelebA,86,1.0,0.1,1.5918810367584229,26.18445706749286,0.8508377075195312,0.09098434448242188
CelebA,87,1.0,0.1,1.606764793395996,27.363809033284777,0.8419318795204163,0.11556411534547806
CelebA,88,1.0,0.1,1.059417486190796,28.710203015422806,0.8236516118049622,0.16516955196857452
CelebA,89,1.0,0.1,1.3169480562210083,25.99543022357274,0.7892959117889404,0.17756688594818115
CelebA,90,1.0,0.1,1.637924313545227,28.492590834113773,0.8509190082550049,0.08023879677057266
CelebA,91,1.0,0.1,1.1293694972991943,29.30805284240894,0.8124962449073792,0.15911917388439178
CelebA,92,1.0,0.1,1.657131552696228,27.04952076943295,0.8112883567810059,0.09244515746831894
CelebA,93,1.0,0.1,1.6017796993255615,25.983859454885554,0.7949050068855286,0.15741050243377686
CelebA,94,1.0,0.1,1.5861996412277222,24.067409620072972,0.8276799321174622,0.18250195682048798
CelebA,95,1.0,0.1,1.2918728590011597,30.085560046587702,0.8757144808769226,0.09975520521402359
CelebA,96,1.0,0.1,1.400642991065979,26.00337796870512,0.7700691819190979,0.2974724769592285
CelebA,97,1.0,0.1,1.280298113822937,27.640173664187753,0.8155151009559631,0.14283892512321472
CelebA,98,1.0,0.1,1.5451648235321045,23.161206217030063,0.7396993637084961,0.2693433165550232
CelebA,99,1.0,0.1,1.5357823371887207,26.900159819785063,0.816408634185791,0.10340704768896103
CelebA,100,1.0,0.1,0.8671854138374329,27.553648594803775,0.7854686379432678,0.1927746683359146
CelebA,101,1.0,0.1,1.442789912223816,28.537589239745266,0.8237049579620361,0.15744498372077942
CelebA,102,1.0,0.1,1.4000656604766846,26.068398019728953,0.8542588353157043,0.1606619507074356
CelebA,103,1.0,0.1,0.8411154747009277,26.727843901747082,0.7548138499259949,0.2181810438632965
CelebA,104,1.0,0.1,1.4050562381744385,25.767652809219804,0.8141062259674072,0.20588015019893646
CelebA,105,1.0,0.1,0.38152071833610535,32.521970540314356,0.878631591796875,0.10722850263118744
CelebA,106,1.0,0.1,1.0617554187774658,27.207182432988176,0.8118462562561035,0.199234738945961
CelebA,107,1.0,0.1,1.3268104791641235,26.341471500594935,0.8185935020446777,0.16557738184928894
CelebA,108,1.0,0.1,1.5630425214767456,26.819741954636584,0.8301295638084412,0.17177048325538635
CelebA,109,1.0,0.1,0.7124541401863098,29.00025098500287,0.8122837543487549,0.2521366775035858
CelebA,110,1.0,0.1,1.3083816766738892,28.884414947435175,0.8568825125694275,0.1333266943693161
CelebA,111,1.0,0.1,0.9534737467765808,27.72183408691422,0.7926757335662842,0.31357768177986145
CelebA,112,1.0,0.1,1.497553825378418,25.653340063749752,0.8094492554664612,0.137690007686615
CelebA,113,1.0,0.1,1.2844250202178955,26.685938631490206,0.7977860569953918,0.21861034631729126
CelebA,114,1.0,0.1,1.2960834503173828,27.4044948148168,0.7898913025856018,0.23743605613708496
CelebA,115,1.0,0.1,1.3479782342910767,27.497075936101794,0.7753880023956299,0.14816954731941223
CelebA,116,1.0,0.1,1.5470050573349,28.327396195693083,0.8712103962898254,0.07889939099550247
CelebA,117,1.0,0.1,0.2856561839580536,29.412238827677296,0.8082513809204102,0.21856120228767395
CelebA,118,1.0,0.1,1.7205049991607666,24.51887430249019,0.8030816912651062,0.20609158277511597
CelebA,119,1.0,0.1,0.8693907856941223,25.717272239763904,0.7369332313537598,0.21028941869735718
CelebA,120,1.0,0.1,1.3901978731155396,26.891872979352737,0.8267723917961121,0.1674174964427948
CelebA,121,1.0,0.1,1.3216326236724854,25.05971949200294,0.7558031678199768,0.2631640136241913
CelebA,122,1.0,0.1,1.1356245279312134,32.082273961002386,0.9163877367973328,0.07307195663452148
CelebA,123,1.0,0.1,1.6626334190368652,28.758364149886532,0.8526070713996887,0.09877355396747589
CelebA,124,1.0,0.1,1.6899991035461426,25.718146637097888,0.8548161387443542,0.12641572952270508
CelebA,125,1.0,0.1,1.3370170593261719,26.924658884929983,0.8275203704833984,0.12080158293247223
CelebA,126,1.0,0.1,1.6373714208602905,27.593458754792653,0.828768253326416,0.1500394195318222
CelebA,127,1.0,0.1,1.196484088897705,27.357823049116533,0.8446419835090637,0.14516578614711761
CelebA,128,1.0,0.1,1.5339832305908203,26.466650829490575,0.8488948345184326,0.11660605669021606
CelebA,129,1.0,0.1,1.119559645652771,29.468449688374374,0.8762847781181335,0.1420275717973709
CelebA,130,1.0,0.1,1.3343757390975952,26.743790652363163,0.7951781749725342,0.16097445785999298
CelebA,131,1.0,0.1,1.394815444946289,28.348000594180803,0.8062482476234436,0.2762121558189392
CelebA,132,1.0,0.1,1.1292558908462524,28.06146252347881,0.8571634888648987,0.10176469385623932
CelebA,133,1.0,0.1,1.4975804090499878,26.478953452322177,0.7736001014709473,0.1688506007194519
CelebA,134,1.0,0.1,1.1205956935882568,28.95626533101465,0.8720534443855286,0.12649300694465637
CelebA,135,1.0,0.1,1.544318675994873,26.057454971109124,0.8143115043640137,0.11108759790658951
CelebA,136,1.0,0.1,1.240462064743042,27.768387135425762,0.7156652808189392,0.2389470934867859
CelebA,137,1.0,0.1,1.1370073556900024,26.81030376174762,0.8040525913238525,0.249989315867424
CelebA,138,1.0,0.1,1.221184253692627,26.516213717474688,0.7914233207702637,0.2100488841533661
CelebA,139,1.0,0.1,1.0778312683105469,29.88743744644936,0.7788030505180359,0.1962105929851532
CelebA,140,1.0,0.1,1.2865455150604248,28.530230655349882,0.8419008255004883,0.18400926887989044
CelebA,141,1.0,0.1,0.9305618405342102,30.114020251389096,0.8964274525642395,0.09963923692703247
CelebA,142,1.0,0.1,1.3629204034805298,27.654285597696667,0.8349776268005371,0.14530113339424133
CelebA,143,1.0,0.1,1.278138518333435,29.7462501181902,0.857690155506134,0.12623745203018188
CelebA,144,1.0,0.1,1.2239775657653809,27.43461173821725,0.8166446089744568,0.14824065566062927
CelebA,145,1.0,0.1,1.685768485069275,26.97324693876687,0.76414555311203,0.23722416162490845
CelebA,146,1.0,0.1,1.4900994300842285,25.935067961297946,0.7826071381568909,0.21151041984558105
CelebA,147,1.0,0.1,1.466888427734375,28.902200442835657,0.8551731109619141,0.11364482343196869
CelebA,148,1.0,0.1,1.10727858543396,31.051781771402844,0.8758547902107239,0.12472906708717346
CelebA,149,1.0,0.1,1.5966459512710571,27.40256809680337,0.8483702540397644,0.08358407765626907
CelebA,150,1.0,0.1,1.3694055080413818,28.5646621502255,0.8806038498878479,0.16290457546710968
CelebA,151,1.0,0.1,1.5955935716629028,29.420914999073077,0.8737110495567322,0.09784426540136337
CelebA,152,1.0,0.1,1.6657780408859253,26.011890032426606,0.7710177898406982,0.1296384632587433
CelebA,153,1.0,0.1,1.444337248802185,28.041525937801225,0.8561641573905945,0.12062609940767288
CelebA,154,1.0,0.1,1.147172212600708,27.847016322506253,0.8169234395027161,0.15958113968372345
CelebA,155,1.0,0.1,1.0885388851165771,30.19903067377371,0.8548733592033386,0.08592662960290909
CelebA,156,1.0,0.1,1.146214246749878,24.485898705023736,0.6433113217353821,0.3578067123889923
CelebA,157,1.0,0.1,1.1235311031341553,28.856756801060776,0.8367166519165039,0.20694880187511444
CelebA,158,1.0,0.1,1.5020387172698975,29.576402447884995,0.8607352375984192,0.1034555658698082
CelebA,159,1.0,0.1,1.610489010810852,25.582170521877163,0.8058981895446777,0.18846574425697327
CelebA,160,1.0,0.1,1.017250657081604,29.293046022385308,0.8498198390007019,0.20175796747207642
CelebA,161,1.0,0.1,1.4841361045837402,25.856817999603877,0.7820180058479309,0.1367081254720688
CelebA,162,1.0,0.1,0.42381054162979126,29.846234687209563,0.8201184868812561,0.167946457862854
CelebA,163,1.0,0.1,1.3955167531967163,24.499635525806397,0.7670397758483887,0.1913931965827942
CelebA,164,1.0,0.1,1.2451393604278564,28.48199004178763,0.8017477989196777,0.13532114028930664
CelebA,165,1.0,0.1,1.5299261808395386,26.690499293485992,0.848572313785553,0.10693241655826569
CelebA,166,1.0,0.1,1.6641098260879517,24.403801987767523,0.8300244212150574,0.12872368097305298
CelebA,167,1.0,0.1,1.3161594867706299,28.530357527566323,0.839449405670166,0.09423647075891495
CelebA,168,1.0,0.1,1.5144282579421997,25.82313345262138,0.8081145286560059,0.16187015175819397
CelebA,169,1.0,0.1,1.2637319564819336,29.53506116705725,0.8935621380805969,0.09876751899719238
CelebA,170,1.0,0.1,1.013979196548462,27.86191792726608,0.8161158561706543,0.22583280503749847
CelebA,171,1.0,0.1,1.1837224960327148,28.670933863135637,0.8177428841590881,0.16943411529064178
CelebA,172,1.0,0.1,1.4758524894714355,30.06499694401764,0.857142984867096,0.0771808847784996
CelebA,173,1.0,0.1,1.4652599096298218,29.004406164921875,0.7971275448799133,0.0988515317440033
CelebA,174,1.0,0.1,1.5589479207992554,26.49003581600761,0.8141732215881348,0.15640704333782196
CelebA,175,1.0,0.1,1.2367384433746338,26.732036647179722,0.7922608852386475,0.1587771326303482
CelebA,176,1.0,0.1,1.5965279340744019,24.511798792441954,0.760267436504364,0.18891815841197968
CelebA,177,1.0,0.1,1.5875167846679688,28.047894338634908,0.839212954044342,0.15138505399227142
CelebA,178,1.0,0.1,1.593849778175354,26.69953853588579,0.8417078852653503,0.09349972009658813
CelebA,179,1.0,0.1,1.3510748147964478,26.702591295430572,0.8195226788520813,0.1468014419078827
CelebA,180,1.0,0.1,1.6004964113235474,27.2198986561161,0.8074750900268555,0.17721295356750488
CelebA,181,1.0,0.1,0.840828537940979,29.02546650490871,0.7917582988739014,0.16564685106277466
CelebA,182,1.0,0.1,1.089855670928955,26.060453367220546,0.7805290222167969,0.19973982870578766
CelebA,183,1.0,0.1,0.6184534430503845,27.68375751287477,0.7955600619316101,0.25275719165802
CelebA,184,1.0,0.1,1.5144762992858887,26.51700626785191,0.8465587496757507,0.12081202864646912
CelebA,185,1.0,0.1,0.12195602804422379,28.14818722729082,0.7379894852638245,0.2529163360595703
CelebA,186,1.0,0.1,1.456288456916809,29.056283198592094,0.8552579283714294,0.13438233733177185
CelebA,187,1.0,0.1,1.1748307943344116,30.48805783722073,0.8937926292419434,0.09754228591918945
CelebA,188,1.0,0.1,1.4224706888198853,30.680869055541955,0.9016870856285095,0.06906963884830475
CelebA,189,1.0,0.1,1.3769351243972778,27.20738070501161,0.7982046008110046,0.16777074337005615
CelebA,190,1.0,0.1,0.998129665851593,29.823814015141785,0.7852227091789246,0.12655514478683472
CelebA,191,1.0,0.1,1.5330008268356323,27.018101234585956,0.8376272320747375,0.08873994648456573
CelebA,192,1.0,0.1,1.0061217546463013,29.019164012926133,0.8264500498771667,0.20265117287635803
CelebA,193,1.0,0.1,1.4915692806243896,25.23108270470148,0.7836081385612488,0.22609026730060577
CelebA,194,1.0,0.1,1.3358932733535767,27.55053436073596,0.8374982476234436,0.19389070570468903
CelebA,195,1.0,0.1,1.400269865989685,27.767511067341488,0.7742588520050049,0.1976964771747589
CelebA,196,1.0,0.1,1.306970238685608,23.65431922737889,0.7640944123268127,0.3320755958557129
CelebA,197,1.0,0.1,1.0778775215148926,29.044738627726776,0.7994014620780945,0.139952152967453
CelebA,198,1.0,0.1,1.4795424938201904,27.14027412753002,0.8100817203521729,0.13578489422798157
CelebA,199,1.0,0.1,1.437958836555481,27.400292117380722,0.8017044067382812,0.10751575231552124
CelebA,200,1.0,0.1,0.9249609112739563,28.343390788897906,0.8401949405670166,0.15317292511463165
CelebA,201,1.0,0.1,1.4838868379592896,25.903622999643932,0.8127378821372986,0.13412033021450043
CelebA,202,1.0,0.1,1.707964301109314,26.204092389541994,0.7874288558959961,0.18901067972183228
CelebA,203,1.0,0.1,1.337058424949646,28.451024685597602,0.8883406519889832,0.07315798848867416
CelebA,204,1.0,0.1,1.305537462234497,29.427554942501818,0.7349014282226562,0.06339295953512192
CelebA,205,1.0,0.1,1.3147627115249634,25.85073983990128,0.7372987270355225,0.3352983593940735
CelebA,206,1.0,0.1,1.4406453371047974,28.45244729625457,0.8157674670219421,0.1735239028930664
CelebA,207,1.0,0.1,1.3512239456176758,26.898202465797226,0.8473483920097351,0.16656967997550964
CelebA,208,1.0,0.1,1.3584026098251343,28.2971492569389,0.8256321549415588,0.20034968852996826
CelebA,209,1.0,0.1,1.2367390394210815,29.785106949842913,0.8709648251533508,0.0904795229434967
CelebA,210,1.0,0.1,1.4725762605667114,30.359058973272518,0.8582375645637512,0.1156160831451416
CelebA,211,1.0,0.1,1.5427616834640503,27.452115328820806,0.8657618165016174,0.061874259263277054
CelebA,212,1.0,0.1,0.6335130333900452,29.282110997214463,0.7924850583076477,0.2096916139125824
CelebA,213,1.0,0.1,1.6189287900924683,28.08461943657126,0.8109551072120667,0.13572441041469574
CelebA,214,1.0,0.1,1.4088783264160156,27.359892704695792,0.8055608868598938,0.11855772137641907
CelebA,215,1.0,0.1,1.6174780130386353,27.8852325882705,0.7523724436759949,0.16721105575561523
CelebA,216,1.0,0.1,1.1183382272720337,29.390712688156068,0.861457347869873,0.09057562053203583
CelebA,217,1.0,0.1,1.8491008281707764,24.98137403700301,0.8261712193489075,0.10196235030889511
CelebA,218,1.0,0.1,1.3143309354782104,26.130604277369617,0.7477033138275146,0.18912477791309357
CelebA,219,1.0,0.1,1.429252028465271,26.976709059326375,0.8151146769523621,0.22072425484657288
CelebA,220,1.0,0.1,1.4687585830688477,29.12878365565328,0.8975064158439636,0.0917866975069046
CelebA,221,1.0,0.1,1.5038758516311646,26.6939065233612,0.8147876858711243,0.11722123622894287
CelebA,222,1.0,0.1,1.6382108926773071,26.431033944268595,0.8291880488395691,0.06560850888490677
CelebA,223,1.0,0.1,1.4003366231918335,27.635122217280554,0.8266253471374512,0.10965657979249954
CelebA,224,1.0,0.1,1.261053204536438,28.620176508560675,0.8294308185577393,0.14976002275943756
CelebA,225,1.0,0.1,1.5309079885482788,27.502643143811035,0.8352596759796143,0.10585878044366837
CelebA,226,1.0,0.1,1.2005093097686768,26.68809690825349,0.7744266986846924,0.2032148540019989
CelebA,227,1.0,0.1,1.2964305877685547,25.60967638099573,0.7285737991333008,0.3394940495491028
CelebA,228,1.0,0.1,1.2175885438919067,26.238142261964207,0.7833377718925476,0.16354484856128693
CelebA,229,1.0,0.1,1.4586946964263916,28.073331314883045,0.7678739428520203,0.15752366185188293
CelebA,230,1.0,0.1,1.589463233947754,25.082491022097493,0.8401150107383728,0.1610085815191269
CelebA,231,1.0,0.1,0.8871498703956604,29.60825459430587,0.8905608654022217,0.07186310738325119
CelebA,232,1.0,0.1,1.226605772972107,27.808229554416034,0.8216020464897156,0.14018061757087708
CelebA,233,1.0,0.1,0.3902716636657715,30.013487486033608,0.8576273918151855,0.16593563556671143
CelebA,234,1.0,0.1,0.9198144674301147,30.85176543873084,0.8513506054878235,0.20644792914390564
CelebA,235,1.0,0.1,1.6937047243118286,25.826892530751955,0.8359726071357727,0.11201838403940201
CelebA,236,1.0,0.1,1.217469334602356,26.799773772765704,0.7927667498588562,0.20816631615161896
CelebA,237,1.0,0.1,1.3851524591445923,31.4413857052573,0.8829894065856934,0.08039423823356628
CelebA,238,1.0,0.1,1.3141735792160034,27.420775448352906,0.8233809471130371,0.12675559520721436
CelebA,239,1.0,0.1,1.5349644422531128,25.574380093709436,0.743918240070343,0.2837369740009308
CelebA,240,1.0,0.1,1.2479827404022217,26.760338061407065,0.8067968487739563,0.186310276389122
CelebA,241,1.0,0.1,0.7527216076850891,26.46316956935327,0.7950133681297302,0.14774984121322632
CelebA,242,1.0,0.1,1.0655999183654785,27.670883735127994,0.7407788634300232,0.1754240244626999
CelebA,243,1.0,0.1,1.1758314371109009,27.5757100282572,0.8301105499267578,0.15055395662784576
CelebA,244,1.0,0.1,1.0813918113708496,28.979494139229722,0.8819332718849182,0.07164540886878967
CelebA,245,1.0,0.1,1.46477210521698,26.16397987277701,0.7338371276855469,0.20394688844680786
CelebA,246,1.0,0.1,1.3187694549560547,29.85745408562981,0.8974730372428894,0.08077411353588104
CelebA,247,1.0,0.1,1.3931769132614136,27.459075673643255,0.7473977208137512,0.22242951393127441
CelebA,248,1.0,0.1,1.433914303779602,27.415063158137627,0.7889313697814941,0.1576918363571167
CelebA,249,1.0,0.1,1.194608449935913,27.743380386356186,0.7812361121177673,0.16307500004768372
CelebA,0,1.5,0.01,1.927913784980774,25.12883712698031,0.7172654271125793,0.2225572168827057
CelebA,1,1.5,0.01,1.5794206857681274,26.355369958981928,0.8041384220123291,0.10207811743021011
CelebA,2,1.5,0.01,1.7277544736862183,27.35540318849335,0.7765137553215027,0.1591043770313263
CelebA,3,1.5,0.01,1.6024565696716309,28.08214801738719,0.8584896922111511,0.15295973420143127
CelebA,4,1.5,0.01,1.700670838356018,26.605405777733676,0.7763814330101013,0.1699584722518921
CelebA,5,1.5,0.01,1.809614658355713,24.499154535421095,0.7652294039726257,0.25934699177742004
CelebA,6,1.5,0.01,1.6722068786621094,27.79530246938063,0.7608941197395325,0.26659849286079407
CelebA,7,1.5,0.01,1.7751872539520264,25.811178407461718,0.7425634860992432,0.31288933753967285
CelebA,8,1.5,0.01,1.593312382698059,27.5732512886874,0.760740339756012,0.18353308737277985
CelebA,9,1.5,0.01,1.7120813131332397,23.332922975799974,0.767734706401825,0.2076665759086609
CelebA,10,1.5,0.01,1.7324330806732178,26.68066651779548,0.8130466938018799,0.17901453375816345
CelebA,11,1.5,0.01,1.7645719051361084,27.033632687958505,0.8192430138587952,0.1391080766916275
CelebA,12,1.5,0.01,1.7268990278244019,26.574291183973138,0.7478765845298767,0.24155402183532715
CelebA,13,1.5,0.01,1.666078805923462,27.77285731897289,0.8139898180961609,0.12475407868623734
CelebA,14,1.5,0.01,1.6928304433822632,28.86111642118891,0.850507915019989,0.15430012345314026
CelebA,15,1.5,0.01,1.5260908603668213,28.16734739855216,0.7915909290313721,0.23900163173675537
CelebA,16,1.5,0.01,1.9643911123275757,24.98060837225769,0.7711617946624756,0.22812998294830322
CelebA,17,1.5,0.01,1.8078993558883667,28.003100173040515,0.8146722316741943,0.17997905611991882
CelebA,18,1.5,0.01,1.7827738523483276,28.583664445222507,0.8633792996406555,0.13437983393669128
CelebA,19,1.5,0.01,1.670986533164978,27.784131108748564,0.8450844883918762,0.1235966831445694
CelebA,20,1.5,0.01,1.9270890951156616,27.615222843949347,0.8840232491493225,0.07102763652801514
CelebA,21,1.5,0.01,1.815495252609253,25.054238346465493,0.7457551956176758,0.14301161468029022
CelebA,22,1.5,0.01,1.7605724334716797,26.45509993216367,0.801414966583252,0.24739550054073334
CelebA,23,1.5,0.01,1.7792727947235107,28.760207652821897,0.7935845255851746,0.26442036032676697
CelebA,24,1.5,0.01,1.6918683052062988,26.76148344206902,0.7591419816017151,0.1856093853712082
CelebA,25,1.5,0.01,1.8188443183898926,28.3805640117713,0.837536096572876,0.13701394200325012
CelebA,26,1.5,0.01,1.8030743598937988,26.643846932807413,0.8258435726165771,0.11645200103521347
CelebA,27,1.5,0.01,1.655045747756958,26.4077010136633,0.7528566718101501,0.21087801456451416
CelebA,28,1.5,0.01,1.602735161781311,24.77940883350957,0.7659821510314941,0.23974904417991638
CelebA,29,1.5,0.01,1.998599648475647,26.226090985180292,0.8393678665161133,0.18436844646930695
CelebA,30,1.5,0.01,1.5403175354003906,27.01976108274872,0.7834291458129883,0.20527181029319763
CelebA,31,1.5,0.01,1.727564811706543,24.455948375076733,0.7016146779060364,0.22898660600185394
CelebA,32,1.5,0.01,2.0327274799346924,22.64888558942492,0.722627580165863,0.1531955897808075
CelebA,33,1.5,0.01,1.813087821006775,24.524014560621026,0.7219936847686768,0.2988209128379822
CelebA,34,1.5,0.01,1.7639861106872559,23.803872469482542,0.757349967956543,0.2112346738576889
CelebA,35,1.5,0.01,1.6221201419830322,29.534532899582455,0.8773452639579773,0.10692489147186279
CelebA,36,1.5,0.01,1.7466851472854614,28.44518762432545,0.8384501338005066,0.12227052450180054
CelebA,37,1.5,0.01,1.6267237663269043,26.08636365903038,0.7602908611297607,0.15936782956123352
CelebA,38,1.5,0.01,1.5461914539337158,27.560596981664283,0.7780676484107971,0.17717953026294708
CelebA,39,1.5,0.01,1.8162801265716553,22.524909060492263,0.7369515299797058,0.2227741777896881
CelebA,40,1.5,0.01,1.8157066106796265,25.716250195131643,0.7802910804748535,0.1556515097618103
CelebA,41,1.5,0.01,1.7951098680496216,27.73432255035894,0.8486151099205017,0.1826402097940445
CelebA,42,1.5,0.01,1.598304033279419,25.70445639764881,0.7515230178833008,0.2627958357334137
CelebA,43,1.5,0.01,1.9621305465698242,27.203971474213127,0.775056779384613,0.22512304782867432
CelebA,44,1.5,0.01,1.659543514251709,25.893766405345012,0.7315242886543274,0.1588900238275528
CelebA,45,1.5,0.01,1.4146555662155151,27.470618164555134,0.7855536341667175,0.24599546194076538
CelebA,46,1.5,0.01,1.7408262491226196,28.28474222205632,0.8116185069084167,0.1501481831073761
CelebA,47,1.5,0.01,1.6554059982299805,27.71514887222635,0.7318543791770935,0.272232323884964
CelebA,48,1.5,0.01,1.8645027875900269,26.086097572728626,0.8022664189338684,0.20028749108314514
CelebA,49,1.5,0.01,1.755490779876709,29.810143418978576,0.7890504002571106,0.1035141870379448
CelebA,50,1.5,0.01,1.641376256942749,27.061038204435768,0.7594971656799316,0.18508736789226532
CelebA,51,1.5,0.01,1.694573998451233,25.094839658709397,0.7023761868476868,0.2180585265159607
CelebA,52,1.5,0.01,1.6952710151672363,26.961510093933107,0.8027575612068176,0.17818865180015564
CelebA,53,1.5,0.01,1.7718679904937744,26.614326955487194,0.8281924724578857,0.15607240796089172
CelebA,54,1.5,0.01,1.9248744249343872,27.198727622734324,0.8169286847114563,0.14790190756320953
CelebA,55,1.5,0.01,1.8335527181625366,26.459508968624412,0.7855868935585022,0.1782771348953247
CelebA,56,1.5,0.01,1.797667145729065,26.52245011720437,0.8575603365898132,0.08764047920703888
CelebA,57,1.5,0.01,1.8922265768051147,24.596558537824563,0.7825506329536438,0.22496475279331207
CelebA,58,1.5,0.01,1.918087363243103,27.455614509779245,0.7736093401908875,0.18899716436862946
CelebA,59,1.5,0.01,1.788263201713562,28.2840174456273,0.8329927921295166,0.17899471521377563
CelebA,60,1.5,0.01,1.62148916721344,27.65523075616718,0.7269158959388733,0.16118329763412476
CelebA,61,1.5,0.01,2.011308431625366,24.572133081966207,0.6946768760681152,0.24830175936222076
CelebA,62,1.5,0.01,1.7375528812408447,25.38688910574063,0.7449050545692444,0.15781262516975403
CelebA,63,1.5,0.01,1.879599928855896,23.89900818032471,0.7243182063102722,0.28993159532546997
CelebA,64,1.5,0.01,1.8187932968139648,25.14559212003836,0.7942788004875183,0.2771429121494293
CelebA,65,1.5,0.01,1.9120255708694458,27.380108216198465,0.889223575592041,0.11857683956623077
CelebA,66,1.5,0.01,1.8748507499694824,28.07252289832086,0.8461875915527344,0.1257910430431366
CelebA,67,1.5,0.01,1.5117522478103638,28.020223575139166,0.7430359721183777,0.25257164239883423
CelebA,68,1.5,0.01,1.5736433267593384,26.21983712274508,0.7651424407958984,0.21972841024398804
CelebA,69,1.5,0.01,1.612861156463623,29.154081814949112,0.8388514518737793,0.09880644083023071
CelebA,70,1.5,0.01,1.6116037368774414,28.270212591973703,0.7894862294197083,0.17655569314956665
CelebA,71,1.5,0.01,1.7115179300308228,24.985194826678217,0.8489987254142761,0.1127813458442688
CelebA,72,1.5,0.01,1.7714499235153198,25.14209744217783,0.7633435130119324,0.1778106391429901
CelebA,73,1.5,0.01,1.7877167463302612,29.057604813332638,0.8861732482910156,0.1078609824180603
CelebA,74,1.5,0.01,1.8596470355987549,25.71106146761336,0.8340436816215515,0.18525074422359467
CelebA,75,1.5,0.01,1.7808480262756348,31.408095885883643,0.8971583247184753,0.08645710349082947
CelebA,76,1.5,0.01,1.6933553218841553,25.776851459332523,0.7410869002342224,0.21102780103683472
CelebA,77,1.5,0.01,1.6290805339813232,26.776941057681466,0.7420384287834167,0.23576323688030243
CelebA,78,1.5,0.01,1.9097378253936768,23.623344477739273,0.7839515805244446,0.23765970766544342
CelebA,79,1.5,0.01,1.7846779823303223,27.68029787333421,0.8002673983573914,0.18640629947185516
CelebA,80,1.5,0.01,1.5370079278945923,24.630658378376992,0.6565680503845215,0.28741392493247986
CelebA,81,1.5,0.01,1.8206062316894531,28.003466026681817,0.7882712483406067,0.1574641764163971
CelebA,82,1.5,0.01,1.731288194656372,27.155368072046716,0.7981441020965576,0.27298039197921753
CelebA,83,1.5,0.01,1.7344213724136353,27.502061127310967,0.8303597569465637,0.12327699363231659
CelebA,84,1.5,0.01,1.9201135635375977,26.08221161435456,0.812950611114502,0.08914738893508911
CelebA,85,1.5,0.01,1.7701356410980225,24.949641835404115,0.7588760256767273,0.18387249112129211
CelebA,86,1.5,0.01,1.868575096130371,25.731559252046825,0.833336591720581,0.11600319296121597
CelebA,87,1.5,0.01,1.9220582246780396,26.448016746113115,0.821190357208252,0.12971915304660797
CelebA,88,1.5,0.01,1.5942599773406982,27.511769604600623,0.7718872427940369,0.24098357558250427
CelebA,89,1.5,0.01,1.681666374206543,24.893844332616514,0.7474507689476013,0.2056918740272522
CelebA,90,1.5,0.01,1.9253772497177124,27.503362095913037,0.8302338123321533,0.09263925999403
CelebA,91,1.5,0.01,1.6844841241836548,28.45327686608706,0.7804312109947205,0.1800885796546936
CelebA,92,1.5,0.01,1.9286253452301025,26.781934744648304,0.7992966771125793,0.10184305906295776
CelebA,93,1.5,0.01,1.8664442300796509,25.121021849889445,0.7589626908302307,0.19783952832221985
CelebA,94,1.5,0.01,1.8198095560073853,23.285587866683585,0.8033340573310852,0.21276414394378662
CelebA,95,1.5,0.01,1.7266287803649902,29.110179474295347,0.8542838096618652,0.11791184544563293
CelebA,96,1.5,0.01,1.7495627403259277,25.175631882442037,0.741450309753418,0.3320128917694092
CelebA,97,1.5,0.01,1.6553951501846313,26.4892229407204,0.7609348893165588,0.18741175532341003
CelebA,98,1.5,0.01,1.8156853914260864,22.341721732000433,0.6828320026397705,0.3137369751930237
CelebA,99,1.5,0.01,1.8737311363220215,26.166462093715506,0.7862088680267334,0.1357196569442749
CelebA,100,1.5,0.01,1.495293378829956,26.259183217096677,0.7292997241020203,0.2563406527042389
CelebA,101,1.5,0.01,1.800145149230957,27.87302345149827,0.802537739276886,0.16331462562084198
CelebA,102,1.5,0.01,1.6937463283538818,25.190216536902813,0.8238582611083984,0.18394076824188232
CelebA,103,1.5,0.01,1.4590528011322021,25.45273260556804,0.7017486691474915,0.290528804063797
CelebA,104,1.5,0.01,1.6988965272903442,24.780148344133192,0.7700970768928528,0.2738504707813263
CelebA,105,1.5,0.01,1.607509732246399,31.240578522896424,0.8604857325553894,0.13094967603683472
CelebA,106,1.5,0.01,1.6040370464324951,26.269881262163885,0.7786588668823242,0.2185438722372055
CelebA,107,1.5,0.01,1.7023115158081055,25.124706915386497,0.7636612057685852,0.22555696964263916
CelebA,108,1.5,0.01,1.8431885242462158,25.649226872930583,0.791766345500946,0.20986902713775635
CelebA,109,1.5,0.01,1.5290029048919678,27.652222461052204,0.7646362781524658,0.3174353837966919
CelebA,110,1.5,0.01,1.7246185541152954,28.11137163670411,0.8403921127319336,0.1406390368938446
CelebA,111,1.5,0.01,1.5911312103271484,26.9450123179236,0.7676913142204285,0.34639546275138855
CelebA,112,1.5,0.01,1.7584837675094604,24.97085121138565,0.7845150828361511,0.14779727160930634
CelebA,113,1.5,0.01,1.679976463317871,25.569492916902217,0.7550835013389587,0.2819368541240692
CelebA,114,1.5,0.01,1.7120600938796997,26.24964034577711,0.7358576655387878,0.32009100914001465
CelebA,115,1.5,0.01,1.7490721940994263,26.158324906699786,0.7346795201301575,0.17989481985569
CelebA,116,1.5,0.01,1.8684170246124268,27.372786389448336,0.8548740744590759,0.10660611093044281
CelebA,117,1.5,0.01,1.4415565729141235,28.424924655070434,0.7707169055938721,0.265615314245224
CelebA,118,1.5,0.01,1.928722858428955,23.849579373025964,0.7721193432807922,0.2476803958415985
CelebA,119,1.5,0.01,1.479170560836792,24.488632817467966,0.6720366477966309,0.2664448618888855
CelebA,120,1.5,0.01,1.7636288404464722,25.92468679938328,0.7897883057594299,0.22006532549858093
CelebA,121,1.5,0.01,1.6818320751190186,24.02855139647345,0.7124415040016174,0.30439138412475586
CelebA,122,1.5,0.01,1.712173581123352,31.40928959152966,0.90652996301651,0.08223709464073181
CelebA,123,1.5,0.01,1.9273427724838257,28.30660220159689,0.8353959918022156,0.11722241342067719
CelebA,124,1.5,0.01,1.9414644241333008,25.153584283837237,0.8383930325508118,0.16781827807426453
CelebA,125,1.5,0.01,1.6950043439865112,25.594531756661972,0.7906179428100586,0.16032227873802185
CelebA,126,1.5,0.01,1.9214825630187988,26.4484362876407,0.7963070273399353,0.18597885966300964
CelebA,127,1.5,0.01,1.6464530229568481,25.79669164974281,0.7964444160461426,0.20297852158546448
CelebA,128,1.5,0.01,1.7749475240707397,25.3768622189623,0.8144386410713196,0.14035506546497345
CelebA,129,1.5,0.01,1.6552863121032715,28.329371782138093,0.8527755737304688,0.1681508719921112
CelebA,130,1.5,0.01,1.6855745315551758,25.80209530094967,0.7603731751441956,0.18211477994918823
CelebA,131,1.5,0.01,1.7725059986114502,27.21146084539368,0.7689056992530823,0.3330845236778259
CelebA,132,1.5,0.01,1.6046503782272339,26.43194849512954,0.7822473049163818,0.18953940272331238
CelebA,133,1.5,0.01,1.8018105030059814,25.720961143303107,0.7451607584953308,0.19030970335006714
CelebA,134,1.5,0.01,1.6033368110656738,27.925760201223362,0.8470938205718994,0.15660610795021057
CelebA,135,1.5,0.01,1.8190351724624634,25.171110022944397,0.7810994982719421,0.13941268622875214
CelebA,136,1.5,0.01,1.7140607833862305,26.907968795915668,0.6754842400550842,0.26291990280151367
CelebA,137,1.5,0.01,1.6497052907943726,25.759185333632303,0.7617971301078796,0.3104899525642395
CelebA,138,1.5,0.01,1.6595908403396606,25.04293538308877,0.7319117188453674,0.27405691146850586
CelebA,139,1.5,0.01,1.6727219820022583,28.964472704398556,0.7568467259407043,0.21619698405265808
CelebA,140,1.5,0.01,1.7255818843841553,27.806928278055196,0.8213147521018982,0.20836880803108215
CelebA,141,1.5,0.01,1.579032063484192,28.999893152846834,0.8726447224617004,0.10147006809711456
CelebA,142,1.5,0.01,1.7288457155227661,26.479364305389367,0.8065001368522644,0.14994055032730103
CelebA,143,1.5,0.01,1.7619198560714722,28.910530420962193,0.8377647995948792,0.13783474266529083
CelebA,144,1.5,0.01,1.6656198501586914,26.20091478085021,0.7634384036064148,0.17539486289024353
CelebA,145,1.5,0.01,1.924330711364746,26.411113737193173,0.7450715899467468,0.2423763871192932
CelebA,146,1.5,0.01,1.81209135055542,25.0034321052998,0.7381618022918701,0.2515186667442322
CelebA,147,1.5,0.01,1.8317676782608032,28.1201895703056,0.8363708853721619,0.14276857674121857
CelebA,148,1.5,0.01,1.716230869293213,30.035251838916388,0.8535693287849426,0.14473983645439148
CelebA,149,1.5,0.01,1.8837281465530396,26.44936477893809,0.8218953013420105,0.11153111606836319
CelebA,150,1.5,0.01,1.7618613243103027,27.495537981912385,0.8584936261177063,0.22252292931079865
CelebA,151,1.5,0.01,1.8689916133880615,28.175915411634364,0.854669988155365,0.12071582674980164
CelebA,152,1.5,0.01,1.887811541557312,25.418657763946047,0.7335505485534668,0.15360473096370697
CelebA,153,1.5,0.01,1.7996262311935425,27.099629373178715,0.8344451785087585,0.14355699717998505
CelebA,154,1.5,0.01,1.5729957818984985,26.443720564018854,0.7627391219139099,0.21588490903377533
CelebA,155,1.5,0.01,1.6536033153533936,28.98772794966653,0.8148182034492493,0.11060955375432968
CelebA,156,1.5,0.01,1.5996142625808716,23.815475326667528,0.598911702632904,0.387942373752594
CelebA,157,1.5,0.01,1.6076371669769287,27.7588101859864,0.8078067302703857,0.22873938083648682
CelebA,158,1.5,0.01,1.8161901235580444,28.84323075476508,0.8445879817008972,0.1137726753950119
CelebA,159,1.5,0.01,1.86967134475708,24.680005174720662,0.7654800415039062,0.2274935245513916
CelebA,160,1.5,0.01,1.578306794166565,28.070724938158783,0.8218324780464172,0.22616128623485565
CelebA,161,1.5,0.01,1.7807011604309082,24.347299122417084,0.7189209461212158,0.20500294864177704
CelebA,162,1.5,0.01,1.4881057739257812,28.819481154545585,0.790454089641571,0.19124439358711243
CelebA,163,1.5,0.01,1.695490837097168,23.44169424370143,0.7097866535186768,0.24013499915599823
CelebA,164,1.5,0.01,1.6786304712295532,27.29738085878072,0.7571287751197815,0.1627676635980606
CelebA,165,1.5,0.01,1.7865997552871704,25.922043189395467,0.8247923254966736,0.11832448840141296
CelebA,166,1.5,0.01,1.9189282655715942,23.939207865499093,0.8091487288475037,0.13322298228740692
CelebA,167,1.5,0.01,1.7247180938720703,27.31545897914311,0.8114225268363953,0.14182932674884796
CelebA,168,1.5,0.01,1.8369338512420654,24.71379675633508,0.7807178497314453,0.18971748650074005
CelebA,169,1.5,0.01,1.727732539176941,28.603076443015695,0.8762233853340149,0.10888959467411041
CelebA,170,1.5,0.01,1.5445408821105957,26.739585594980735,0.7755382061004639,0.27206185460090637
CelebA,171,1.5,0.01,1.620686650276184,27.13839911179431,0.7739985585212708,0.19695313274860382
CelebA,172,1.5,0.01,1.8369276523590088,28.846229587960206,0.8280226588249207,0.10582013428211212
CelebA,173,1.5,0.01,1.8124878406524658,28.087722408021666,0.7728205323219299,0.10752655565738678
CelebA,174,1.5,0.01,1.835400104522705,25.68951224803901,0.7786264419555664,0.1802428662776947
CelebA,175,1.5,0.01,1.6128374338150024,25.599924446908886,0.7498535513877869,0.19404283165931702
CelebA,176,1.5,0.01,1.8327456712722778,23.722042113312526,0.727679431438446,0.2359447181224823
CelebA,177,1.5,0.01,1.9121053218841553,27.277645315440413,0.819233238697052,0.17160458862781525
CelebA,178,1.5,0.01,1.869149923324585,25.775571014948326,0.8145809173583984,0.10367048531770706
CelebA,179,1.5,0.01,1.694300889968872,25.449469523838776,0.7773744463920593,0.1942106932401657
CelebA,180,1.5,0.01,1.918379545211792,26.411221271607488,0.7842085957527161,0.2103942632675171
CelebA,181,1.5,0.01,1.568124532699585,28.02925319500813,0.7613714337348938,0.18546906113624573
CelebA,182,1.5,0.01,1.489889144897461,24.478640720020174,0.7185811996459961,0.2645408511161804
CelebA,183,1.5,0.01,1.4741390943527222,26.65966338663199,0.7483318448066711,0.2980632483959198
CelebA,184,1.5,0.01,1.862630009651184,25.524672904117928,0.8114168047904968,0.17521171271800995
CelebA,185,1.5,0.01,1.2612793445587158,27.49957492349106,0.6972036957740784,0.29500052332878113
CelebA,186,1.5,0.01,1.8175461292266846,27.951440460592035,0.8267351984977722,0.15200760960578918
CelebA,187,1.5,0.01,1.6573203802108765,29.27174850596178,0.8775487542152405,0.10537432134151459
CelebA,188,1.5,0.01,1.8029658794403076,30.02814878292709,0.8927941918373108,0.07153790444135666
CelebA,189,1.5,0.01,1.7494220733642578,26.21966986089553,0.7606101632118225,0.23085245490074158
CelebA,190,1.5,0.01,1.6638821363449097,28.78738812350597,0.7531557083129883,0.13871264457702637
CelebA,191,1.5,0.01,1.826812982559204,25.827669343334755,0.8060524463653564,0.10625322163105011
CelebA,192,1.5,0.01,1.6141239404678345,28.097601851299665,0.800266444683075,0.22494909167289734
CelebA,193,1.5,0.01,1.7060214281082153,24.146002100000146,0.7289128303527832,0.27753084897994995
CelebA,194,1.5,0.01,1.7962367534637451,26.552743841161906,0.8058023452758789,0.22965776920318604
CelebA,195,1.5,0.01,1.7580167055130005,26.62721339661978,0.7349705100059509,0.218423992395401
CelebA,196,1.5,0.01,1.6509885787963867,22.484286074046498,0.702509880065918,0.3963421583175659
CelebA,197,1.5,0.01,1.6611151695251465,28.10526642329926,0.7715875506401062,0.1515679955482483
CelebA,198,1.5,0.01,1.8257009983062744,26.318255335467914,0.774698793888092,0.17072799801826477
CelebA,199,1.5,0.01,1.7944791316986084,26.558088963025533,0.77535480260849,0.11318150162696838
CelebA,200,1.5,0.01,1.5843490362167358,27.334754654016088,0.8141481280326843,0.1694854348897934
CelebA,201,1.5,0.01,1.7901073694229126,24.961368507170114,0.7874426245689392,0.16451512277126312
CelebA,202,1.5,0.01,1.9650770425796509,25.688754135549537,0.7691242694854736,0.2151358425617218
CelebA,203,1.5,0.01,1.6789151430130005,27.4151055367251,0.8713199496269226,0.08449652791023254
CelebA,204,1.5,0.01,1.6940367221832275,28.154871113910502,0.7254860997200012,0.08478746563196182
CelebA,205,1.5,0.01,1.7261348962783813,24.806039006423912,0.7022063136100769,0.3886520266532898
CelebA,206,1.5,0.01,1.7725344896316528,27.37065428366204,0.7829583287239075,0.19666284322738647
CelebA,207,1.5,0.01,1.6918388605117798,25.70905404457379,0.818315327167511,0.21038450300693512
CelebA,208,1.5,0.01,1.7276008129119873,27.504644669669084,0.8010222315788269,0.2140188068151474
CelebA,209,1.5,0.01,1.7118574380874634,28.91552411424747,0.8513493537902832,0.10205818712711334
CelebA,210,1.5,0.01,1.776711344718933,29.358027324893754,0.8318739533424377,0.14842118322849274
CelebA,211,1.5,0.01,1.822131633758545,26.45732401738204,0.8369319438934326,0.09240275621414185
CelebA,212,1.5,0.01,1.6048195362091064,28.5411147660186,0.7536546587944031,0.2487163543701172
CelebA,213,1.5,0.01,1.919256567955017,27.39252375524805,0.7893071174621582,0.15265628695487976
CelebA,214,1.5,0.01,1.7486366033554077,26.015202905050568,0.7714898586273193,0.14307138323783875
CelebA,215,1.5,0.01,1.9199217557907104,26.919691984322228,0.7259021401405334,0.20118309557437897
CelebA,216,1.5,0.01,1.6981406211853027,28.294706526957214,0.8265542984008789,0.12499673664569855
CelebA,217,1.5,0.01,2.0172712802886963,24.600151160545863,0.8027393817901611,0.1191311776638031
CelebA,218,1.5,0.01,1.6507232189178467,25.145645026204328,0.7001767158508301,0.21610739827156067
CelebA,219,1.5,0.01,1.8173547983169556,25.939286452246456,0.7806878089904785,0.255583256483078
CelebA,220,1.5,0.01,1.818225622177124,28.281912601435938,0.8809905052185059,0.10612882673740387
CelebA,221,1.5,0.01,1.792653203010559,25.408194116357194,0.7743940949440002,0.1357620507478714
CelebA,222,1.5,0.01,1.9372090101242065,25.596392648494962,0.7991518378257751,0.07389220595359802
CelebA,223,1.5,0.01,1.776755690574646,26.620076267600634,0.7928362488746643,0.13497762382030487
CelebA,224,1.5,0.01,1.7337526082992554,27.022699566458144,0.8007389903068542,0.20471252501010895
CelebA,225,1.5,0.01,1.8695176839828491,26.80130139229074,0.810582160949707,0.11605870723724365
CelebA,226,1.5,0.01,1.6513750553131104,25.53510376447262,0.7291106581687927,0.2559157907962799
CelebA,227,1.5,0.01,1.6954911947250366,24.56367339361237,0.6805257201194763,0.40256571769714355
CelebA,228,1.5,0.01,1.6541372537612915,24.96975142820795,0.7358360290527344,0.22721071541309357
CelebA,229,1.5,0.01,1.8210029602050781,27.29321001582226,0.7450356483459473,0.1930425465106964
CelebA,230,1.5,0.01,1.8236318826675415,23.853259187629867,0.796466052532196,0.23359434306621552
CelebA,231,1.5,0.01,1.5677915811538696,28.348193798122196,0.8572365641593933,0.09134643524885178
CelebA,232,1.5,0.01,1.6746670007705688,26.775081272936696,0.7823922634124756,0.1808827519416809
CelebA,233,1.5,0.01,1.5283303260803223,29.3188006262217,0.8343724608421326,0.18327906727790833
CelebA,234,1.5,0.01,1.7177977561950684,30.028537579233934,0.8243000507354736,0.22654293477535248
CelebA,235,1.5,0.01,1.9335618019104004,24.73987523307009,0.7972261309623718,0.17096546292304993
CelebA,236,1.5,0.01,1.6429017782211304,25.65496568441794,0.7476629614830017,0.2563108503818512
CelebA,237,1.5,0.01,1.7744609117507935,30.32547801428762,0.8738377690315247,0.09398027509450912
CelebA,238,1.5,0.01,1.6998744010925293,26.47167691861227,0.7958353161811829,0.16735675930976868
CelebA,239,1.5,0.01,1.7201582193374634,23.74313576702326,0.6836946606636047,0.3326006531715393
CelebA,240,1.5,0.01,1.6506462097167969,25.7597981490286,0.7629215717315674,0.23185768723487854
CelebA,241,1.5,0.01,1.347862720489502,24.269851187407507,0.7429892420768738,0.20300063490867615
CelebA,242,1.5,0.01,1.647526502609253,26.7014802645773,0.7073114514350891,0.19525517523288727
CelebA,243,1.5,0.01,1.6715269088745117,26.4033239152648,0.7962502837181091,0.17670926451683044
CelebA,244,1.5,0.01,1.6401196718215942,27.09763239272995,0.8488753437995911,0.10922233015298843
CelebA,245,1.5,0.01,1.7848578691482544,25.449735501991036,0.6820921897888184,0.2550888657569885
CelebA,246,1.5,0.01,1.6982468366622925,28.30618114668983,0.8721516132354736,0.10552312433719635
CelebA,247,1.5,0.01,1.7514337301254272,26.581767156886755,0.7151558995246887,0.26229071617126465
CelebA,248,1.5,0.01,1.7834076881408691,25.910912133588266,0.7345132231712341,0.20847328007221222
CelebA,249,1.5,0.01,1.674500823020935,26.58362008979204,0.7526127696037292,0.18207260966300964
CelebA,0,1.5,0.05,1.9188047647476196,25.133604344185233,0.719015896320343,0.22234997153282166
CelebA,1,1.5,0.05,1.4984235763549805,26.37010596697278,0.805228054523468,0.1026608943939209
CelebA,2,1.5,0.05,1.703814148902893,27.34294481519045,0.7760818600654602,0.15911251306533813
CelebA,3,1.5,0.05,1.4998728036880493,28.115516767682422,0.8591557145118713,0.15475735068321228
CelebA,4,1.5,0.05,1.651989459991455,26.64564387477064,0.7778800129890442,0.1691758930683136
CelebA,5,1.5,0.05,1.7698715925216675,24.512910834367354,0.7658883929252625,0.26034843921661377
CelebA,6,1.5,0.05,1.5829274654388428,27.816547213478508,0.7617763876914978,0.2660711705684662
CelebA,7,1.5,0.05,1.7483959197998047,25.828811216025137,0.7436370849609375,0.312765508890152
CelebA,8,1.5,0.05,1.494055151939392,27.60322837113423,0.7618038654327393,0.18301331996917725
CelebA,9,1.5,0.05,1.681792140007019,23.372415431868095,0.7694913744926453,0.2078818529844284
CelebA,10,1.5,0.05,1.681635856628418,26.66701049108753,0.8130884766578674,0.1790122389793396
CelebA,11,1.5,0.05,1.7348079681396484,27.046833027138277,0.8192122578620911,0.14013032615184784
CelebA,12,1.5,0.05,1.6652965545654297,26.583654623995958,0.7474639415740967,0.2421824038028717
CelebA,13,1.5,0.05,1.5929338932037354,27.832798875121565,0.8150594234466553,0.1263519674539566
CelebA,14,1.5,0.05,1.5928231477737427,28.85180107794733,0.8500874638557434,0.15592297911643982
CelebA,15,1.5,0.05,1.3386783599853516,28.176074865556284,0.7929311394691467,0.23895606398582458
CelebA,16,1.5,0.05,1.9600929021835327,24.982717539730793,0.7720215320587158,0.2281462699174881
CelebA,17,1.5,0.05,1.7675591707229614,27.997516909300025,0.8150033354759216,0.18009072542190552
CelebA,18,1.5,0.05,1.730807900428772,28.61465274940862,0.8643131852149963,0.13360820710659027
CelebA,19,1.5,0.05,1.6058658361434937,27.83018440786725,0.8468852639198303,0.12285047769546509
CelebA,20,1.5,0.05,1.9131286144256592,27.6117569631498,0.8837870955467224,0.0708194375038147
CelebA,21,1.5,0.05,1.8113585710525513,25.033622503201766,0.744466245174408,0.14239102602005005
CelebA,22,1.5,0.05,1.6993489265441895,26.474409241705015,0.8013694882392883,0.25061115622520447
CelebA,23,1.5,0.05,1.7309948205947876,28.809386633790993,0.7944384217262268,0.26492542028427124
CelebA,24,1.5,0.05,1.643348217010498,26.782235502900285,0.7598783373832703,0.18494169414043427
CelebA,25,1.5,0.05,1.7575719356536865,28.44956645359926,0.8392090201377869,0.1357039213180542
CelebA,26,1.5,0.05,1.76791512966156,26.63639765197878,0.8259503245353699,0.11652834713459015
CelebA,27,1.5,0.05,1.5898830890655518,26.422836489679803,0.7536213397979736,0.21070155501365662
CelebA,28,1.5,0.05,1.5393580198287964,24.83683277678256,0.7675220370292664,0.23977211117744446
CelebA,29,1.5,0.05,1.97897469997406,26.23516444557019,0.8393511772155762,0.18560372292995453
CelebA,30,1.5,0.05,1.435416340827942,27.010197541721798,0.7817001342773438,0.20878705382347107
CelebA,31,1.5,0.05,1.6869462728500366,24.48080589020689,0.7029038071632385,0.2291649729013443
CelebA,32,1.5,0.05,2.01688289642334,22.662478815055657,0.7231605648994446,0.15247699618339539
CelebA,33,1.5,0.05,1.7777700424194336,24.530553203893106,0.7223581671714783,0.30011504888534546
CelebA,34,1.5,0.05,1.7386174201965332,23.825766535352585,0.7577295899391174,0.2116144597530365
CelebA,35,1.5,0.05,1.5042314529418945,29.512301364480503,0.8774452209472656,0.1078336238861084
CelebA,36,1.5,0.05,1.6729227304458618,28.46103568228014,0.8391237258911133,0.12264838069677353
CelebA,37,1.5,0.05,1.5802867412567139,26.10627268123583,0.7609777450561523,0.15899871289730072
CelebA,38,1.5,0.05,1.4470016956329346,27.5572591009794,0.7785975933074951,0.18086311221122742
CelebA,39,1.5,0.05,1.8079917430877686,22.538313613694374,0.7373161911964417,0.2222563475370407
CelebA,40,1.5,0.05,1.7925965785980225,25.763750580781483,0.7813323140144348,0.1548374593257904
CelebA,41,1.5,0.05,1.7545394897460938,27.739977502486912,0.8488805890083313,0.18294131755828857
CelebA,42,1.5,0.05,1.5356582403182983,25.725826863402233,0.7532870173454285,0.26129788160324097
CelebA,43,1.5,0.05,1.9216134548187256,27.21353535806019,0.7749483585357666,0.2262314409017563
CelebA,44,1.5,0.05,1.5911284685134888,25.926815038079887,0.7324059009552002,0.15926265716552734
CelebA,45,1.5,0.05,1.1638574600219727,27.503352990908073,0.7876173853874207,0.25047746300697327
CelebA,46,1.5,0.05,1.6648056507110596,28.311678611398232,0.8130452632904053,0.15050704777240753
CelebA,47,1.5,0.05,1.5504908561706543,27.758287552504637,0.7331882119178772,0.2710058093070984
CelebA,48,1.5,0.05,1.8311808109283447,26.117456633409244,0.8029071688652039,0.20042061805725098
CelebA,49,1.5,0.05,1.6879616975784302,29.829960233511777,0.7863218188285828,0.10414975881576538
CelebA,50,1.5,0.05,1.541853427886963,27.10293558502481,0.7608245015144348,0.18526503443717957
CelebA,51,1.5,0.05,1.6590956449508667,25.099780061846523,0.7026036381721497,0.21768303215503693
CelebA,52,1.5,0.05,1.6348527669906616,26.973689690384294,0.8031209111213684,0.18022289872169495
CelebA,53,1.5,0.05,1.7338813543319702,26.639956729268512,0.82940274477005,0.15464253723621368
CelebA,54,1.5,0.05,1.887347936630249,27.228205203615236,0.817374050617218,0.14990653097629547
CelebA,55,1.5,0.05,1.8097981214523315,26.488138142446047,0.7858551144599915,0.17885690927505493
CelebA,56,1.5,0.05,1.7703194618225098,26.558358131461368,0.8587210774421692,0.08778809756040573
CelebA,57,1.5,0.05,1.8711374998092651,24.61785502456783,0.7831204533576965,0.2244797945022583
CelebA,58,1.5,0.05,1.8651809692382812,27.483317357010783,0.7738757133483887,0.18877992033958435
CelebA,59,1.5,0.05,1.7372257709503174,28.29312407909647,0.8333907723426819,0.17819972336292267
CelebA,60,1.5,0.05,1.5179245471954346,27.682129784075542,0.7265426516532898,0.16673824191093445
CelebA,61,1.5,0.05,1.983059048652649,24.625298600054435,0.6961790919303894,0.24643152952194214
CelebA,62,1.5,0.05,1.7095341682434082,25.3976028343642,0.7456462979316711,0.15728983283042908
CelebA,63,1.5,0.05,1.8599717617034912,23.9094517281702,0.7246343493461609,0.2896054983139038
CelebA,64,1.5,0.05,1.7671558856964111,25.192995607187317,0.7958028316497803,0.27794355154037476
CelebA,65,1.5,0.05,1.8682787418365479,27.451437141945235,0.8901975154876709,0.12006865441799164
CelebA,66,1.5,0.05,1.8587806224822998,28.05887231181797,0.8463709354400635,0.1263035237789154
CelebA,67,1.5,0.05,1.3009653091430664,28.003792320065365,0.7426302433013916,0.25523072481155396
CelebA,68,1.5,0.05,1.4766509532928467,26.200071632944272,0.7653186917304993,0.22008390724658966
CelebA,69,1.5,0.05,1.454576015472412,29.35173182842659,0.8436022400856018,0.10195902734994888
CelebA,70,1.5,0.05,1.510596513748169,28.269448826463382,0.7907447218894958,0.178095281124115
CelebA,71,1.5,0.05,1.6831295490264893,24.97682819029854,0.8486413955688477,0.11386489123106003
CelebA,72,1.5,0.05,1.7555317878723145,25.145160628186602,0.7636963725090027,0.17796418070793152
CelebA,73,1.5,0.05,1.7285059690475464,29.10206441919691,0.8869572281837463,0.10859610140323639
CelebA,74,1.5,0.05,1.8208343982696533,25.730937165107086,0.8344041705131531,0.18624459207057953
CelebA,75,1.5,0.05,1.7166179418563843,31.40375634604874,0.8977752327919006,0.08784334361553192
CelebA,76,1.5,0.05,1.6500879526138306,25.786734162854064,0.7416804432868958,0.21080006659030914
CelebA,77,1.5,0.05,1.568496823310852,26.76532132541739,0.7419973015785217,0.23667758703231812
CelebA,78,1.5,0.05,1.8777046203613281,23.655902804877314,0.7843919396400452,0.23915967345237732
CelebA,79,1.5,0.05,1.7574459314346313,27.677523911001103,0.7999346256256104,0.18613073229789734
CelebA,80,1.5,0.05,1.4691945314407349,24.62933109896767,0.6575925946235657,0.2880847752094269
CelebA,81,1.5,0.05,1.7535284757614136,28.018041254441787,0.789063036441803,0.15638840198516846
CelebA,82,1.5,0.05,1.6692724227905273,27.14530450675799,0.7979456782341003,0.2735592722892761
CelebA,83,1.5,0.05,1.7099826335906982,27.49202182341305,0.8302062153816223,0.12319822609424591
CelebA,84,1.5,0.05,1.8974578380584717,26.082613675207895,0.8127913475036621,0.08974118530750275
CelebA,85,1.5,0.05,1.730805516242981,24.967467957343736,0.7594196200370789,0.18331225216388702
CelebA,86,1.5,0.05,1.8432385921478271,25.766198074522364,0.8337838053703308,0.11861002445220947
CelebA,87,1.5,0.05,1.885838508605957,26.48681854974912,0.8222019076347351,0.12909244000911713
CelebA,88,1.5,0.05,1.4946682453155518,27.507138049977318,0.7730118632316589,0.23986907303333282
CelebA,89,1.5,0.05,1.6290205717086792,24.91923004945042,0.74819016456604,0.2058381885290146
CelebA,90,1.5,0.05,1.9101648330688477,27.50840550232871,0.8301138281822205,0.09381487220525742
CelebA,91,1.5,0.05,1.6047917604446411,28.458181043487777,0.7812967300415039,0.1795109212398529
CelebA,92,1.5,0.05,1.9153711795806885,26.79210604301161,0.7994133830070496,0.10146592557430267
CelebA,93,1.5,0.05,1.8466404676437378,25.134073274087353,0.7597139477729797,0.19823306798934937
CelebA,94,1.5,0.05,1.811240553855896,23.29084157287408,0.8034319877624512,0.21299931406974792
CelebA,95,1.5,0.05,1.6644203662872314,29.111779664582926,0.8547523021697998,0.11744850873947144
CelebA,96,1.5,0.05,1.7095986604690552,25.197878658061413,0.741753339767456,0.33238646388053894
CelebA,97,1.5,0.05,1.6003127098083496,26.52518050884803,0.7631335258483887,0.1860983818769455
CelebA,98,1.5,0.05,1.8077143430709839,22.33816233204537,0.6827285885810852,0.31325915455818176
CelebA,99,1.5,0.05,1.8224682807922363,26.180317222245975,0.7867295145988464,0.13585369288921356
CelebA,100,1.5,0.05,1.3934272527694702,26.266578977767324,0.7308905720710754,0.2549608647823334
CelebA,101,1.5,0.05,1.7583808898925781,27.8950208094713,0.8028653264045715,0.162511944770813
CelebA,102,1.5,0.05,1.6547625064849854,25.19881415183638,0.8242121338844299,0.18349255621433258
CelebA,103,1.5,0.05,1.3162766695022583,25.45201790941981,0.702504575252533,0.2921521067619324
CelebA,104,1.5,0.05,1.6627899408340454,24.768829362378142,0.7703403830528259,0.2745055556297302
CelebA,105,1.5,0.05,1.3103002309799194,31.609979320577317,0.8645026087760925,0.12055245041847229
CelebA,106,1.5,0.05,1.5201388597488403,26.298841604151693,0.7798430323600769,0.22106081247329712
CelebA,107,1.5,0.05,1.6628555059432983,25.11990967516004,0.7641065716743469,0.22623178362846375
CelebA,108,1.5,0.05,1.8144575357437134,25.68559869181882,0.79294753074646,0.20936767756938934
CelebA,109,1.5,0.05,1.3580996990203857,27.701634112770996,0.7672395706176758,0.31540536880493164
CelebA,110,1.5,0.05,1.657160997390747,28.09065397968862,0.840536892414093,0.14173415303230286
CelebA,111,1.5,0.05,1.4970899820327759,26.91829622182467,0.767892599105835,0.34776240587234497
CelebA,112,1.5,0.05,1.713210105895996,25.002063945116376,0.7853686809539795,0.1476295441389084
CelebA,113,1.5,0.05,1.638938069343567,25.578027719823034,0.7556374669075012,0.28377410769462585
CelebA,114,1.5,0.05,1.658347725868225,26.28587536101096,0.7379751205444336,0.31845542788505554
CelebA,115,1.5,0.05,1.6948015689849854,26.16823848840408,0.7338176369667053,0.1796785444021225
CelebA,116,1.5,0.05,1.823319435119629,27.372690858428168,0.8544235229492188,0.10787524282932281
CelebA,117,1.5,0.05,1.0975978374481201,28.508002783987347,0.7750360369682312,0.2673870325088501
CelebA,118,1.5,0.05,1.923512578010559,23.837535275914416,0.7731392979621887,0.24844007194042206
CelebA,119,1.5,0.05,1.3432542085647583,24.52944495673489,0.673639714717865,0.2699413299560547
CelebA,120,1.5,0.05,1.711859107017517,25.9408090829846,0.7900803685188293,0.21887704730033875
CelebA,121,1.5,0.05,1.6394811868667603,24.041580940497752,0.7131585478782654,0.3036174774169922
CelebA,122,1.5,0.05,1.6514837741851807,31.3901313801402,0.9066576361656189,0.0836908295750618
CelebA,123,1.5,0.05,1.912660002708435,28.341590338793296,0.8353235721588135,0.1171969324350357
CelebA,124,1.5,0.05,1.9256778955459595,25.157929414178298,0.8388588428497314,0.1684548258781433
CelebA,125,1.5,0.05,1.6374742984771729,25.670184100380098,0.7919378280639648,0.15949487686157227
CelebA,126,1.5,0.05,1.889743447303772,26.48261429089759,0.7971930503845215,0.18593694269657135
CelebA,127,1.5,0.05,1.5931386947631836,25.792881080758498,0.7966762185096741,0.20261356234550476
CelebA,128,1.5,0.05,1.7498048543930054,25.39142762906451,0.8146924376487732,0.14036613702774048
CelebA,129,1.5,0.05,1.5853031873703003,28.30389447033226,0.8523802757263184,0.16852311789989471
CelebA,130,1.5,0.05,1.6482361555099487,25.827939790281278,0.7611140608787537,0.18211202323436737
CelebA,131,1.5,0.05,1.7176377773284912,27.23750817839539,0.7701217532157898,0.33278992772102356
CelebA,132,1.5,0.05,1.530385136604309,26.461630550337528,0.784692108631134,0.1876639723777771
CelebA,133,1.5,0.05,1.7715884447097778,25.730081373590814,0.7453654408454895,0.19020065665245056
CelebA,134,1.5,0.05,1.5256891250610352,27.877532921953886,0.8472165465354919,0.1576816588640213
CelebA,135,1.5,0.05,1.810124397277832,25.189808648485364,0.7810907363891602,0.14080697298049927
CelebA,136,1.5,0.05,1.6301203966140747,26.922689962739355,0.6766419410705566,0.26189935207366943
CelebA,137,1.5,0.05,1.5613853931427002,25.78600104097651,0.7632052898406982,0.3068472146987915
CelebA,138,1.5,0.05,1.5890052318572998,25.04801330765695,0.7329998016357422,0.2750862240791321
CelebA,139,1.5,0.05,1.5732823610305786,28.95640448510911,0.755989134311676,0.21734780073165894
CelebA,140,1.5,0.05,1.6570403575897217,27.798079631462073,0.8216351866722107,0.20757563412189484
CelebA,141,1.5,0.05,1.4577587842941284,29.017256863117318,0.8733091950416565,0.10848863422870636
CelebA,142,1.5,0.05,1.6819688081741333,26.530855693403822,0.8072154521942139,0.15342466533184052
CelebA,143,1.5,0.05,1.702165126800537,28.893628152349663,0.8377397656440735,0.13986343145370483
CelebA,144,1.5,0.05,1.5929553508758545,26.234633286808915,0.7652711868286133,0.17792437970638275
CelebA,145,1.5,0.05,1.8869773149490356,26.42668701540195,0.7450394630432129,0.2430761605501175
CelebA,146,1.5,0.05,1.7740399837493896,25.010690943456243,0.738547146320343,0.2523311376571655
CelebA,147,1.5,0.05,1.80763840675354,28.099073502069174,0.8365069031715393,0.14394274353981018
CelebA,148,1.5,0.05,1.6262261867523193,30.016470598837635,0.8535873889923096,0.14422771334648132
CelebA,149,1.5,0.05,1.8741389513015747,26.45169670290715,0.822033703327179,0.11159031093120575
CelebA,150,1.5,0.05,1.729215145111084,27.508255382481465,0.8586912155151367,0.22234967350959778
CelebA,151,1.5,0.05,1.8568118810653687,28.161945415295744,0.8547652363777161,0.12126310169696808
CelebA,152,1.5,0.05,1.8646396398544312,25.423313871899474,0.7327075004577637,0.15346160531044006
CelebA,153,1.5,0.05,1.757796287536621,27.114430277907204,0.834671676158905,0.14717352390289307
CelebA,154,1.5,0.05,1.521437406539917,26.48473549038251,0.7642209529876709,0.21499855816364288
CelebA,155,1.5,0.05,1.5883034467697144,28.960273163143796,0.8148188591003418,0.11099617183208466
CelebA,156,1.5,0.05,1.5323047637939453,23.83965706963842,0.6006229519844055,0.3880477547645569
CelebA,157,1.5,0.05,1.5254143476486206,27.774189611143395,0.8090007901191711,0.22934040427207947
CelebA,158,1.5,0.05,1.7779567241668701,28.853749139246453,0.8441354632377625,0.11323211342096329
CelebA,159,1.5,0.05,1.8473830223083496,24.693451596323985,0.7665055394172668,0.22526824474334717
CelebA,160,1.5,0.05,1.4825003147125244,28.053230495674256,0.8216747641563416,0.22932887077331543
CelebA,161,1.5,0.05,1.7578858137130737,24.36217996790313,0.7199564576148987,0.2044670730829239
CelebA,162,1.5,0.05,1.3048641681671143,28.825160368231828,0.7904031872749329,0.1941588968038559
CelebA,163,1.5,0.05,1.6651133298873901,23.459562647478784,0.711163341999054,0.23852227628231049
CelebA,164,1.5,0.05,1.6024816036224365,27.341534489628067,0.7585325241088867,0.1643146425485611
CelebA,165,1.5,0.05,1.7621747255325317,25.962733698022657,0.8261313438415527,0.11876791715621948
CelebA,166,1.5,0.05,1.910139799118042,23.959132323454583,0.8097983002662659,0.13328534364700317
CelebA,167,1.5,0.05,1.6709887981414795,27.32634033501659,0.8113536834716797,0.1416534036397934
CelebA,168,1.5,0.05,1.8129737377166748,24.715009661967308,0.7806546688079834,0.19028471410274506
CelebA,169,1.5,0.05,1.6909472942352295,28.627027250105286,0.8768447041511536,0.10942156612873077
CelebA,170,1.5,0.05,1.4322590827941895,26.748254203794893,0.7759609818458557,0.2724389433860779
CelebA,171,1.5,0.05,1.5632646083831787,27.184125649388736,0.77532559633255,0.1966162919998169
CelebA,172,1.5,0.05,1.8097172975540161,28.832829754484173,0.8280022144317627,0.10672447830438614
CelebA,173,1.5,0.05,1.773108720779419,28.115270418199966,0.7710524201393127,0.10840541869401932
CelebA,174,1.5,0.05,1.8117297887802124,25.734546813321096,0.7801010012626648,0.18041621148586273
CelebA,175,1.5,0.05,1.543661117553711,25.606411291848758,0.7504397034645081,0.19476766884326935
CelebA,176,1.5,0.05,1.8150163888931274,23.72472322701743,0.7279810309410095,0.2374131679534912
CelebA,177,1.5,0.05,1.8667916059494019,27.301542673762533,0.8202460408210754,0.17071717977523804
CelebA,178,1.5,0.05,1.827602744102478,25.84353538645474,0.8165335655212402,0.10462870448827744
CelebA,179,1.5,0.05,1.6501717567443848,25.483919475836345,0.7785959839820862,0.1929073929786682
CelebA,180,1.5,0.05,1.9028563499450684,26.41533967436732,0.7848753333091736,0.2111687809228897
CelebA,181,1.5,0.05,1.4364163875579834,28.055515551460633,0.7622504830360413,0.1851610541343689
CelebA,182,1.5,0.05,1.4284287691116333,24.509325655958737,0.7200641632080078,0.2634727954864502
CelebA,183,1.5,0.05,1.2975207567214966,26.67703865042239,0.7502381205558777,0.30073797702789307
CelebA,184,1.5,0.05,1.84230637550354,25.534015941399474,0.811961829662323,0.1746852695941925
CelebA,185,1.5,0.05,0.6641746163368225,27.36609298484663,0.6973705291748047,0.31339240074157715
CelebA,186,1.5,0.05,1.7589056491851807,27.998145668703888,0.82832270860672,0.15063424408435822
CelebA,187,1.5,0.05,1.5907163619995117,29.322297152324083,0.8778080940246582,0.1052326187491417
CelebA,188,1.5,0.05,1.757826328277588,30.063799792752988,0.8934164643287659,0.071018286049366
CelebA,189,1.5,0.05,1.6912987232208252,26.22136522034581,0.7610443234443665,0.2324140965938568
CelebA,190,1.5,0.05,1.5369741916656494,28.8676087526055,0.7547433972358704,0.1386498361825943
CelebA,191,1.5,0.05,1.8049544095993042,25.840698547527474,0.8065130114555359,0.10482550412416458
CelebA,192,1.5,0.05,1.4993205070495605,28.069227206413455,0.80063396692276,0.22679747641086578
CelebA,193,1.5,0.05,1.6792765855789185,24.13310588595589,0.7295276522636414,0.27456825971603394
CelebA,194,1.5,0.05,1.7460026741027832,26.57863301186298,0.806640625,0.2304532825946808
CelebA,195,1.5,0.05,1.7121315002441406,26.650834336627756,0.7331466674804688,0.21895381808280945
CelebA,196,1.5,0.05,1.6022883653640747,22.505555502557595,0.7030909657478333,0.39539510011672974
CelebA,197,1.5,0.05,1.56256902217865,28.159410086478083,0.7738408446311951,0.15543711185455322
CelebA,198,1.5,0.05,1.8072402477264404,26.33641978404746,0.7754483819007874,0.16987797617912292
CelebA,199,1.5,0.05,1.7577930688858032,26.586462943498024,0.7759820818901062,0.11327364295721054
CelebA,200,1.5,0.05,1.4806207418441772,27.33537954905338,0.8145358562469482,0.17346128821372986
CelebA,201,1.5,0.05,1.7612626552581787,24.969601233986545,0.7876611351966858,0.16679072380065918
CelebA,202,1.5,0.05,1.953635334968567,25.68059641030161,0.768047034740448,0.21444088220596313
CelebA,203,1.5,0.05,1.6412652730941772,27.410765830927602,0.8718340992927551,0.08509252965450287
CelebA,204,1.5,0.05,1.6566060781478882,28.17142055604642,0.7191803455352783,0.08579554408788681
CelebA,205,1.5,0.05,1.6726585626602173,24.85039288009616,0.7036734223365784,0.38783007860183716
CelebA,206,1.5,0.05,1.7125165462493896,27.420662943457536,0.7840390205383301,0.1965431272983551
CelebA,207,1.5,0.05,1.6337229013442993,25.735898932433653,0.8194268345832825,0.21014130115509033
CelebA,208,1.5,0.05,1.67327082157135,27.495987324103442,0.7984312176704407,0.21558500826358795
CelebA,209,1.5,0.05,1.6495829820632935,28.949382373256675,0.852154016494751,0.10304656624794006
CelebA,210,1.5,0.05,1.7513178586959839,29.335567339264763,0.8300635814666748,0.14848840236663818
CelebA,211,1.5,0.05,1.8112940788269043,26.441018168277104,0.8366458415985107,0.0939936637878418
CelebA,212,1.5,0.05,1.4673577547073364,28.52758088247458,0.755401611328125,0.24881260097026825
CelebA,213,1.5,0.05,1.8766322135925293,27.42633145450143,0.7896806597709656,0.15248163044452667
CelebA,214,1.5,0.05,1.6967880725860596,26.059960293260822,0.7723426222801208,0.14229412376880646
CelebA,215,1.5,0.05,1.9018899202346802,26.91661205519538,0.7231776714324951,0.20182612538337708
CelebA,216,1.5,0.05,1.6121186017990112,28.310915058159168,0.8270850777626038,0.12536531686782837
CelebA,217,1.5,0.05,2.008387327194214,24.60102615352791,0.8032822608947754,0.11941026151180267
CelebA,218,1.5,0.05,1.5999542474746704,25.166384541948897,0.7018888592720032,0.21630072593688965
CelebA,219,1.5,0.05,1.7772274017333984,25.949002332098065,0.7813227772712708,0.2556280791759491
CelebA,220,1.5,0.05,1.7745165824890137,28.283852957292037,0.8813356757164001,0.10625025629997253
CelebA,221,1.5,0.05,1.771663784980774,25.40342294803667,0.7742857933044434,0.1364835798740387
CelebA,222,1.5,0.05,1.9196150302886963,25.62397019026735,0.8006038665771484,0.07373854517936707
CelebA,223,1.5,0.05,1.7465749979019165,26.65311419251942,0.793816089630127,0.13468216359615326
CelebA,224,1.5,0.05,1.6547420024871826,27.061174919617113,0.8008956909179688,0.20826756954193115
CelebA,225,1.5,0.05,1.818536639213562,26.868618577227352,0.8122711181640625,0.11763528734445572
CelebA,226,1.5,0.05,1.5946545600891113,25.5517951759458,0.7298502922058105,0.2577405571937561
CelebA,227,1.5,0.05,1.6446921825408936,24.5977187314897,0.6824176907539368,0.4012841284275055
CelebA,228,1.5,0.05,1.6011505126953125,24.998915870363764,0.7364045977592468,0.22632381319999695
CelebA,229,1.5,0.05,1.7850476503372192,27.260679218703544,0.7446030974388123,0.1944763958454132
CelebA,230,1.5,0.05,1.8099626302719116,23.875847088873073,0.7973179817199707,0.23467572033405304
CelebA,231,1.5,0.05,1.4502487182617188,28.389352162305702,0.8581719994544983,0.09375828504562378
CelebA,232,1.5,0.05,1.6168947219848633,26.784915773737502,0.7834305167198181,0.18153595924377441
CelebA,233,1.5,0.05,1.3194212913513184,29.32679051705872,0.8365104794502258,0.1868579387664795
CelebA,234,1.5,0.05,1.588818907737732,30.002623056748668,0.8255292773246765,0.2277044951915741
CelebA,235,1.5,0.05,1.9218287467956543,24.751427510256903,0.7978240847587585,0.17182579636573792
CelebA,236,1.5,0.05,1.5882713794708252,25.682003666736524,0.7482805252075195,0.256168007850647
CelebA,237,1.5,0.05,1.7215652465820312,30.338174669446932,0.8737319111824036,0.09507279843091965
CelebA,238,1.5,0.05,1.656914472579956,26.498181074655353,0.7969151139259338,0.16463230550289154
CelebA,239,1.5,0.05,1.6922234296798706,23.769813813926316,0.684908390045166,0.3311574459075928
CelebA,240,1.5,0.05,1.6019647121429443,25.75368605428026,0.7639365196228027,0.2325754165649414
CelebA,241,1.5,0.05,1.2396787405014038,24.24724682372551,0.7414881587028503,0.20426039397716522
CelebA,242,1.5,0.05,1.5632349252700806,26.72297427568155,0.7074251770973206,0.19630548357963562
CelebA,243,1.5,0.05,1.590804100036621,26.434453492010913,0.7972214818000793,0.17857547104358673
CelebA,244,1.5,0.05,1.5612894296646118,27.1365766795836,0.849658727645874,0.10814659297466278
CelebA,245,1.5,0.05,1.7472739219665527,25.478391799865207,0.6849854588508606,0.2534049153327942
CelebA,246,1.5,0.05,1.658766269683838,28.31780285798942,0.8721857666969299,0.10543545335531235
CelebA,247,1.5,0.05,1.6996804475784302,26.594473192388094,0.7152381539344788,0.26188692450523376
CelebA,248,1.5,0.05,1.7557182312011719,25.91382521751859,0.7343242764472961,0.20976291596889496
CelebA,249,1.5,0.05,1.6266543865203857,26.600324299686832,0.7533950805664062,0.18284998834133148
CelebA,0,1.5,0.1,1.8639934062957764,25.14775849324726,0.7210460305213928,0.22264793515205383
CelebA,1,1.5,0.1,1.2246191501617432,26.336677298145865,0.8060736060142517,0.10751545429229736
CelebA,2,1.5,0.1,1.5469456911087036,27.308313256724265,0.7752358913421631,0.16116008162498474
CelebA,3,1.5,0.1,1.0834351778030396,27.98031812734702,0.8568995594978333,0.1701875627040863
CelebA,4,1.5,0.1,1.4455348253250122,26.79693293897694,0.7847800254821777,0.17323923110961914
CelebA,5,1.5,0.1,1.6527419090270996,24.550712782628143,0.7683055996894836,0.2617197334766388
CelebA,6,1.5,0.1,1.2230850458145142,27.780432602707073,0.762684166431427,0.26682573556900024
CelebA,7,1.5,0.1,1.6308118104934692,25.860575952531676,0.7466446757316589,0.311556875705719
CelebA,8,1.5,0.1,1.0307697057724,27.57820779256879,0.7635111212730408,0.19109803438186646
CelebA,9,1.5,0.1,1.591676950454712,23.477094570781205,0.7742326259613037,0.20703577995300293
CelebA,10,1.5,0.1,1.5177457332611084,26.62562769714873,0.8118411898612976,0.18013140559196472
CelebA,11,1.5,0.1,1.5936124324798584,27.04653847588848,0.8191657066345215,0.14867526292800903
CelebA,12,1.5,0.1,1.4458286762237549,26.594088229759016,0.7465456128120422,0.2455998957157135
CelebA,13,1.5,0.1,1.3146781921386719,27.900890629500722,0.8174459338188171,0.14234256744384766
CelebA,14,1.5,0.1,1.1981309652328491,28.703585623056107,0.8465244770050049,0.16312435269355774
CelebA,15,1.5,0.1,0.6425449848175049,27.895268055542914,0.7883922457695007,0.2526569962501526
CelebA,16,1.5,0.1,1.9255800247192383,25.00693958403168,0.7731954455375671,0.22885803878307343
CelebA,17,1.5,0.1,1.6200774908065796,27.94359648487138,0.8156163096427917,0.1819959282875061
CelebA,18,1.5,0.1,1.4876530170440674,28.62356609633238,0.8653519749641418,0.13332334160804749
CelebA,19,1.5,0.1,1.3776862621307373,27.837550062880354,0.8485720753669739,0.12582598626613617
CelebA,20,1.5,0.1,1.8310203552246094,27.6960796980864,0.8846997618675232,0.07027387619018555
CelebA,21,1.5,0.1,1.7472658157348633,25.07306343300934,0.7408432364463806,0.14467032253742218
CelebA,22,1.5,0.1,1.5251915454864502,26.468413132930777,0.8006401658058167,0.26139575242996216
CelebA,23,1.5,0.1,1.4955379962921143,28.919121981119005,0.7989241480827332,0.27323848009109497
CelebA,24,1.5,0.1,1.4436028003692627,26.81218063580731,0.7605233192443848,0.18839392066001892
CelebA,25,1.5,0.1,1.5681880712509155,28.562729118933447,0.8409882187843323,0.13435091078281403
CelebA,26,1.5,0.1,1.6588940620422363,26.638449838631963,0.8270649313926697,0.11623717844486237
CelebA,27,1.5,0.1,1.3341279029846191,26.41685572680516,0.7543783187866211,0.21273142099380493
CelebA,28,1.5,0.1,1.3472659587860107,24.951450154528004,0.771634042263031,0.24348147213459015
CelebA,29,1.5,0.1,1.9233894348144531,26.280671427158136,0.8400344848632812,0.18750041723251343
CelebA,30,1.5,0.1,1.0256621837615967,26.83456464869586,0.7712922096252441,0.22338667511940002
CelebA,31,1.5,0.1,1.5766863822937012,24.514800043449952,0.7052934169769287,0.22962656617164612
CelebA,32,1.5,0.1,1.9723923206329346,22.694115825508018,0.7243903279304504,0.1512686163187027
CelebA,33,1.5,0.1,1.7093573808670044,24.54077289783651,0.7231345176696777,0.30174580216407776
CelebA,34,1.5,0.1,1.6302567720413208,23.936247889535387,0.7594127058982849,0.210313081741333
CelebA,35,1.5,0.1,0.9777443408966064,29.229885553879114,0.8753113150596619,0.11859529465436935
CelebA,36,1.5,0.1,1.4433140754699707,28.368060467559005,0.8387324213981628,0.12768056988716125
CelebA,37,1.5,0.1,1.3537497520446777,26.232948880934472,0.7667431235313416,0.1589653342962265
CelebA,38,1.5,0.1,1.0366919040679932,27.247296495832238,0.7746196389198303,0.20599697530269623
CelebA,39,1.5,0.1,1.730770468711853,22.599691771336726,0.739417314529419,0.22218547761440277
CelebA,40,1.5,0.1,1.6983757019042969,25.853543159269723,0.7842583656311035,0.1548348218202591
CelebA,41,1.5,0.1,1.5987664461135864,27.717926949701074,0.8489990234375,0.18218059837818146
CelebA,42,1.5,0.1,1.3430167436599731,25.709542353030685,0.7555601596832275,0.2606814503669739
CelebA,43,1.5,0.1,1.8112293481826782,27.226934433071264,0.7751309275627136,0.22863925993442535
CelebA,44,1.5,0.1,1.4041815996170044,25.992303575007117,0.7347157597541809,0.16081611812114716
CelebA,45,1.5,0.1,0.3188566267490387,27.272882446420603,0.782643735408783,0.27403193712234497
CelebA,46,1.5,0.1,1.4187839031219482,28.323462150901758,0.8173828125,0.15596401691436768
CelebA,47,1.5,0.1,1.1291637420654297,27.704485808154562,0.7338590621948242,0.2799215018749237
CelebA,48,1.5,0.1,1.6991229057312012,26.25273050867191,0.8062312006950378,0.20084941387176514
CelebA,49,1.5,0.1,1.4061599969863892,29.843911462876434,0.7767753005027771,0.10792750865221024
CelebA,50,1.5,0.1,1.162248134613037,27.16728670762318,0.7638190388679504,0.18770013749599457
CelebA,51,1.5,0.1,1.4833625555038452,25.175889265526603,0.7065069079399109,0.21929484605789185
CelebA,52,1.5,0.1,1.3593190908432007,26.978104563742356,0.8051064610481262,0.190507173538208
CelebA,53,1.5,0.1,1.5911635160446167,26.674812034895808,0.8322913646697998,0.15359067916870117
CelebA,54,1.5,0.1,1.7652596235275269,27.30329193473584,0.8187975883483887,0.15361127257347107
CelebA,55,1.5,0.1,1.72014319896698,26.56293242476021,0.7868494987487793,0.17983406782150269
CelebA,56,1.5,0.1,1.6635777950286865,26.656835912512346,0.8614675402641296,0.08811881393194199
CelebA,57,1.5,0.1,1.8052563667297363,24.660839289337673,0.7844915390014648,0.22371631860733032
CelebA,58,1.5,0.1,1.743298053741455,27.508248261175506,0.773958683013916,0.18956288695335388
CelebA,59,1.5,0.1,1.5155235528945923,28.27873105520466,0.8332352638244629,0.17948055267333984
CelebA,60,1.5,0.1,1.1572504043579102,27.59601994262042,0.7223972678184509,0.18900279700756073
CelebA,61,1.5,0.1,1.8955130577087402,24.782680594293648,0.7004492282867432,0.24068057537078857
CelebA,62,1.5,0.1,1.5962852239608765,25.433747979752226,0.7477400898933411,0.15604239702224731
CelebA,63,1.5,0.1,1.7401225566864014,23.959197744021218,0.7268991470336914,0.2898896336555481
CelebA,64,1.5,0.1,1.5981885194778442,25.297748862464296,0.7990283966064453,0.2812469005584717
CelebA,65,1.5,0.1,1.7238037586212158,27.59892119161278,0.8926002383232117,0.1251511573791504
CelebA,66,1.5,0.1,1.73915696144104,28.049201468326423,0.8466827273368835,0.129240483045578
CelebA,67,1.5,0.1,0.48053479194641113,27.728680645953308,0.7374491691589355,0.2700759470462799
CelebA,68,1.5,0.1,1.0909156799316406,26.045167199222128,0.7638605237007141,0.22748780250549316
CelebA,69,1.5,0.1,0.8242895603179932,29.23269720112627,0.842353105545044,0.13175256550312042
CelebA,70,1.5,0.1,1.0824997425079346,28.145432961360306,0.7933122515678406,0.18797962367534637
CelebA,71,1.5,0.1,1.5937288999557495,24.997485855623317,0.8482559323310852,0.1160636767745018
CelebA,72,1.5,0.1,1.691754698753357,25.142842878517975,0.764705240726471,0.17834733426570892
CelebA,73,1.5,0.1,1.5308846235275269,29.1601028609656,0.888532817363739,0.11462544649839401
CelebA,74,1.5,0.1,1.7432998418807983,25.747063740418227,0.8347671627998352,0.188591867685318
CelebA,75,1.5,0.1,1.4740471839904785,31.27774801493318,0.8985108733177185,0.09434574842453003
CelebA,76,1.5,0.1,1.4549481868743896,25.835022671762708,0.7444542050361633,0.2118879109621048
CelebA,77,1.5,0.1,1.3043068647384644,26.687463979231737,0.7425875663757324,0.2408025860786438
CelebA,78,1.5,0.1,1.8228299617767334,23.7026207689517,0.7850470542907715,0.2411354035139084
CelebA,79,1.5,0.1,1.6547757387161255,27.671550046667686,0.7972323298454285,0.18936142325401306
CelebA,80,1.5,0.1,1.2271225452423096,24.611758564216903,0.6613771319389343,0.29179540276527405
CelebA,81,1.5,0.1,1.526630163192749,28.01482792479991,0.7912214398384094,0.15409797430038452
CelebA,82,1.5,0.1,1.4909192323684692,27.06687401361986,0.7973659634590149,0.27729445695877075
CelebA,83,1.5,0.1,1.54555344581604,27.47234083036652,0.8311733603477478,0.12570813298225403
CelebA,84,1.5,0.1,1.7935540676116943,26.12613331601752,0.8134183287620544,0.09125351905822754
CelebA,85,1.5,0.1,1.6186035871505737,25.025092671662797,0.7608477473258972,0.18277804553508759
CelebA,86,1.5,0.1,1.7745888233184814,25.820839083626936,0.8346508145332336,0.1241195797920227
CelebA,87,1.5,0.1,1.7614929676055908,26.596059561482953,0.8248565793037415,0.1286906599998474
CelebA,88,1.5,0.1,1.0815224647521973,27.364985998902384,0.7743150591850281,0.2440829873085022
CelebA,89,1.5,0.1,1.4614498615264893,24.94948506557983,0.748759925365448,0.20779870450496674
CelebA,90,1.5,0.1,1.8272709846496582,27.597715155518113,0.8316082954406738,0.09518945217132568
CelebA,91,1.5,0.1,1.274878740310669,28.36502720106152,0.7827292084693909,0.18663543462753296
CelebA,92,1.5,0.1,1.840687870979309,26.840222443727097,0.8002843260765076,0.10146516561508179
CelebA,93,1.5,0.1,1.7742915153503418,25.165342403749943,0.7614609599113464,0.1986226588487625
CelebA,94,1.5,0.1,1.761776089668274,23.313014620280764,0.8041976094245911,0.21345391869544983
CelebA,95,1.5,0.1,1.4652155637741089,29.1247987740754,0.8569619059562683,0.11601875722408295
CelebA,96,1.5,0.1,1.5494766235351562,25.251164534759674,0.743342936038971,0.33398962020874023
CelebA,97,1.5,0.1,1.353920578956604,26.525150525167824,0.7656383514404297,0.1872696727514267
CelebA,98,1.5,0.1,1.7307831048965454,22.379266853308124,0.6834509372711182,0.31147143244743347
CelebA,99,1.5,0.1,1.6962381601333618,26.211543195018784,0.7879131436347961,0.13777631521224976
CelebA,100,1.5,0.1,0.8806400299072266,26.206098254967873,0.7331648468971252,0.2574908435344696
CelebA,101,1.5,0.1,1.6387627124786377,27.93493032768469,0.8024843335151672,0.15988227725028992
CelebA,102,1.5,0.1,1.481687307357788,25.226578905925585,0.825203001499176,0.1837220937013626
CelebA,103,1.5,0.1,0.7367846369743347,25.221239522079703,0.6968180537223816,0.31206899881362915
CelebA,104,1.5,0.1,1.5164577960968018,24.74097645086367,0.7715538144111633,0.2767639756202698
CelebA,105,1.5,0.1,0.34539470076560974,31.28781141339436,0.85427325963974,0.1381661742925644
CelebA,106,1.5,0.1,1.1851539611816406,26.224345455908356,0.7789871692657471,0.24772562086582184
CelebA,107,1.5,0.1,1.502052903175354,25.112170807307685,0.7663126587867737,0.22781169414520264
CelebA,108,1.5,0.1,1.7211277484893799,25.746899679035387,0.7955880761146545,0.20862466096878052
CelebA,109,1.5,0.1,0.7034766674041748,27.625181763329444,0.7694088816642761,0.32403290271759033
CelebA,110,1.5,0.1,1.4050137996673584,28.032960949393505,0.8403870463371277,0.14535583555698395
CelebA,111,1.5,0.1,1.0680463314056396,26.750878166716593,0.7667595744132996,0.3570646345615387
CelebA,112,1.5,0.1,1.5915489196777344,25.07767049843325,0.7876316905021667,0.147017240524292
CelebA,113,1.5,0.1,1.445933222770691,25.56971020246224,0.7574933171272278,0.2875293791294098
CelebA,114,1.5,0.1,1.470526099205017,26.345855110617073,0.7433116436004639,0.3145764172077179
CelebA,115,1.5,0.1,1.5276057720184326,26.221502894119496,0.7323557734489441,0.18023626506328583
CelebA,116,1.5,0.1,1.7172247171401978,27.35987949100008,0.8531798720359802,0.11041009426116943
CelebA,117,1.5,0.1,0.28374505043029785,28.270330054053293,0.7745695114135742,0.278988242149353
CelebA,118,1.5,0.1,1.8905510902404785,23.834056016529104,0.7739966511726379,0.24948710203170776
CelebA,119,1.5,0.1,0.8442635536193848,24.597652567928577,0.6799927353858948,0.2814115285873413
CelebA,120,1.5,0.1,1.5518704652786255,25.956855125546447,0.7912134528160095,0.21799038350582123
CelebA,121,1.5,0.1,1.4739055633544922,24.063569662485577,0.7154218554496765,0.3039906620979309
CelebA,122,1.5,0.1,1.390143871307373,31.12704671521992,0.9056035876274109,0.09823349118232727
CelebA,123,1.5,0.1,1.8413127660751343,28.421293912724718,0.8345815539360046,0.11765490472316742
CelebA,124,1.5,0.1,1.8882004022598267,25.159886639670702,0.839556872844696,0.16979974508285522
CelebA,125,1.5,0.1,1.4768197536468506,25.780718405820515,0.793474018573761,0.16408973932266235
CelebA,126,1.5,0.1,1.7785303592681885,26.578000200098913,0.8000733256340027,0.1848270744085312
CelebA,127,1.5,0.1,1.3499776124954224,25.76840077753358,0.797884464263916,0.2020907998085022
CelebA,128,1.5,0.1,1.6617624759674072,25.4348335920113,0.8163089156150818,0.13986364006996155
CelebA,129,1.5,0.1,1.2477834224700928,28.08360956183471,0.8496258854866028,0.17448647320270538
CelebA,130,1.5,0.1,1.465254545211792,25.875380623655843,0.7633536458015442,0.1845671683549881
CelebA,131,1.5,0.1,1.5240017175674438,27.262865679070217,0.7728827595710754,0.3326887786388397
CelebA,132,1.5,0.1,1.2619962692260742,26.461866942594526,0.7886736392974854,0.18668131530284882
CelebA,133,1.5,0.1,1.6645617485046387,25.770359461972436,0.7456551194190979,0.19081853330135345
CelebA,134,1.5,0.1,1.1564927101135254,27.58287030777918,0.8450180888175964,0.16741222143173218
CelebA,135,1.5,0.1,1.7326091527938843,25.270471783937865,0.7828690409660339,0.14390090107917786
CelebA,136,1.5,0.1,1.3655292987823486,26.946650467644112,0.6804501414299011,0.26098209619522095
CelebA,137,1.5,0.1,1.222571611404419,25.79909474862451,0.76568603515625,0.3008621037006378
CelebA,138,1.5,0.1,1.399558424949646,25.037369899798318,0.7349804043769836,0.27841636538505554
CelebA,139,1.5,0.1,1.1266387701034546,28.745323182949114,0.7516606450080872,0.22725927829742432
CelebA,140,1.5,0.1,1.43156099319458,27.74671521941636,0.8225964903831482,0.2062203735113144
CelebA,141,1.5,0.1,0.9420575499534607,28.503283473360035,0.8668298721313477,0.15416699647903442
CelebA,142,1.5,0.1,1.5291837453842163,26.566617989008225,0.8072795271873474,0.16677896678447723
CelebA,143,1.5,0.1,1.4579222202301025,28.80309736834246,0.8370218873023987,0.14847451448440552
CelebA,144,1.5,0.1,1.3571102619171143,26.294225157862897,0.7703879475593567,0.18627431988716125
CelebA,145,1.5,0.1,1.7486801147460938,26.524866144796672,0.7457218766212463,0.24345147609710693
CelebA,146,1.5,0.1,1.6953785419464111,25.018007528792165,0.7395578026771545,0.2537529170513153
CelebA,147,1.5,0.1,1.6845792531967163,28.04777629051594,0.8374700546264648,0.14847297966480255
CelebA,148,1.5,0.1,1.2218133211135864,29.828336234536394,0.8523040413856506,0.14665713906288147
CelebA,149,1.5,0.1,1.803382158279419,26.46311134806,0.8226487636566162,0.11180379986763
CelebA,150,1.5,0.1,1.5895899534225464,27.519609619071726,0.8589513301849365,0.22450461983680725
CelebA,151,1.5,0.1,1.7645376920700073,28.142814613591675,0.855238139629364,0.12225599586963654
CelebA,152,1.5,0.1,1.8150514364242554,25.425254803377655,0.7308750748634338,0.15321138501167297
CelebA,153,1.5,0.1,1.612840175628662,27.149415096869664,0.8351243138313293,0.1579318642616272
CelebA,154,1.5,0.1,1.2190638780593872,26.532230600086745,0.7687282562255859,0.21454653143882751
CelebA,155,1.5,0.1,1.2945446968078613,28.87389428918339,0.8189075589179993,0.11344441771507263
CelebA,156,1.5,0.1,1.295474886894226,23.884906045516637,0.6046208739280701,0.38924604654312134
CelebA,157,1.5,0.1,1.159775733947754,27.68586684646575,0.8110198378562927,0.23620623350143433
CelebA,158,1.5,0.1,1.6521540880203247,28.86494314944198,0.843033492565155,0.11161549389362335
CelebA,159,1.5,0.1,1.757529854774475,24.738770380217524,0.7693306803703308,0.22060099244117737
CelebA,160,1.5,0.1,1.134953498840332,27.89065677393824,0.8184064030647278,0.2435060292482376
CelebA,161,1.5,0.1,1.665344476699829,24.432878949235985,0.7237617373466492,0.20287105441093445
CelebA,162,1.5,0.1,0.5840286016464233,28.57166050815021,0.7858605980873108,0.21127335727214813
CelebA,163,1.5,0.1,1.5700324773788452,23.51770494338308,0.7150387763977051,0.23655062913894653
CelebA,164,1.5,0.1,1.3294599056243896,27.36930307498776,0.7593032717704773,0.1725340485572815
CelebA,165,1.5,0.1,1.6778837442398071,26.073407614040853,0.8292389512062073,0.11857514828443527
CelebA,166,1.5,0.1,1.858094573020935,24.035567529255477,0.8120675683021545,0.13389241695404053
CelebA,167,1.5,0.1,1.5292038917541504,27.322929816677338,0.8104639053344727,0.14599297940731049
CelebA,168,1.5,0.1,1.730802297592163,24.791144297424413,0.7816076874732971,0.193917378783226
CelebA,169,1.5,0.1,1.485870361328125,28.638614447235238,0.8780623078346252,0.1135246679186821
CelebA,170,1.5,0.1,0.9442710280418396,26.660565042759533,0.7739755511283875,0.2798146903514862
CelebA,171,1.5,0.1,1.244182825088501,27.359775985107913,0.780350387096405,0.20017719268798828
CelebA,172,1.5,0.1,1.710240125656128,28.788059693612734,0.8285455107688904,0.10939665138721466
CelebA,173,1.5,0.1,1.6341307163238525,28.206916770446952,0.7690467834472656,0.11262021213769913
CelebA,174,1.5,0.1,1.721564531326294,25.856393077078096,0.7843154072761536,0.17953813076019287
CelebA,175,1.5,0.1,1.3249562978744507,25.574778664094442,0.7515249252319336,0.19867663085460663
CelebA,176,1.5,0.1,1.7437270879745483,23.739201687620803,0.7290903925895691,0.2400655448436737
CelebA,177,1.5,0.1,1.7439754009246826,27.333124000204393,0.8219027519226074,0.1703082025051117
CelebA,178,1.5,0.1,1.7472267150878906,25.9903241529975,0.8205991387367249,0.10657253861427307
CelebA,179,1.5,0.1,1.4631142616271973,25.554372002589968,0.7808039784431458,0.19252553582191467
CelebA,180,1.5,0.1,1.8302736282348633,26.42215144145989,0.7861914038658142,0.2117782086133957
CelebA,181,1.5,0.1,0.929877758026123,27.892082337194193,0.7598121166229248,0.19786646962165833
CelebA,182,1.5,0.1,1.1342759132385254,24.57471154820551,0.7239065170288086,0.27006176114082336
CelebA,183,1.5,0.1,0.6120524406433105,26.526733583067884,0.7490087151527405,0.31927645206451416
CelebA,184,1.5,0.1,1.7369582653045654,25.563346345321104,0.8134028315544128,0.17572544515132904
CelebA,185,1.5,0.1,0.12289685755968094,27.220304102849955,0.6957293152809143,0.3245219588279724
CelebA,186,1.5,0.1,1.5556082725524902,28.09869820006838,0.8321027159690857,0.14901402592658997
CelebA,187,1.5,0.1,1.389158844947815,29.31301659372995,0.8772991299629211,0.10785835236310959
CelebA,188,1.5,0.1,1.6145453453063965,30.143334915444058,0.8948515057563782,0.06932445615530014
CelebA,189,1.5,0.1,1.4921698570251465,26.192663610176016,0.7619132995605469,0.23799045383930206
CelebA,190,1.5,0.1,1.0668455362319946,28.870251436649887,0.7547762989997864,0.14881759881973267
CelebA,191,1.5,0.1,1.7119672298431396,25.906033230700352,0.8083111643791199,0.10324381291866302
CelebA,192,1.5,0.1,1.030846118927002,27.742317844835114,0.7956244349479675,0.2507820725440979
CelebA,193,1.5,0.1,1.5667110681533813,24.11845298672795,0.7325684428215027,0.27079179883003235
CelebA,194,1.5,0.1,1.5500519275665283,26.610633594224264,0.8084456920623779,0.23361200094223022
CelebA,195,1.5,0.1,1.5773109197616577,26.714083085771925,0.7281902432441711,0.22115452587604523
CelebA,196,1.5,0.1,1.4947659969329834,22.53597517197801,0.7039022445678711,0.3941689729690552
CelebA,197,1.5,0.1,1.2053513526916504,27.99112066397153,0.7733513712882996,0.1768801063299179
CelebA,198,1.5,0.1,1.6934702396392822,26.371117829338292,0.7779300808906555,0.1689448207616806
CelebA,199,1.5,0.1,1.6479800939559937,26.63820736715721,0.7775721549987793,0.11363935470581055
CelebA,200,1.5,0.1,1.0665602684020996,27.119298483628146,0.8115289807319641,0.19514964520931244
CelebA,201,1.5,0.1,1.6675901412963867,24.99248961616436,0.78831547498703,0.17068880796432495
CelebA,202,1.5,0.1,1.8776670694351196,25.710550015716187,0.7668280601501465,0.21406057476997375
CelebA,203,1.5,0.1,1.517714262008667,27.347480756002433,0.8723104596138,0.0873919129371643
CelebA,204,1.5,0.1,1.4500681161880493,28.127978251379055,0.7058092951774597,0.09668729454278946
CelebA,205,1.5,0.1,1.524810552597046,24.934333888391244,0.7067806124687195,0.38587892055511475
CelebA,206,1.5,0.1,1.5010815858840942,27.510369502310454,0.7875723838806152,0.1985670030117035
CelebA,207,1.5,0.1,1.469813346862793,25.78484929702039,0.8215312957763672,0.2134159654378891
CelebA,208,1.5,0.1,1.5249804258346558,27.45046756365397,0.7923310399055481,0.21964694559574127
CelebA,209,1.5,0.1,1.399836540222168,28.96690000173154,0.8542059063911438,0.1082562506198883
CelebA,210,1.5,0.1,1.6467742919921875,29.268529950369377,0.8244488835334778,0.14991708099842072
CelebA,211,1.5,0.1,1.7256746292114258,26.439431300153874,0.8352578282356262,0.10086561739444733
CelebA,212,1.5,0.1,0.8283125162124634,28.34235964993411,0.7590723037719727,0.2532396912574768
CelebA,213,1.5,0.1,1.7305309772491455,27.502442586795702,0.790893018245697,0.1528179794549942
CelebA,214,1.5,0.1,1.5494171380996704,26.16621824132268,0.7735335230827332,0.1419910192489624
CelebA,215,1.5,0.1,1.8140932321548462,26.950670631479994,0.7189057469367981,0.2021573781967163
CelebA,216,1.5,0.1,1.2523763179779053,28.249713608054662,0.8278064131736755,0.13297119736671448
CelebA,217,1.5,0.1,1.9726696014404297,24.636459412957915,0.8045766353607178,0.11996747553348541
CelebA,218,1.5,0.1,1.399666428565979,25.231112044250914,0.7067388892173767,0.2154645323753357
CelebA,219,1.5,0.1,1.644792914390564,25.980269838884595,0.783213198184967,0.25561413168907166
CelebA,220,1.5,0.1,1.639042854309082,28.28692204841144,0.8819928765296936,0.10825370252132416
CelebA,221,1.5,0.1,1.692909598350525,25.42450970748026,0.7754848599433899,0.13713930547237396
CelebA,222,1.5,0.1,1.8369239568710327,25.749181903981707,0.8051400184631348,0.07341807335615158
CelebA,223,1.5,0.1,1.5980284214019775,26.75092075639913,0.7976927161216736,0.13545192778110504
CelebA,224,1.5,0.1,1.3464616537094116,27.185751545546076,0.8006176948547363,0.21879395842552185
CelebA,225,1.5,0.1,1.716375470161438,26.936416286596625,0.8148753643035889,0.12651747465133667
CelebA,226,1.5,0.1,1.3575178384780884,25.609421765136066,0.7325258851051331,0.2659461200237274
CelebA,227,1.5,0.1,1.4456427097320557,24.7175260766795,0.6897575855255127,0.39642536640167236
CelebA,228,1.5,0.1,1.3889310359954834,25.033386948216783,0.7373418807983398,0.2280367612838745
CelebA,229,1.5,0.1,1.6654833555221558,27.166658941338348,0.7442423701286316,0.1977543830871582
CelebA,230,1.5,0.1,1.7381880283355713,23.93907662436895,0.7999498248100281,0.23482799530029297
CelebA,231,1.5,0.1,0.980014443397522,28.192100576696607,0.8541319370269775,0.13834047317504883
CelebA,232,1.5,0.1,1.398180603981018,26.776268093299997,0.7857868671417236,0.1861899197101593
CelebA,233,1.5,0.1,0.5556776523590088,28.83304114004836,0.8307396769523621,0.2187056988477707
CelebA,234,1.5,0.1,1.066785454750061,29.713965645033824,0.8252752423286438,0.23667660355567932
CelebA,235,1.5,0.1,1.8638551235198975,24.810432423593618,0.7999951243400574,0.17410875856876373
CelebA,236,1.5,0.1,1.3605268001556396,25.685026582439605,0.7496428489685059,0.2601872384548187
CelebA,237,1.5,0.1,1.4997601509094238,30.214659722804697,0.8727385401725769,0.10047154873609543
CelebA,238,1.5,0.1,1.480922818183899,26.5693170956612,0.8001362681388855,0.16153942048549652
CelebA,239,1.5,0.1,1.5915719270706177,23.849407632874993,0.6883643269538879,0.3281850218772888
CelebA,240,1.5,0.1,1.4214749336242676,25.76147707388554,0.7667266726493835,0.2353435456752777
CelebA,241,1.5,0.1,0.7407212853431702,23.6308403584888,0.716653048992157,0.23830696940422058
CelebA,242,1.5,0.1,1.2207235097885132,26.6663932989399,0.7051622271537781,0.2036888301372528
CelebA,243,1.5,0.1,1.3563086986541748,26.452707205064556,0.7981362342834473,0.18399065732955933
CelebA,244,1.5,0.1,1.247670292854309,27.11069887166174,0.8490765690803528,0.1127496287226677
CelebA,245,1.5,0.1,1.5946272611618042,25.56022684336337,0.6927573680877686,0.24747036397457123
CelebA,246,1.5,0.1,1.448500633239746,28.31713362723672,0.8712350726127625,0.10792656242847443
CelebA,247,1.5,0.1,1.4978288412094116,26.59162832125247,0.716090977191925,0.2607777714729309
CelebA,248,1.5,0.1,1.6331216096878052,26.047648347055667,0.7381289005279541,0.2193056344985962
CelebA,249,1.5,0.1,1.4319865703582764,26.613857694775582,0.7550356984138489,0.18874093890190125
CelebA,0,2.0,0.01,2.078486680984497,23.74140902354377,0.6716353297233582,0.26078951358795166
CelebA,1,2.0,0.01,1.8540488481521606,25.29514461329928,0.7643494606018066,0.12482768297195435
CelebA,2,2.0,0.01,1.969028353691101,26.22077856718829,0.7356470227241516,0.189565971493721
CelebA,3,2.0,0.01,1.9204591512680054,27.097398383092667,0.8311386704444885,0.194107323884964
CelebA,4,2.0,0.01,1.8946315050125122,25.507477789423845,0.728387176990509,0.2157430499792099
CelebA,5,2.0,0.01,2.002648115158081,23.52185556285287,0.7284476161003113,0.31553953886032104
CelebA,6,2.0,0.01,1.8924376964569092,26.914391862887275,0.735012948513031,0.28972485661506653
CelebA,7,2.0,0.01,2.0020954608917236,24.473208579078765,0.6847965121269226,0.36665523052215576
CelebA,8,2.0,0.01,1.8711298704147339,26.857582499170015,0.7354297041893005,0.20305857062339783
CelebA,9,2.0,0.01,1.927079677581787,22.276843465474442,0.7144158482551575,0.2380768060684204
CelebA,10,2.0,0.01,1.9618241786956787,25.626006986403343,0.7730827927589417,0.20666825771331787
CelebA,11,2.0,0.01,2.0006020069122314,25.91044205722438,0.785986602306366,0.18223321437835693
CelebA,12,2.0,0.01,1.9781098365783691,25.85633504780576,0.7144244313240051,0.2742469310760498
CelebA,13,2.0,0.01,1.8762098550796509,26.988020102027072,0.7924674153327942,0.14736807346343994
CelebA,14,2.0,0.01,1.9629460573196411,27.945402419747296,0.8258848190307617,0.1755151003599167
CelebA,15,2.0,0.01,1.6968469619750977,27.149993948471582,0.751081645488739,0.2766098380088806
CelebA,16,2.0,0.01,2.1259827613830566,23.88345828948525,0.7401893734931946,0.25375235080718994
CelebA,17,2.0,0.01,2.023202896118164,26.902084858537854,0.7933564782142639,0.20493505895137787
CelebA,18,2.0,0.01,1.999619483947754,27.74359388814436,0.8452464938163757,0.14888615906238556
CelebA,19,2.0,0.01,1.8840529918670654,26.386559532213667,0.7945497632026672,0.18067510426044464
CelebA,20,2.0,0.01,2.14913010597229,26.503359524170747,0.8624841570854187,0.13171809911727905
CelebA,21,2.0,0.01,2.0072193145751953,24.151339066477032,0.6914569735527039,0.20752555131912231
CelebA,22,2.0,0.01,2.002847909927368,25.44291777566531,0.7708931565284729,0.27881890535354614
CelebA,23,2.0,0.01,2.046285390853882,28.055725575916085,0.778003990650177,0.28197434544563293
CelebA,24,2.0,0.01,1.9621080160140991,25.99196563943723,0.7309049963951111,0.21026523411273956
CelebA,25,2.0,0.01,1.9963401556015015,27.22317316672678,0.8064026832580566,0.1518034040927887
CelebA,26,2.0,0.01,1.989721417427063,24.85717801247741,0.7899897694587708,0.16328197717666626
CelebA,27,2.0,0.01,1.889222502708435,25.42757024731349,0.7125842571258545,0.24775582551956177
CelebA,28,2.0,0.01,1.8177071809768677,23.679563698348094,0.722402811050415,0.2623959481716156
CelebA,29,2.0,0.01,2.2499186992645264,25.575159749107186,0.826813280582428,0.2134464830160141
CelebA,30,2.0,0.01,1.8530042171478271,26.267229644299274,0.7530856132507324,0.24350278079509735
CelebA,31,2.0,0.01,1.9236761331558228,23.64265048044354,0.6625509262084961,0.26457053422927856
CelebA,32,2.0,0.01,2.176539659500122,21.890804724135194,0.691527783870697,0.1743389219045639
CelebA,33,2.0,0.01,2.0658657550811768,23.825265863211996,0.6881095767021179,0.3243299126625061
CelebA,34,2.0,0.01,2.002614974975586,23.03341086940984,0.7251006960868835,0.2446114718914032
CelebA,35,2.0,0.01,1.8686500787734985,28.457836131607763,0.8578336834907532,0.12966692447662354
CelebA,36,2.0,0.01,1.9483028650283813,27.20467159345401,0.8106918334960938,0.1546574980020523
CelebA,37,2.0,0.01,1.8264769315719604,25.18151187938209,0.7310681939125061,0.17346332967281342
CelebA,38,2.0,0.01,1.8206006288528442,26.278058277815823,0.7381184697151184,0.22273626923561096
CelebA,39,2.0,0.01,2.016225814819336,21.683698445365525,0.7013117671012878,0.25430700182914734
CelebA,40,2.0,0.01,2.027928113937378,24.64454186901608,0.7479297518730164,0.18637672066688538
CelebA,41,2.0,0.01,1.9945751428604126,26.5039639207939,0.8215469717979431,0.22349175810813904
CelebA,42,2.0,0.01,1.7829883098602295,24.285187551427548,0.7031076550483704,0.3138269782066345
CelebA,43,2.0,0.01,2.214402437210083,26.692014441870207,0.7575383186340332,0.2424587458372116
CelebA,44,2.0,0.01,1.9165937900543213,25.22326050414356,0.7031521797180176,0.16736410558223724
CelebA,45,2.0,0.01,1.5739070177078247,26.511124530202324,0.7475812435150146,0.28570494055747986
CelebA,46,2.0,0.01,1.9554773569107056,27.601644511020986,0.7966298460960388,0.16743828356266022
CelebA,47,2.0,0.01,1.9029300212860107,26.594650452841833,0.694366991519928,0.31630563735961914
CelebA,48,2.0,0.01,2.0204339027404785,25.193914334599615,0.7748386263847351,0.2305365353822708
CelebA,49,2.0,0.01,1.9642881155014038,29.104003015591555,0.7619298100471497,0.11208423972129822
CelebA,50,2.0,0.01,1.801396369934082,26.2004611469338,0.7232227325439453,0.20393703877925873
CelebA,51,2.0,0.01,1.8962416648864746,24.202605172720677,0.6653888821601868,0.24623192846775055
CelebA,52,2.0,0.01,1.8728848695755005,26.062511984220798,0.7726361155509949,0.201241135597229
CelebA,53,2.0,0.01,1.9984670877456665,25.64592005149077,0.7936926484107971,0.18914219737052917
CelebA,54,2.0,0.01,2.1642637252807617,26.49928915823414,0.7947766184806824,0.18358966708183289
CelebA,55,2.0,0.01,2.0584332942962646,25.833623070012482,0.767299473285675,0.19476337730884552
CelebA,56,2.0,0.01,2.0626578330993652,25.310885638626388,0.8322117924690247,0.10968560725450516
CelebA,57,2.0,0.01,2.08937406539917,23.73893571550544,0.7483027577400208,0.26664039492607117
CelebA,58,2.0,0.01,2.1393468379974365,26.628428406225368,0.7484026551246643,0.20637771487236023
CelebA,59,2.0,0.01,1.9975244998931885,27.193979197463,0.8071001172065735,0.2060261368751526
CelebA,60,2.0,0.01,1.8357871770858765,26.8016954852706,0.6908995509147644,0.20016786456108093
CelebA,61,2.0,0.01,2.191844940185547,24.12179869330017,0.6708021759986877,0.2583667039871216
CelebA,62,2.0,0.01,1.9795860052108765,24.53608546696724,0.710918128490448,0.17430225014686584
CelebA,63,2.0,0.01,2.1187634468078613,23.39452168136503,0.7006950378417969,0.3203306794166565
CelebA,64,2.0,0.01,1.9838770627975464,24.21254298055869,0.7572183012962341,0.32107973098754883
CelebA,65,2.0,0.01,2.142672300338745,26.605015217568003,0.8704246878623962,0.15400798618793488
CelebA,66,2.0,0.01,2.14809513092041,27.358277353102842,0.8327885270118713,0.14874911308288574
CelebA,67,2.0,0.01,1.7751235961914062,27.315065530662096,0.7136161923408508,0.27307718992233276
CelebA,68,2.0,0.01,1.7735967636108398,25.10921080118959,0.7168684601783752,0.2855437695980072
CelebA,69,2.0,0.01,1.8350080251693726,28.251278286276317,0.8170539736747742,0.12334960699081421
CelebA,70,2.0,0.01,1.8755505084991455,27.40926119727447,0.7613398432731628,0.21158847212791443
CelebA,71,2.0,0.01,1.936774730682373,23.993022986026887,0.8181533813476562,0.1408807635307312
CelebA,72,2.0,0.01,1.9903316497802734,23.61873701247105,0.7091780304908752,0.24899199604988098
CelebA,73,2.0,0.01,2.0234851837158203,28.271097030520643,0.870460033416748,0.1354956477880478
CelebA,74,2.0,0.01,2.0604567527770996,24.51021567431689,0.7950623035430908,0.24745026230812073
CelebA,75,2.0,0.01,2.0112967491149902,30.69044609467813,0.8881909251213074,0.09955637902021408
CelebA,76,2.0,0.01,1.8948959112167358,24.73699820396735,0.7009694576263428,0.2502627372741699
CelebA,77,2.0,0.01,1.851449728012085,25.780345639549633,0.7017924785614014,0.2716818153858185
CelebA,78,2.0,0.01,2.1372413635253906,22.528970650420533,0.7396536469459534,0.26704201102256775
CelebA,79,2.0,0.01,2.0570898056030273,26.439447335224703,0.7678573727607727,0.22684350609779358
CelebA,80,2.0,0.01,1.7712302207946777,23.691312783914654,0.6053012609481812,0.33042633533477783
CelebA,81,2.0,0.01,2.0037176609039307,26.8796364351153,0.7547271847724915,0.17903338372707367
CelebA,82,2.0,0.01,1.951179027557373,26.196540200762275,0.7679250240325928,0.2968883514404297
CelebA,83,2.0,0.01,1.9656941890716553,26.408194067191918,0.8029518723487854,0.15997174382209778
CelebA,84,2.0,0.01,2.0777084827423096,24.95683499346545,0.7866694927215576,0.11574482917785645
CelebA,85,2.0,0.01,1.926535725593567,23.92722618337721,0.7231621742248535,0.2178107053041458
CelebA,86,2.0,0.01,2.0894815921783447,24.752804118451643,0.8042580485343933,0.1506817489862442
CelebA,87,2.0,0.01,2.086141586303711,25.6643051749937,0.801784098148346,0.14494037628173828
CelebA,88,2.0,0.01,1.7974873781204224,26.24648676598934,0.7249831557273865,0.3299050033092499
CelebA,89,2.0,0.01,1.8936556577682495,23.696964280403982,0.6996673941612244,0.25475430488586426
CelebA,90,2.0,0.01,2.1593897342681885,26.61263006668486,0.8106811046600342,0.10804250836372375
CelebA,91,2.0,0.01,1.9444960355758667,27.640701363201625,0.7509972453117371,0.20280498266220093
CelebA,92,2.0,0.01,2.1281578540802,25.884433448549583,0.7747060656547546,0.14351914823055267
CelebA,93,2.0,0.01,2.030876398086548,24.14913803809606,0.7208238244056702,0.24647194147109985
CelebA,94,2.0,0.01,2.0284931659698486,22.460003419450977,0.7733328938484192,0.23391661047935486
CelebA,95,2.0,0.01,1.9829237461090088,28.253908080123175,0.8362326622009277,0.1292998343706131
CelebA,96,2.0,0.01,1.9651715755462646,24.409303964474116,0.7163693904876709,0.3579232692718506
CelebA,97,2.0,0.01,1.8356066942214966,25.290937021245693,0.7015581727027893,0.25164568424224854
CelebA,98,2.0,0.01,2.004884958267212,21.548869815133745,0.628904402256012,0.34200581908226013
CelebA,99,2.0,0.01,2.074221134185791,25.42436761425821,0.7576758861541748,0.16788139939308167
CelebA,100,2.0,0.01,1.6975436210632324,25.131107535083466,0.6727683544158936,0.31384533643722534
CelebA,101,2.0,0.01,2.0185294151306152,27.064495953202837,0.7751700282096863,0.1717391312122345
CelebA,102,2.0,0.01,1.8297001123428345,24.23311174279696,0.7887760996818542,0.2106005847454071
CelebA,103,2.0,0.01,1.6281142234802246,24.37956332608145,0.6525057554244995,0.3715033233165741
CelebA,104,2.0,0.01,1.894076943397522,23.78062265802994,0.7300769686698914,0.333565354347229
CelebA,105,2.0,0.01,1.8172591924667358,30.62633655694694,0.8452615141868591,0.1373375803232193
CelebA,106,2.0,0.01,1.8688950538635254,25.504176562269855,0.7463039755821228,0.2468624860048294
CelebA,107,2.0,0.01,1.9607902765274048,24.114123037267518,0.7181439399719238,0.2682459354400635
CelebA,108,2.0,0.01,2.032660484313965,24.261249217731095,0.7474287152290344,0.2744799852371216
CelebA,109,2.0,0.01,1.7246509790420532,26.6744203551892,0.7257829308509827,0.3592497706413269
CelebA,110,2.0,0.01,1.923888087272644,27.310645772356374,0.8231140971183777,0.1509079933166504
CelebA,111,2.0,0.01,1.8256298303604126,26.1934148292249,0.7460731863975525,0.3714170455932617
CelebA,112,2.0,0.01,1.8916507959365845,24.03335194989807,0.7513730525970459,0.18414659798145294
CelebA,113,2.0,0.01,1.9244585037231445,24.62204504567213,0.7172951698303223,0.33131009340286255
CelebA,114,2.0,0.01,1.9534125328063965,25.410359898538765,0.6916211247444153,0.3757770359516144
CelebA,115,2.0,0.01,1.9818354845046997,25.02576232174189,0.6936922073364258,0.20354562997817993
CelebA,116,2.0,0.01,2.09928297996521,26.217234496030226,0.8306809067726135,0.13618461787700653
CelebA,117,2.0,0.01,1.7173622846603394,27.66739887348036,0.7437722682952881,0.28461095690727234
CelebA,118,2.0,0.01,2.0974326133728027,22.571016538163544,0.722568690776825,0.30520451068878174
CelebA,119,2.0,0.01,1.6636919975280762,23.77730836023671,0.6288701295852661,0.3068403899669647
CelebA,120,2.0,0.01,1.9819679260253906,25.012920929644885,0.7559247612953186,0.25359922647476196
CelebA,121,2.0,0.01,1.8931840658187866,22.99197993405816,0.6682746410369873,0.34693077206611633
CelebA,122,2.0,0.01,1.9917080402374268,30.54794221616104,0.8958989977836609,0.10175801068544388
CelebA,123,2.0,0.01,2.0987274646759033,27.602205680436313,0.8116136193275452,0.1411859542131424
CelebA,124,2.0,0.01,2.165832757949829,24.27464260270252,0.8150712847709656,0.207670658826828
CelebA,125,2.0,0.01,1.9079971313476562,24.54333021609657,0.755588710308075,0.19652387499809265
CelebA,126,2.0,0.01,2.0924127101898193,25.304332690184243,0.7610123157501221,0.20797638595104218
CelebA,127,2.0,0.01,1.8907630443572998,24.561011006905275,0.7473578453063965,0.2685451805591583
CelebA,128,2.0,0.01,1.942653775215149,23.89108136625798,0.7620442509651184,0.17443668842315674
CelebA,129,2.0,0.01,1.9062179327011108,27.201282535891128,0.8241705298423767,0.19039562344551086
CelebA,130,2.0,0.01,1.8928954601287842,24.874063427137973,0.7240170836448669,0.20487339794635773
CelebA,131,2.0,0.01,1.9768521785736084,26.256257985514377,0.7367270588874817,0.37722277641296387
CelebA,132,2.0,0.01,1.8753737211227417,25.2380184204587,0.7255575656890869,0.24816954135894775
CelebA,133,2.0,0.01,2.017245292663574,24.79623929596377,0.7093062996864319,0.214725524187088
CelebA,134,2.0,0.01,1.7804508209228516,26.838526772602734,0.8202381134033203,0.18739326298236847
CelebA,135,2.0,0.01,2.0284135341644287,24.010049682147432,0.7346765398979187,0.22571314871311188
CelebA,136,2.0,0.01,1.9387191534042358,26.13090214562061,0.6441393494606018,0.28196483850479126
CelebA,137,2.0,0.01,1.87256920337677,24.9103228192459,0.7260600924491882,0.346075177192688
CelebA,138,2.0,0.01,1.927357792854309,24.098542078243852,0.6948168873786926,0.31183040142059326
CelebA,139,2.0,0.01,1.8875761032104492,28.024868701455393,0.7315454483032227,0.23387062549591064
CelebA,140,2.0,0.01,1.962128758430481,26.910484060599376,0.7972380518913269,0.2418874353170395
CelebA,141,2.0,0.01,1.7982163429260254,27.874455943862326,0.8490198254585266,0.13721339404582977
CelebA,142,2.0,0.01,1.9616457223892212,25.587495891914635,0.7763686180114746,0.15469405055046082
CelebA,143,2.0,0.01,2.0026469230651855,27.861296532991208,0.8132479786872864,0.15820886194705963
CelebA,144,2.0,0.01,1.892442226409912,25.26798960926962,0.7179040908813477,0.20097783207893372
CelebA,145,2.0,0.01,2.0667126178741455,25.61856601328332,0.7215826511383057,0.25156369805336
CelebA,146,2.0,0.01,2.050600051879883,24.235821537192713,0.7018945813179016,0.27960318326950073
CelebA,147,2.0,0.01,2.0945982933044434,27.01208356248423,0.814859926700592,0.17230059206485748
CelebA,148,2.0,0.01,1.9326906204223633,29.046254808522797,0.8307177424430847,0.15996094048023224
CelebA,149,2.0,0.01,2.136861801147461,25.432924410085743,0.7952642440795898,0.13788941502571106
CelebA,150,2.0,0.01,2.0186216831207275,26.504916117813885,0.8388630747795105,0.2521057426929474
CelebA,151,2.0,0.01,2.0824780464172363,26.853934204252788,0.8324718475341797,0.1457163691520691
CelebA,152,2.0,0.01,2.0834739208221436,24.61268181790296,0.6870622634887695,0.179644376039505
CelebA,153,2.0,0.01,2.0277366638183594,26.303819984117908,0.8123933672904968,0.18029756844043732
CelebA,154,2.0,0.01,1.796035647392273,25.41774586986869,0.7192840576171875,0.2526155114173889
CelebA,155,2.0,0.01,1.9186503887176514,27.80064802417293,0.7781673073768616,0.13958817720413208
CelebA,156,2.0,0.01,1.8392763137817383,23.26940407423665,0.5645119547843933,0.4067309498786926
CelebA,157,2.0,0.01,1.8226916790008545,26.89102381364308,0.7839629054069519,0.24269305169582367
CelebA,158,2.0,0.01,2.007540225982666,27.79285007113487,0.8201220035552979,0.1361500322818756
CelebA,159,2.0,0.01,2.06972074508667,23.610101358115738,0.7232130169868469,0.27099427580833435
CelebA,160,2.0,0.01,1.820141315460205,26.717296613812383,0.7863282561302185,0.2641703486442566
CelebA,161,2.0,0.01,2.0029735565185547,23.432991713218193,0.6742351651191711,0.25277647376060486
CelebA,162,2.0,0.01,1.7759891748428345,28.07926798751494,0.7684946060180664,0.2111167460680008
CelebA,163,2.0,0.01,1.8982588052749634,22.05944037959638,0.6351245045661926,0.32674604654312134
CelebA,164,2.0,0.01,1.8756825923919678,26.285693928393737,0.7115756869316101,0.19680607318878174
CelebA,165,2.0,0.01,1.9706498384475708,25.096144519525886,0.7964670062065125,0.132867693901062
CelebA,166,2.0,0.01,2.097212076187134,23.4478108565377,0.7881248593330383,0.14304865896701813
CelebA,167,2.0,0.01,1.9944133758544922,26.186002176537833,0.7772903442382812,0.19269701838493347
CelebA,168,2.0,0.01,2.0973355770111084,23.89374301542493,0.7536067962646484,0.21994128823280334
CelebA,169,2.0,0.01,1.9970048666000366,27.860292787446067,0.8608590960502625,0.11868525296449661
CelebA,170,2.0,0.01,1.7172929048538208,25.85128440988281,0.7384772896766663,0.3061279058456421
CelebA,171,2.0,0.01,1.8121609687805176,26.03954734193858,0.7369529604911804,0.2167976200580597
CelebA,172,2.0,0.01,2.0952322483062744,27.455467329292386,0.7986442446708679,0.14733216166496277
CelebA,173,2.0,0.01,2.042233467102051,26.91171840313779,0.7346767783164978,0.127381831407547
CelebA,174,2.0,0.01,2.023333787918091,24.879354971771757,0.746202290058136,0.2077200710773468
CelebA,175,2.0,0.01,1.817582368850708,24.414036115914485,0.6997464299201965,0.24340307712554932
CelebA,176,2.0,0.01,2.0234596729278564,22.824343708654897,0.6912439465522766,0.2968556582927704
CelebA,177,2.0,0.01,2.0955770015716553,26.451158489816912,0.8000776171684265,0.1890988051891327
CelebA,178,2.0,0.01,2.035339117050171,24.896457196957602,0.7865957617759705,0.12541405856609344
CelebA,179,2.0,0.01,1.8631376028060913,24.498761063352596,0.7378931045532227,0.22484636306762695
CelebA,180,2.0,0.01,2.1456494331359863,25.571644377129484,0.7621190547943115,0.2331255078315735
CelebA,181,2.0,0.01,1.804625391960144,27.16665973125568,0.7318575978279114,0.20460033416748047
CelebA,182,2.0,0.01,1.7104170322418213,23.16634336848442,0.6602182984352112,0.3226892948150635
CelebA,183,2.0,0.01,1.7150179147720337,25.87311635550502,0.7085576057434082,0.3384701609611511
CelebA,184,2.0,0.01,2.1324734687805176,24.708656372857472,0.7804608345031738,0.22035528719425201
CelebA,185,2.0,0.01,1.5066202878952026,26.809645495238104,0.6640720963478088,0.3464582562446594
CelebA,186,2.0,0.01,1.966688632965088,26.947582681992834,0.7944746017456055,0.17079518735408783
CelebA,187,2.0,0.01,1.9266921281814575,28.305072906232898,0.8615050315856934,0.11393603682518005
CelebA,188,2.0,0.01,2.0448501110076904,29.2104082631128,0.8819428086280823,0.07279761135578156
CelebA,189,2.0,0.01,1.9599213600158691,25.310675771831107,0.7256837487220764,0.2850872278213501
CelebA,190,2.0,0.01,1.8745739459991455,27.944099702722106,0.7258224487304688,0.14846907556056976
CelebA,191,2.0,0.01,2.0189149379730225,24.582554027349936,0.7676089406013489,0.1571296602487564
CelebA,192,2.0,0.01,1.8200745582580566,27.03390031647528,0.7703261971473694,0.24621890485286713
CelebA,193,2.0,0.01,1.845592737197876,22.656776833474925,0.65921550989151,0.34536710381507874
CelebA,194,2.0,0.01,2.058683395385742,25.707264300695904,0.7769145965576172,0.2677982449531555
CelebA,195,2.0,0.01,1.9926328659057617,25.702700500100086,0.6901817321777344,0.24182620644569397
CelebA,196,2.0,0.01,1.8896656036376953,21.564342298457696,0.6441457867622375,0.4529624879360199
CelebA,197,2.0,0.01,1.9096078872680664,27.194231453712987,0.7449143528938293,0.18305987119674683
CelebA,198,2.0,0.01,2.052298069000244,25.381512810155176,0.7379031181335449,0.20700092613697052
CelebA,199,2.0,0.01,2.0182042121887207,25.78219983646831,0.7499831318855286,0.12051918357610703
CelebA,200,2.0,0.01,1.868348479270935,26.4681490332641,0.7907074093818665,0.19164055585861206
CelebA,201,2.0,0.01,2.0140202045440674,23.997180757124013,0.7562199234962463,0.20590749382972717
CelebA,202,2.0,0.01,2.1518912315368652,24.876544755039927,0.7402787208557129,0.23752844333648682
CelebA,203,2.0,0.01,1.9166643619537354,25.715045170324487,0.843338668346405,0.11435811221599579
CelebA,204,2.0,0.01,1.9581860303878784,26.921028974333716,0.696666419506073,0.13737595081329346
CelebA,205,2.0,0.01,1.978625774383545,23.854853629166524,0.668069064617157,0.4305388629436493
CelebA,206,2.0,0.01,1.9211393594741821,26.066216440502924,0.7402955889701843,0.23869207501411438
CelebA,207,2.0,0.01,1.8821427822113037,24.382346671675542,0.775285542011261,0.2928173542022705
CelebA,208,2.0,0.01,1.9368034601211548,26.609304511839905,0.7652687430381775,0.23145252466201782
CelebA,209,2.0,0.01,1.9690947532653809,28.10128811774625,0.8347837328910828,0.10944735258817673
CelebA,210,2.0,0.01,2.00632381439209,28.02995305633648,0.7921256422996521,0.18384674191474915
CelebA,211,2.0,0.01,2.052917242050171,24.968833197168983,0.7888045907020569,0.1754654496908188
CelebA,212,2.0,0.01,1.8929643630981445,27.886257652977456,0.7301066517829895,0.27110880613327026
CelebA,213,2.0,0.01,2.0944085121154785,26.51909443277323,0.7662414908409119,0.16682246327400208
CelebA,214,2.0,0.01,1.960517406463623,24.973117712810083,0.7327542304992676,0.16319045424461365
CelebA,215,2.0,0.01,2.131608247756958,26.052749770907692,0.6929799914360046,0.22349418699741364
CelebA,216,2.0,0.01,1.9653711318969727,27.320569689958777,0.7907180786132812,0.167093887925148
CelebA,217,2.0,0.01,2.164536476135254,23.594732381905512,0.7618728280067444,0.14799949526786804
CelebA,218,2.0,0.01,1.8246487379074097,24.29252708787308,0.6555840969085693,0.24622571468353271
CelebA,219,2.0,0.01,2.062311887741089,25.01518447023774,0.7464725375175476,0.28824251890182495
CelebA,220,2.0,0.01,2.0179789066314697,27.526032327966806,0.864985466003418,0.12823618948459625
CelebA,221,2.0,0.01,2.0073041915893555,24.071077406062862,0.728300154209137,0.1665956676006317
CelebA,222,2.0,0.01,2.1488332748413086,24.809887288231693,0.7733988761901855,0.09849173575639725
CelebA,223,2.0,0.01,2.0251362323760986,25.814073158939305,0.7665521502494812,0.15907220542430878
CelebA,224,2.0,0.01,1.9257233142852783,26.11561158645153,0.7760269045829773,0.24670611321926117
CelebA,225,2.0,0.01,2.0936760902404785,25.93725684345889,0.7816495895385742,0.16738423705101013
CelebA,226,2.0,0.01,1.8851791620254517,24.72602754311426,0.6917972564697266,0.31592869758605957
CelebA,227,2.0,0.01,1.925438642501831,23.97550053535904,0.6525905132293701,0.4399881660938263
CelebA,228,2.0,0.01,1.8925466537475586,24.117926024217667,0.6978498101234436,0.2688971161842346
CelebA,229,2.0,0.01,2.075986385345459,26.40273203747182,0.7218554615974426,0.22195640206336975
CelebA,230,2.0,0.01,2.031175136566162,22.722937558231244,0.7476398944854736,0.29879245162010193
CelebA,231,2.0,0.01,1.8226715326309204,27.430446959542593,0.8291229605674744,0.1145024374127388
CelebA,232,2.0,0.01,1.927065372467041,25.89425078778001,0.7457863688468933,0.21149936318397522
CelebA,233,2.0,0.01,1.7937843799591064,28.497296744940602,0.814454972743988,0.21083609759807587
CelebA,234,2.0,0.01,1.940131664276123,29.061204671803935,0.799781084060669,0.24448104202747345
CelebA,235,2.0,0.01,2.155071973800659,23.74761212335882,0.7615909576416016,0.21405547857284546
CelebA,236,2.0,0.01,1.8462334871292114,24.426613948811227,0.6946966052055359,0.32564738392829895
CelebA,237,2.0,0.01,2.002638816833496,28.81126577003198,0.8591592907905579,0.11010907590389252
CelebA,238,2.0,0.01,1.9648138284683228,25.513541063054884,0.7660769820213318,0.21457180380821228
CelebA,239,2.0,0.01,1.8321903944015503,22.407192095700445,0.6237115263938904,0.38452112674713135
CelebA,240,2.0,0.01,1.8939698934555054,24.919302867506463,0.7248599529266357,0.2730853855609894
CelebA,241,2.0,0.01,1.6051658391952515,22.81704518207993,0.6769099235534668,0.2539043426513672
CelebA,242,2.0,0.01,1.8929260969161987,25.858631885286265,0.6752660870552063,0.2111263871192932
CelebA,243,2.0,0.01,1.9459253549575806,25.44287103576069,0.7619760632514954,0.20841386914253235
CelebA,244,2.0,0.01,1.8911426067352295,25.759776819010433,0.813734233379364,0.14889934659004211
CelebA,245,2.0,0.01,1.9470233917236328,24.6518731727519,0.6436644196510315,0.28944069147109985
CelebA,246,2.0,0.01,1.924038290977478,26.95086254248629,0.8436868786811829,0.1260828673839569
CelebA,247,2.0,0.01,1.9236736297607422,25.71567327983491,0.6821536421775818,0.3048626780509949
CelebA,248,2.0,0.01,2.018462896347046,25.007024777108754,0.6973258852958679,0.24134142696857452
CelebA,249,2.0,0.01,1.9755874872207642,25.664451985971066,0.7228269577026367,0.20771241188049316
CelebA,0,2.0,0.05,2.0541985034942627,23.740098267584514,0.6726198196411133,0.26228246092796326
CelebA,1,2.0,0.05,1.7572494745254517,25.27279840938292,0.7643861770629883,0.1266704648733139
CelebA,2,2.0,0.05,1.9185373783111572,26.191849830964724,0.7351831793785095,0.19003070890903473
CelebA,3,2.0,0.05,1.7817448377609253,27.1110490178835,0.8314390182495117,0.19546201825141907
CelebA,4,2.0,0.05,1.7920374870300293,25.51691280954809,0.7303557991981506,0.21766571700572968
CelebA,5,2.0,0.05,1.957518458366394,23.522621445820768,0.7287243008613586,0.31744498014450073
CelebA,6,2.0,0.05,1.773437738418579,26.90353985432185,0.7353226542472839,0.29083168506622314
CelebA,7,2.0,0.05,1.962857723236084,24.47455159886969,0.6855287551879883,0.3662775158882141
CelebA,8,2.0,0.05,1.71152663230896,26.860263070771836,0.7364247441291809,0.2030675858259201
CelebA,9,2.0,0.05,1.8838616609573364,22.296217666977025,0.7154156565666199,0.23833103477954865
CelebA,10,2.0,0.05,1.9114134311676025,25.591497506900566,0.7723371386528015,0.20733210444450378
CelebA,11,2.0,0.05,1.952597737312317,25.852080382849934,0.7842926383018494,0.18110519647598267
CelebA,12,2.0,0.05,1.9132459163665771,25.835944361286458,0.7131777405738831,0.2758065462112427
CelebA,13,2.0,0.05,1.7685487270355225,26.982560776611,0.7927284240722656,0.15551172196865082
CelebA,14,2.0,0.05,1.8562606573104858,27.905187873059894,0.8246572017669678,0.17776153981685638
CelebA,15,2.0,0.05,1.4589554071426392,27.093216324423615,0.7502462863922119,0.28008487820625305
CelebA,16,2.0,0.05,2.0980560779571533,23.84948025359583,0.7405025959014893,0.2550434172153473
CelebA,17,2.0,0.05,1.9800925254821777,26.867806390775325,0.7931796908378601,0.20626594126224518
CelebA,18,2.0,0.05,1.9106780290603638,27.724173351638473,0.8454534411430359,0.14878727495670319
CelebA,19,2.0,0.05,1.7798994779586792,26.39650278021497,0.7965878844261169,0.1806487888097763
CelebA,20,2.0,0.05,2.1186769008636475,26.488163817679652,0.862007200717926,0.13254038989543915
CelebA,21,2.0,0.05,1.984559416770935,24.145909112778277,0.6895201206207275,0.20711790025234222
CelebA,22,2.0,0.05,1.9327890872955322,25.432716687446963,0.7702515721321106,0.2813541889190674
CelebA,23,2.0,0.05,1.9620181322097778,28.103276814987538,0.779024064540863,0.2855556607246399
CelebA,24,2.0,0.05,1.9063310623168945,25.991462602135186,0.7310153841972351,0.21064475178718567
CelebA,25,2.0,0.05,1.9223171472549438,27.242345188361533,0.8075065612792969,0.15004517138004303
CelebA,26,2.0,0.05,1.9324638843536377,24.942387048650318,0.7909318804740906,0.1637779027223587
CelebA,27,2.0,0.05,1.8040924072265625,25.419215557245643,0.7126250267028809,0.24817539751529694
CelebA,28,2.0,0.05,1.7294342517852783,23.7229146639259,0.7243605256080627,0.2631964683532715
CelebA,29,2.0,0.05,2.216158628463745,25.57407936517722,0.8267579078674316,0.21496151387691498
CelebA,30,2.0,0.05,1.727280616760254,26.22490630611218,0.750515878200531,0.24637800455093384
CelebA,31,2.0,0.05,1.8646903038024902,23.630454036434227,0.6626614928245544,0.2665531635284424
CelebA,32,2.0,0.05,2.1508419513702393,21.907647816255196,0.6922814249992371,0.17404869198799133
CelebA,33,2.0,0.05,2.043903112411499,23.817929782558753,0.6879759430885315,0.32562166452407837
CelebA,34,2.0,0.05,1.9611408710479736,23.03387404153558,0.7250680327415466,0.24639654159545898
CelebA,35,2.0,0.05,1.721679925918579,28.464577332232096,0.8585481643676758,0.12960046529769897
CelebA,36,2.0,0.05,1.8667963743209839,27.175374411985377,0.8106000423431396,0.15591365098953247
CelebA,37,2.0,0.05,1.7492092847824097,25.168831576214004,0.7309944033622742,0.1739812195301056
CelebA,38,2.0,0.05,1.6943154335021973,26.240284746751712,0.7376152873039246,0.22975432872772217
CelebA,39,2.0,0.05,1.9877701997756958,21.683555405077616,0.7014009356498718,0.2548600733280182
CelebA,40,2.0,0.05,1.9907841682434082,24.66899721354581,0.7488411068916321,0.1870591938495636
CelebA,41,2.0,0.05,1.9264519214630127,26.46428846551652,0.8209657073020935,0.2255994975566864
CelebA,42,2.0,0.05,1.7127453088760376,24.297339248119492,0.704432487487793,0.31442636251449585
CelebA,43,2.0,0.05,2.1830103397369385,26.669709331431584,0.7568714618682861,0.24384522438049316
CelebA,44,2.0,0.05,1.8324204683303833,25.23503554902568,0.7035131454467773,0.1681995838880539
CelebA,45,2.0,0.05,1.1945273876190186,26.467521804876057,0.7469242215156555,0.29871469736099243
CelebA,46,2.0,0.05,1.8660255670547485,27.554878732457333,0.7971339821815491,0.1701705902814865
CelebA,47,2.0,0.05,1.7803258895874023,26.632523425810675,0.6953199505805969,0.31771185994148254
CelebA,48,2.0,0.05,1.9665638208389282,25.202298839914533,0.7752151489257812,0.23288920521736145
CelebA,49,2.0,0.05,1.879798412322998,29.067724334212564,0.7578727602958679,0.1138799861073494
CelebA,50,2.0,0.05,1.6573078632354736,26.18973825083288,0.723139226436615,0.2055267095565796
CelebA,51,2.0,0.05,1.8282901048660278,24.192803430843522,0.6652078032493591,0.24794405698776245
CelebA,52,2.0,0.05,1.7546749114990234,26.031647945002874,0.7723641395568848,0.2076757252216339
CelebA,53,2.0,0.05,1.9319350719451904,25.637408290435935,0.7945470809936523,0.1899263560771942
CelebA,54,2.0,0.05,2.10957407951355,26.504628085580126,0.7946411967277527,0.18717114627361298
CelebA,55,2.0,0.05,2.017759323120117,25.847571408413526,0.7675423622131348,0.19595977663993835
CelebA,56,2.0,0.05,2.0283961296081543,25.323507609699046,0.8330568671226501,0.11205399036407471
CelebA,57,2.0,0.05,2.058058261871338,23.75169008176245,0.748511791229248,0.26688840985298157
CelebA,58,2.0,0.05,2.0640885829925537,26.622224815935454,0.7482410073280334,0.20676551759243011
CelebA,59,2.0,0.05,1.9207940101623535,27.17314399869402,0.8068988919258118,0.2064453363418579
CelebA,60,2.0,0.05,1.6936241388320923,26.746228354950322,0.6876422762870789,0.2112698256969452
CelebA,61,2.0,0.05,2.1654129028320312,24.1489335313562,0.6718748211860657,0.256977379322052
CelebA,62,2.0,0.05,1.9298038482666016,24.518627581096297,0.7109699249267578,0.17481382191181183
CelebA,63,2.0,0.05,2.0590734481811523,23.3916804239707,0.7012219429016113,0.3199918866157532
CelebA,64,2.0,0.05,1.9194178581237793,24.231215517198116,0.7580820918083191,0.3234194815158844
CelebA,65,2.0,0.05,2.0781431198120117,26.63649646291557,0.8709576725959778,0.15761852264404297
CelebA,66,2.0,0.05,2.1124565601348877,27.32710964187309,0.8326101303100586,0.1499393880367279
CelebA,67,2.0,0.05,1.5317795276641846,27.26767308647169,0.7123090624809265,0.2759357988834381
CelebA,68,2.0,0.05,1.6263353824615479,25.04656768384733,0.7155668139457703,0.2882348299026489
CelebA,69,2.0,0.05,1.630812168121338,28.245011139778278,0.816814124584198,0.13187405467033386
CelebA,70,2.0,0.05,1.7401599884033203,27.352955266790442,0.7612437605857849,0.21574361622333527
CelebA,71,2.0,0.05,1.911401391029358,23.969756443712328,0.8170749545097351,0.14282749593257904
CelebA,72,2.0,0.05,1.9619219303131104,23.59629252502906,0.709196150302887,0.2504582405090332
CelebA,73,2.0,0.05,1.9655399322509766,28.261216498306677,0.8705074191093445,0.13810929656028748
CelebA,74,2.0,0.05,2.0233237743377686,24.48735107673823,0.7943680286407471,0.24879902601242065
CelebA,75,2.0,0.05,1.9276622533798218,30.589193865742565,0.8880612850189209,0.10210387408733368
CelebA,76,2.0,0.05,1.8178764581680298,24.732847995336897,0.7012929916381836,0.251897931098938
CelebA,77,2.0,0.05,1.7486639022827148,25.730108989339907,0.7010464668273926,0.27411922812461853
CelebA,78,2.0,0.05,2.108591079711914,22.540312824249995,0.7396259903907776,0.2691875696182251
CelebA,79,2.0,0.05,2.0080394744873047,26.411132765722797,0.7660697102546692,0.22803029417991638
CelebA,80,2.0,0.05,1.6680632829666138,23.664915549990035,0.605339527130127,0.334175169467926
CelebA,81,2.0,0.05,1.923662781715393,26.85043536840848,0.7544898986816406,0.17920935153961182
CelebA,82,2.0,0.05,1.8662114143371582,26.155004542777093,0.7674325108528137,0.2984278202056885
CelebA,83,2.0,0.05,1.9156149625778198,26.371998358953185,0.8026618957519531,0.16197659075260162
CelebA,84,2.0,0.05,2.05326247215271,24.938954314772698,0.7862207293510437,0.11685653775930405
CelebA,85,2.0,0.05,1.871394395828247,23.931095905631572,0.7231216430664062,0.21697115898132324
CelebA,86,2.0,0.05,2.059237241744995,24.722643077856254,0.8036362528800964,0.15393419563770294
CelebA,87,2.0,0.05,2.041046380996704,25.681111827705692,0.8028966784477234,0.14474910497665405
CelebA,88,2.0,0.05,1.6551566123962402,26.23123540818969,0.7253977656364441,0.3298404812812805
CelebA,89,2.0,0.05,1.819649577140808,23.68777138803212,0.6989209055900574,0.2564348578453064
CelebA,90,2.0,0.05,2.1217823028564453,26.624308427273377,0.8108296990394592,0.10978911817073822
CelebA,91,2.0,0.05,1.8432304859161377,27.60576532252868,0.7511591911315918,0.2044147551059723
CelebA,92,2.0,0.05,2.0979182720184326,25.867500280593433,0.7743464112281799,0.14433243870735168
CelebA,93,2.0,0.05,2.002580404281616,24.141766110294984,0.7211644649505615,0.2471727430820465
CelebA,94,2.0,0.05,2.0104727745056152,22.47462156966857,0.7738046050071716,0.2337246686220169
CelebA,95,2.0,0.05,1.9232275485992432,28.208516975771015,0.8360295295715332,0.12927676737308502
CelebA,96,2.0,0.05,1.9192339181900024,24.412004507210405,0.7162522673606873,0.35829126834869385
CelebA,97,2.0,0.05,1.7532556056976318,25.284110926897874,0.7023632526397705,0.25295281410217285
CelebA,98,2.0,0.05,1.9776116609573364,21.54948058408067,0.6290433406829834,0.3416568338871002
CelebA,99,2.0,0.05,2.026888370513916,25.40310961763378,0.757432758808136,0.17055299878120422
CelebA,100,2.0,0.05,1.525416612625122,25.126271620680313,0.6744346022605896,0.313593327999115
CelebA,101,2.0,0.05,1.9799346923828125,27.038988394338052,0.7745738625526428,0.1719149351119995
CelebA,102,2.0,0.05,1.7730036973953247,24.215559992173592,0.787757933139801,0.2119300663471222
CelebA,103,2.0,0.05,1.4025920629501343,24.329162371827845,0.6506534814834595,0.3784301280975342
CelebA,104,2.0,0.05,1.8236757516860962,23.749359076963078,0.7298901081085205,0.3370465040206909
CelebA,105,2.0,0.05,1.424397349357605,30.83065125526477,0.8472064137458801,0.12984400987625122
CelebA,106,2.0,0.05,1.7484675645828247,25.485838696285164,0.7462916970252991,0.25522133708000183
CelebA,107,2.0,0.05,1.9127135276794434,24.100050876338987,0.7182965278625488,0.26888135075569153
CelebA,108,2.0,0.05,1.9964029788970947,24.272762508947594,0.7484464645385742,0.27431461215019226
CelebA,109,2.0,0.05,1.4942697286605835,26.69484082713708,0.7283744812011719,0.3601059913635254
CelebA,110,2.0,0.05,1.8194613456726074,27.244902842248507,0.8226454257965088,0.15285831689834595
CelebA,111,2.0,0.05,1.7176833152770996,26.15088307838984,0.7457911968231201,0.3748498260974884
CelebA,112,2.0,0.05,1.8135274648666382,24.014776805371234,0.7501694560050964,0.19447317719459534
CelebA,113,2.0,0.05,1.8479232788085938,24.597300489808124,0.7174636721611023,0.33304059505462646
CelebA,114,2.0,0.05,1.8703452348709106,25.418660580903932,0.6933016777038574,0.3764072060585022
CelebA,115,2.0,0.05,1.9241844415664673,25.01668035036241,0.6920844912528992,0.20359337329864502
CelebA,116,2.0,0.05,2.0578675270080566,26.188602964855207,0.8296961188316345,0.1374266892671585
CelebA,117,2.0,0.05,1.3343114852905273,27.693492128021507,0.7465057969093323,0.3051334619522095
CelebA,118,2.0,0.05,2.0874361991882324,22.543279041297865,0.7227123379707336,0.30655160546302795
CelebA,119,2.0,0.05,1.4945489168167114,23.75998295871075,0.627867579460144,0.31433093547821045
CelebA,120,2.0,0.05,1.9245922565460205,25.015947911292105,0.7559823989868164,0.2538107633590698
CelebA,121,2.0,0.05,1.8160308599472046,22.992187766113386,0.669123649597168,0.34617286920547485
CelebA,122,2.0,0.05,1.9229092597961426,30.428285696954447,0.8948519229888916,0.1068248450756073
CelebA,123,2.0,0.05,2.077124834060669,27.604204707938386,0.8109022974967957,0.14090028405189514
CelebA,124,2.0,0.05,2.1450116634368896,24.26225547380644,0.8151574730873108,0.20867671072483063
CelebA,125,2.0,0.05,1.8471375703811646,24.551344279811218,0.7551042437553406,0.19788166880607605
CelebA,126,2.0,0.05,2.0538318157196045,25.321073100266723,0.7617976069450378,0.2080497443675995
CelebA,127,2.0,0.05,1.8174363374710083,24.537615377223897,0.7471806406974792,0.2696959972381592
CelebA,128,2.0,0.05,1.9041539430618286,23.890454720974553,0.7627642154693604,0.17520469427108765
CelebA,129,2.0,0.05,1.7973490953445435,27.13271595367663,0.8231726288795471,0.19214604794979095
CelebA,130,2.0,0.05,1.8156708478927612,24.881063629110844,0.7242844104766846,0.20792734622955322
CelebA,131,2.0,0.05,1.9081708192825317,26.242011583596366,0.7370375990867615,0.37926241755485535
CelebA,132,2.0,0.05,1.7786809206008911,25.241819703946998,0.7271792888641357,0.24803106486797333
CelebA,133,2.0,0.05,1.9783744812011719,24.787225805357494,0.708756148815155,0.215542733669281
CelebA,134,2.0,0.05,1.6408196687698364,26.705064690770893,0.8191375732421875,0.19234098494052887
CelebA,135,2.0,0.05,2.002000331878662,24.010375051423072,0.7343623638153076,0.2296168953180313
CelebA,136,2.0,0.05,1.8449177742004395,26.120579533861314,0.6444140672683716,0.2831794023513794
CelebA,137,2.0,0.05,1.7486764192581177,24.899544343566543,0.7262940406799316,0.3445008397102356
CelebA,138,2.0,0.05,1.8621923923492432,24.0886328057007,0.6947841644287109,0.3146127462387085
CelebA,139,2.0,0.05,1.7259693145751953,27.97386469971315,0.7297560572624207,0.23686349391937256
CelebA,140,2.0,0.05,1.867436170578003,26.96238069170496,0.799711287021637,0.24070046842098236
CelebA,141,2.0,0.05,1.6389470100402832,27.816904106352283,0.8477138876914978,0.14892148971557617
CelebA,142,2.0,0.05,1.9099327325820923,25.620004576421977,0.7770652174949646,0.15906184911727905
CelebA,143,2.0,0.05,1.922720193862915,27.80868527642525,0.81251460313797,0.16231948137283325
CelebA,144,2.0,0.05,1.8064746856689453,25.251561285399667,0.7178599238395691,0.2056308537721634
CelebA,145,2.0,0.05,2.0043580532073975,25.617137878295466,0.721297025680542,0.2522457242012024
CelebA,146,2.0,0.05,2.002626895904541,24.22708912516516,0.7018671035766602,0.2806457281112671
CelebA,147,2.0,0.05,2.054934024810791,26.96918369092831,0.8147153854370117,0.17420046031475067
CelebA,148,2.0,0.05,1.8085523843765259,28.972411080218873,0.8298993110656738,0.1608823835849762
CelebA,149,2.0,0.05,2.097076177597046,25.402156432215165,0.7951396107673645,0.1383916139602661
CelebA,150,2.0,0.05,1.9772019386291504,26.520404810792527,0.8385050892829895,0.2542107105255127
CelebA,151,2.0,0.05,2.052063226699829,26.810769507975692,0.8323164582252502,0.1463017463684082
CelebA,152,2.0,0.05,2.0584685802459717,24.59786709309492,0.6852253079414368,0.17970100045204163
CelebA,153,2.0,0.05,1.9793137311935425,26.28923667453879,0.8120983242988586,0.18543606996536255
CelebA,154,2.0,0.05,1.6974705457687378,25.42312846225938,0.7198247313499451,0.25543782114982605
CelebA,155,2.0,0.05,1.828762173652649,27.71440892908241,0.7772915959358215,0.1413235366344452
CelebA,156,2.0,0.05,1.748497724533081,23.29127995640462,0.5662915706634521,0.4076137840747833
CelebA,157,2.0,0.05,1.6913957595825195,26.861353630204707,0.7846731543540955,0.24544671177864075
CelebA,158,2.0,0.05,1.957480549812317,27.756641909303706,0.8188717365264893,0.13677771389484406
CelebA,159,2.0,0.05,2.0233047008514404,23.60200147243779,0.7234151363372803,0.2692487835884094
CelebA,160,2.0,0.05,1.6979821920394897,26.66090438387841,0.7850870490074158,0.26911789178848267
CelebA,161,2.0,0.05,1.9656856060028076,23.428123479961947,0.674669086933136,0.253734827041626
CelebA,162,2.0,0.05,1.5400714874267578,28.027509331938347,0.7671841979026794,0.21745148301124573
CelebA,163,2.0,0.05,1.8627822399139404,22.056792629560555,0.6351144909858704,0.3239456117153168
CelebA,164,2.0,0.05,1.7486451864242554,26.270361912738114,0.7112205028533936,0.20436617732048035
CelebA,165,2.0,0.05,1.9313288927078247,25.13907570473354,0.7985532879829407,0.13341832160949707
CelebA,166,2.0,0.05,2.083061933517456,23.455613168273537,0.7886894345283508,0.1431998312473297
CelebA,167,2.0,0.05,1.926445722579956,26.165622261798376,0.7767632603645325,0.1954609453678131
CelebA,168,2.0,0.05,2.0641868114471436,23.88630380802916,0.7534429430961609,0.2205219864845276
CelebA,169,2.0,0.05,1.9263836145401,27.839321955356034,0.8610515594482422,0.12098228931427002
CelebA,170,2.0,0.05,1.5352368354797363,25.79872117043692,0.7367438673973083,0.3107171058654785
CelebA,171,2.0,0.05,1.709682822227478,26.066346830206086,0.738020122051239,0.21786198019981384
CelebA,172,2.0,0.05,2.063037872314453,27.408412616658385,0.7978286147117615,0.14922045171260834
CelebA,173,2.0,0.05,1.9805364608764648,26.930732610471765,0.7336463332176208,0.12963178753852844
CelebA,174,2.0,0.05,1.9903658628463745,24.905833490620623,0.747272789478302,0.20868124067783356
CelebA,175,2.0,0.05,1.7123675346374512,24.394888841740364,0.6997051239013672,0.24633410573005676
CelebA,176,2.0,0.05,2.002113103866577,22.8113728110172,0.6913037896156311,0.2985476553440094
CelebA,177,2.0,0.05,2.055358409881592,26.438964527371965,0.8004701733589172,0.18861335515975952
CelebA,178,2.0,0.05,2.0069007873535156,24.91159532652369,0.7879840731620789,0.12631693482398987
CelebA,179,2.0,0.05,1.776949405670166,24.497801608230766,0.7380054593086243,0.22576181590557098
CelebA,180,2.0,0.05,2.117753028869629,25.559501876453503,0.7626287341117859,0.23354047536849976
CelebA,181,2.0,0.05,1.6307892799377441,27.153813889991817,0.7320813536643982,0.20633476972579956
CelebA,182,2.0,0.05,1.6006224155426025,23.186012807258685,0.6607082486152649,0.32576173543930054
CelebA,183,2.0,0.05,1.4939066171646118,25.84737474558799,0.7092707753181458,0.34504836797714233
CelebA,184,2.0,0.05,2.095383405685425,24.70146090756101,0.7805149555206299,0.22107593715190887
CelebA,185,2.0,0.05,0.8517884612083435,26.62121311017964,0.6609990000724792,0.36918121576309204
CelebA,186,2.0,0.05,1.889098882675171,26.96186122575643,0.7966649532318115,0.16976498067378998
CelebA,187,2.0,0.05,1.8711507320404053,28.29845331443904,0.8609111309051514,0.11527077853679657
CelebA,188,2.0,0.05,1.9860668182373047,29.197360249218356,0.8822226524353027,0.07211007922887802
CelebA,189,2.0,0.05,1.872204065322876,25.268650839548826,0.725320041179657,0.2881729006767273
CelebA,190,2.0,0.05,1.712051272392273,27.99563404522337,0.7264639735221863,0.14977967739105225
CelebA,191,2.0,0.05,1.9826401472091675,24.5793027221356,0.7678086161613464,0.15655769407749176
CelebA,192,2.0,0.05,1.660437822341919,26.95220314959912,0.7697343826293945,0.2504534125328064
CelebA,193,2.0,0.05,1.8096799850463867,22.634886988908857,0.6594323515892029,0.34495028853416443
CelebA,194,2.0,0.05,1.9840744733810425,25.70856052103676,0.7772272229194641,0.26957741379737854
CelebA,195,2.0,0.05,1.9320467710494995,25.70145901646808,0.6870365142822266,0.24375927448272705
CelebA,196,2.0,0.05,1.8408401012420654,21.56792727553292,0.6437481045722961,0.45340368151664734
CelebA,197,2.0,0.05,1.7732919454574585,27.15485178769668,0.7448272705078125,0.1905110776424408
CelebA,198,2.0,0.05,2.002643585205078,25.379330306247393,0.738617479801178,0.20718756318092346
CelebA,199,2.0,0.05,1.9809809923171997,25.769383635819196,0.7499610781669617,0.12131693214178085
CelebA,200,2.0,0.05,1.7308213710784912,26.424113700966156,0.7899978756904602,0.19803579151630402
CelebA,201,2.0,0.05,1.9809619188308716,23.985439249381226,0.7557544112205505,0.20941752195358276
CelebA,202,2.0,0.05,2.12947940826416,24.859399875560314,0.738980770111084,0.23719656467437744
CelebA,203,2.0,0.05,1.863783359527588,25.694360475634017,0.8432571291923523,0.11718915402889252
CelebA,204,2.0,0.05,1.870333194732666,26.893891773624233,0.6879255771636963,0.1411631554365158
CelebA,205,2.0,0.05,1.9247134923934937,23.885060890496543,0.6692709922790527,0.4308425784111023
CelebA,206,2.0,0.05,1.8306128978729248,26.102850885760773,0.7416626811027527,0.23911741375923157
CelebA,207,2.0,0.05,1.7903133630752563,24.397218321936567,0.7764720916748047,0.2918425500392914
CelebA,208,2.0,0.05,1.8795273303985596,26.581320729757735,0.7623109817504883,0.2333260178565979
CelebA,209,2.0,0.05,1.9026236534118652,28.13871581642249,0.8355768322944641,0.11197984218597412
CelebA,210,2.0,0.05,1.970145583152771,27.9897850676361,0.7900941371917725,0.1848829984664917
CelebA,211,2.0,0.05,2.014461040496826,24.941007699095998,0.788175106048584,0.17688310146331787
CelebA,212,2.0,0.05,1.712056279182434,27.82526384459301,0.7309207320213318,0.2733743190765381
CelebA,213,2.0,0.05,2.0519373416900635,26.5061815155127,0.7659408450126648,0.16749340295791626
CelebA,214,2.0,0.05,1.9106121063232422,24.972090428723224,0.732899010181427,0.16262032091617584
CelebA,215,2.0,0.05,2.0939981937408447,26.03684061780772,0.6895957589149475,0.22468116879463196
CelebA,216,2.0,0.05,1.8601213693618774,27.29408464417095,0.7904813289642334,0.1696011871099472
CelebA,217,2.0,0.05,2.1506357192993164,23.61226307613107,0.762967586517334,0.1483737826347351
CelebA,218,2.0,0.05,1.7500743865966797,24.28004665348888,0.6561458110809326,0.24727079272270203
CelebA,219,2.0,0.05,2.00266695022583,25.019404168678232,0.7471281886100769,0.2885931730270386
CelebA,220,2.0,0.05,1.9663522243499756,27.47520978437557,0.8647201657295227,0.13035616278648376
CelebA,221,2.0,0.05,1.9804960489273071,24.069958057114597,0.7282293438911438,0.16742634773254395
CelebA,222,2.0,0.05,2.1218619346618652,24.808982961336984,0.7738351821899414,0.1018921285867691
CelebA,223,2.0,0.05,1.979175329208374,25.818564458056727,0.767314612865448,0.15977296233177185
CelebA,224,2.0,0.05,1.8104066848754883,26.106120461671942,0.7754695415496826,0.25010114908218384
CelebA,225,2.0,0.05,2.0562286376953125,25.925711611221722,0.7815560698509216,0.16827107965946198
CelebA,226,2.0,0.05,1.8087884187698364,24.720821396313188,0.6917719841003418,0.32135793566703796
CelebA,227,2.0,0.05,1.852922797203064,23.974725227630657,0.6533733010292053,0.44083356857299805
CelebA,228,2.0,0.05,1.8113445043563843,24.117596933460863,0.69746994972229,0.27025237679481506
CelebA,229,2.0,0.05,2.0433971881866455,26.357086796968318,0.7210234999656677,0.22347375750541687
CelebA,230,2.0,0.05,1.996471643447876,22.72005304249734,0.7482598423957825,0.30264246463775635
CelebA,231,2.0,0.05,1.6761146783828735,27.41332682808682,0.8286531567573547,0.12382754683494568
CelebA,232,2.0,0.05,1.8553041219711304,25.87405907053426,0.7458240389823914,0.21518628299236298
CelebA,233,2.0,0.05,1.5658600330352783,28.45727752463807,0.8155777454376221,0.2168586254119873
CelebA,234,2.0,0.05,1.7627583742141724,28.963277882325652,0.799910843372345,0.24807141721248627
CelebA,235,2.0,0.05,2.129864454269409,23.748183497368863,0.7617878317832947,0.21565422415733337
CelebA,236,2.0,0.05,1.7609457969665527,24.429171070345724,0.6944789886474609,0.3271242082118988
CelebA,237,2.0,0.05,1.9189302921295166,28.78666924554136,0.8585197925567627,0.11431946605443954
CelebA,238,2.0,0.05,1.9164460897445679,25.528232417768642,0.7669954895973206,0.21223077178001404
CelebA,239,2.0,0.05,1.7888734340667725,22.399246065789225,0.6238154768943787,0.38362428545951843
CelebA,240,2.0,0.05,1.823204755783081,24.901494774539227,0.7251303791999817,0.27479028701782227
CelebA,241,2.0,0.05,1.4343873262405396,22.835106707957742,0.6746647357940674,0.2573321759700775
CelebA,242,2.0,0.05,1.7952897548675537,25.849593354345146,0.6744065284729004,0.21344338357448578
CelebA,243,2.0,0.05,1.8525696992874146,25.448317849107905,0.7623770236968994,0.21084237098693848
CelebA,244,2.0,0.05,1.7887383699417114,25.753030365832483,0.813469648361206,0.15334784984588623
CelebA,245,2.0,0.05,1.8716486692428589,24.649605404066154,0.6448386907577515,0.2906176745891571
CelebA,246,2.0,0.05,1.8543661832809448,26.943173201488285,0.8433758616447449,0.1268390417098999
CelebA,247,2.0,0.05,1.8279942274093628,25.684602790838515,0.6814811825752258,0.3050171136856079
CelebA,248,2.0,0.05,1.9798851013183594,25.005424963582673,0.6973347663879395,0.24307650327682495
CelebA,249,2.0,0.05,1.912406325340271,25.672310257636948,0.723961591720581,0.20886412262916565
CelebA,0,2.0,0.1,1.959059476852417,23.696766256665942,0.6728888154029846,0.2668849229812622
CelebA,1,2.0,0.1,1.3982213735580444,25.11972954477826,0.76119065284729,0.14141906797885895
CelebA,2,2.0,0.1,1.7118961811065674,26.035172751417647,0.7320194244384766,0.19657307863235474
CelebA,3,2.0,0.1,1.2176364660263062,26.74391582547967,0.8224315643310547,0.22516390681266785
CelebA,4,2.0,0.1,1.468734622001648,25.394890405456326,0.7318816781044006,0.23230226337909698
CelebA,5,2.0,0.1,1.7924028635025024,23.517639027564996,0.7302702069282532,0.32224220037460327
CelebA,6,2.0,0.1,1.2633416652679443,26.709881556758095,0.7331860661506653,0.2984970808029175
CelebA,7,2.0,0.1,1.7738854885101318,24.432399683647187,0.6878224015235901,0.3659394085407257
CelebA,8,2.0,0.1,1.0700249671936035,26.576673250438482,0.7317874431610107,0.2264116108417511
CelebA,9,2.0,0.1,1.7568942308425903,22.34305903712148,0.7173223495483398,0.2399754673242569
CelebA,10,2.0,0.1,1.654374599456787,25.440181152099136,0.7667908668518066,0.2130909264087677
CelebA,11,2.0,0.1,1.8009045124053955,25.705472660959007,0.7814276814460754,0.19032706320285797
CelebA,12,2.0,0.1,1.6427987813949585,25.72512586665939,0.7084054946899414,0.28423720598220825
CelebA,13,2.0,0.1,1.365055799484253,26.636256430816122,0.7863947749137878,0.19243358075618744
CelebA,14,2.0,0.1,1.3755266666412354,27.60546614672155,0.817396879196167,0.18991801142692566
CelebA,15,2.0,0.1,0.5221112370491028,26.565422439675807,0.7367932200431824,0.30500128865242004
CelebA,16,2.0,0.1,2.0489485263824463,23.770803473313464,0.7403106689453125,0.2577855885028839
CelebA,17,2.0,0.1,1.7802742719650269,26.665950758110508,0.7915775179862976,0.21316248178482056
CelebA,18,2.0,0.1,1.5921013355255127,27.532522125150955,0.8438380360603333,0.15144331753253937
CelebA,19,2.0,0.1,1.4371154308319092,26.212082104593286,0.7947445511817932,0.19100463390350342
CelebA,20,2.0,0.1,2.0146899223327637,26.442050255556325,0.8608729839324951,0.13697998225688934
CelebA,21,2.0,0.1,1.8939177989959717,24.11261742390853,0.684762179851532,0.2096746563911438
CelebA,22,2.0,0.1,1.7208534479141235,25.35084772438662,0.7679362893104553,0.2903466522693634
CelebA,23,2.0,0.1,1.6642524003982544,27.950444680837204,0.7799310088157654,0.31297463178634644
CelebA,24,2.0,0.1,1.6457741260528564,25.933945783759434,0.7289324402809143,0.21709686517715454
CelebA,25,2.0,0.1,1.6371947526931763,27.185727214755552,0.8060787320137024,0.15399594604969025
CelebA,26,2.0,0.1,1.7592986822128296,24.90650815889539,0.7909184098243713,0.16817089915275574
CelebA,27,2.0,0.1,1.4041553735733032,25.265863062414237,0.708860456943512,0.25706788897514343
CelebA,28,2.0,0.1,1.4001799821853638,23.73283526792818,0.7281741499900818,0.2775025963783264
CelebA,29,2.0,0.1,2.1329598426818848,25.577862250629373,0.8270451426506042,0.21812789142131805
CelebA,30,2.0,0.1,1.2001299858093262,25.882414027111558,0.7339603900909424,0.2683780789375305
CelebA,31,2.0,0.1,1.6923549175262451,23.558216362093944,0.6620652675628662,0.271077960729599
CelebA,32,2.0,0.1,2.0924088954925537,21.92989018301423,0.6934003233909607,0.17382201552391052
CelebA,33,2.0,0.1,1.9171332120895386,23.79124931305772,0.6880767941474915,0.3292524218559265
CelebA,34,2.0,0.1,1.816293716430664,23.020722754694983,0.7242825031280518,0.25126615166664124
CelebA,35,2.0,0.1,1.035366177558899,28.03032760395297,0.8531244397163391,0.1472139209508896
CelebA,36,2.0,0.1,1.5547316074371338,26.89726148716034,0.8060219883918762,0.16716957092285156
CelebA,37,2.0,0.1,1.393960952758789,25.05703734382668,0.7308258414268494,0.1853468120098114
CelebA,38,2.0,0.1,1.1835441589355469,25.872784049341966,0.729322612285614,0.27387735247612
CelebA,39,2.0,0.1,1.8812600374221802,21.66560760802621,0.701025664806366,0.2579280734062195
CelebA,40,2.0,0.1,1.8546607494354248,24.68272549052617,0.7501856684684753,0.19926370680332184
CelebA,41,2.0,0.1,1.7277888059616089,26.318385719076996,0.8186184763908386,0.23131069540977478
CelebA,42,2.0,0.1,1.4023605585098267,24.1933055669243,0.7036311626434326,0.3260745108127594
CelebA,43,2.0,0.1,2.054675340652466,26.585931724631934,0.7556581497192383,0.2477489411830902
CelebA,44,2.0,0.1,1.5824609994888306,25.224006536317525,0.7038450241088867,0.1750849336385727
CelebA,45,2.0,0.1,0.28326401114463806,26.200010511084596,0.7378378510475159,0.333530068397522
CelebA,46,2.0,0.1,1.523826003074646,27.23493267368818,0.7970607280731201,0.18693314492702484
CelebA,47,2.0,0.1,1.2431445121765137,26.551451093978166,0.6946725845336914,0.3321358859539032
CelebA,48,2.0,0.1,1.7435239553451538,25.21073648601913,0.7767084240913391,0.24778525531291962
CelebA,49,2.0,0.1,1.495567798614502,28.721630356112897,0.73822021484375,0.1289684772491455
CelebA,50,2.0,0.1,1.0730663537979126,25.8652451895181,0.7120214104652405,0.24015283584594727
CelebA,51,2.0,0.1,1.629891276359558,24.14820127643006,0.6644835472106934,0.26195022463798523
CelebA,52,2.0,0.1,1.3386406898498535,25.790344091973335,0.7680663466453552,0.2350432127714157
CelebA,53,2.0,0.1,1.7430691719055176,25.568295489360864,0.7956252694129944,0.19442963600158691
CelebA,54,2.0,0.1,1.9319592714309692,26.484860616811787,0.7940426468849182,0.19545115530490875
CelebA,55,2.0,0.1,1.907904028892517,25.84160591703241,0.7673779129981995,0.1991404891014099
CelebA,56,2.0,0.1,1.909654140472412,25.309449404543255,0.8340137600898743,0.12042213976383209
CelebA,57,2.0,0.1,1.949055552482605,23.765125874685296,0.7489078044891357,0.2679058313369751
CelebA,58,2.0,0.1,1.8863816261291504,26.553422367423167,0.7466636300086975,0.20975461602210999
CelebA,59,2.0,0.1,1.6407887935638428,27.023813348605145,0.8043832182884216,0.21215319633483887
CelebA,60,2.0,0.1,1.1409218311309814,26.358350061009666,0.6719708442687988,0.24537302553653717
CelebA,61,2.0,0.1,2.0265188217163086,24.26932039523184,0.6765297055244446,0.25260916352272034
CelebA,62,2.0,0.1,1.7429536581039429,24.442899791465976,0.7103888392448425,0.1782453954219818
CelebA,63,2.0,0.1,1.9204626083374023,23.369184849097895,0.7020254731178284,0.32128357887268066
CelebA,64,2.0,0.1,1.6048080921173096,24.240622247575885,0.7590689063072205,0.33531421422958374
CelebA,65,2.0,0.1,1.919368863105774,26.630535476683193,0.8713429570198059,0.16722871363162994
CelebA,66,2.0,0.1,1.990566611289978,27.220826627835628,0.8310608863830566,0.154450923204422
CelebA,67,2.0,0.1,0.6383980512619019,26.887559179131884,0.7024199366569519,0.2967086732387543
CelebA,68,2.0,0.1,1.0673454999923706,24.72577537284518,0.7059996128082275,0.30808719992637634
CelebA,69,2.0,0.1,0.8446101546287537,27.95240586259634,0.8101145625114441,0.16571402549743652
CelebA,70,2.0,0.1,1.234983205795288,27.021759239068835,0.7573315501213074,0.23533564805984497
CelebA,71,2.0,0.1,1.766331434249878,23.89250292302316,0.81318598985672,0.1504065841436386
CelebA,72,2.0,0.1,1.8674170970916748,23.518093639757236,0.7087926268577576,0.2546868920326233
CelebA,73,2.0,0.1,1.7382736206054688,28.1027695110582,0.8686569333076477,0.1520138382911682
CelebA,74,2.0,0.1,1.9180060625076294,24.416559281568087,0.7927258610725403,0.25235915184020996
CelebA,75,2.0,0.1,1.6049017906188965,30.08663375132274,0.8855026364326477,0.11300944536924362
CelebA,76,2.0,0.1,1.5221577882766724,24.66013341807073,0.7006763815879822,0.26909124851226807
CelebA,77,2.0,0.1,1.3377166986465454,25.45944989334273,0.6961317658424377,0.28867021203041077
CelebA,78,2.0,0.1,2.0227913856506348,22.570459463749014,0.7400109171867371,0.27386006712913513
CelebA,79,2.0,0.1,1.8702069520950317,26.298394010844326,0.7597909569740295,0.2338678538799286
CelebA,80,2.0,0.1,1.2613276243209839,23.493069512045324,0.602985680103302,0.35924649238586426
CelebA,81,2.0,0.1,1.6486116647720337,26.6731900617952,0.7519528269767761,0.18312157690525055
CelebA,82,2.0,0.1,1.6174641847610474,25.955352758004473,0.7644484639167786,0.30774739384651184
CelebA,83,2.0,0.1,1.6795400381088257,26.142072836452755,0.7996395230293274,0.17909817397594452
CelebA,84,2.0,0.1,1.9275258779525757,24.879968617498708,0.7843453288078308,0.12247097492218018
CelebA,85,2.0,0.1,1.6953421831130981,23.916843015342284,0.7220669388771057,0.2179335057735443
CelebA,86,2.0,0.1,1.9609801769256592,24.62385947541182,0.8019554018974304,0.16230134665966034
CelebA,87,2.0,0.1,1.8472272157669067,25.685070012183566,0.8045275211334229,0.1463889181613922
CelebA,88,2.0,0.1,1.0598899126052856,25.991588355998353,0.7223701477050781,0.3405300974845886
CelebA,89,2.0,0.1,1.5839872360229492,23.63294427053532,0.6953739523887634,0.2624121308326721
CelebA,90,2.0,0.1,2.011420249938965,26.632343215868577,0.811606228351593,0.113294318318367
CelebA,91,2.0,0.1,1.4015216827392578,27.21280187425609,0.7445366382598877,0.22913774847984314
CelebA,92,2.0,0.1,2.0205564498901367,25.807114438626826,0.7729862332344055,0.14643840491771698
CelebA,93,2.0,0.1,1.8686596155166626,24.083345370503277,0.7212183475494385,0.248631089925766
CelebA,94,2.0,0.1,1.9376757144927979,22.484418658134736,0.7743794322013855,0.2350287288427353
CelebA,95,2.0,0.1,1.6621960401535034,27.998499943938118,0.8359320759773254,0.1379709392786026
CelebA,96,2.0,0.1,1.6987305879592896,24.372739509094494,0.7152485251426697,0.36294400691986084
CelebA,97,2.0,0.1,1.3826614618301392,25.13507626811345,0.700412929058075,0.26354387402534485
CelebA,98,2.0,0.1,1.8768177032470703,21.55209509106497,0.6289467215538025,0.3417675197124481
CelebA,99,2.0,0.1,1.8469129800796509,25.33413188540521,0.7559046745300293,0.18025344610214233
CelebA,100,2.0,0.1,0.8041183948516846,24.932907031042767,0.6709092259407043,0.3296673893928528
CelebA,101,2.0,0.1,1.8018218278884888,26.89742828439243,0.7694752216339111,0.17323298752307892
CelebA,102,2.0,0.1,1.4543379545211792,24.13648046511232,0.7823880314826965,0.22177879512310028
CelebA,103,2.0,0.1,0.5735906362533569,24.053122642942242,0.6401645541191101,0.4082045555114746
CelebA,104,2.0,0.1,1.5972398519515991,23.637182723928266,0.728668749332428,0.35176020860671997
CelebA,105,2.0,0.1,0.3087936043739319,30.12053720872124,0.8277342915534973,0.17280906438827515
CelebA,106,2.0,0.1,1.3113312721252441,25.18265928686997,0.7377305030822754,0.31782570481300354
CelebA,107,2.0,0.1,1.6856396198272705,24.03601313700136,0.7193881869316101,0.2733764052391052
CelebA,108,2.0,0.1,1.855979084968567,24.25598326167303,0.7501584887504578,0.27576854825019836
CelebA,109,2.0,0.1,0.6152375340461731,26.463078207057038,0.7264370918273926,0.38220295310020447
CelebA,110,2.0,0.1,1.438684344291687,26.955200589879063,0.8183477520942688,0.16284900903701782
CelebA,111,2.0,0.1,1.161751627922058,25.851324866377688,0.7408010363578796,0.39115363359451294
CelebA,112,2.0,0.1,1.5931761264801025,23.881531005371194,0.7440690398216248,0.22060447931289673
CelebA,113,2.0,0.1,1.541273593902588,24.43673295448216,0.7153608798980713,0.34365254640579224
CelebA,114,2.0,0.1,1.5991820096969604,25.364551819688938,0.6963958144187927,0.379692018032074
CelebA,115,2.0,0.1,1.7033873796463013,25.017270692428756,0.6879129409790039,0.2082250714302063
CelebA,116,2.0,0.1,1.9156235456466675,26.091327842600762,0.8269991874694824,0.14177872240543365
CelebA,117,2.0,0.1,0.3178405165672302,27.335846020777105,0.7434370517730713,0.33681827783584595
CelebA,118,2.0,0.1,2.033846855163574,22.49050539897506,0.7212157249450684,0.30948296189308167
CelebA,119,2.0,0.1,0.7552630305290222,23.590925320177092,0.6219416260719299,0.3548748195171356
CelebA,120,2.0,0.1,1.694193720817566,24.94491752076587,0.755216658115387,0.2589414715766907
CelebA,121,2.0,0.1,1.580506443977356,22.959857631358993,0.670250654220581,0.3493570387363434
CelebA,122,2.0,0.1,1.630929946899414,29.798785242142745,0.8880981802940369,0.13234853744506836
CelebA,123,2.0,0.1,1.987089991569519,27.558625414065837,0.8083916306495667,0.1420232653617859
CelebA,124,2.0,0.1,2.081345319747925,24.218888954238686,0.8150677680969238,0.21139734983444214
CelebA,125,2.0,0.1,1.5947812795639038,24.450612148873923,0.7490854263305664,0.21897901594638824
CelebA,126,2.0,0.1,1.916947603225708,25.35175226595114,0.7640292048454285,0.20944388210773468
CelebA,127,2.0,0.1,1.5519963502883911,24.45169397600102,0.7471057772636414,0.272940069437027
CelebA,128,2.0,0.1,1.7435719966888428,23.888114888664127,0.7661313414573669,0.1793612241744995
CelebA,129,2.0,0.1,1.3735945224761963,26.76657223769279,0.8172848224639893,0.2054317593574524
CelebA,130,2.0,0.1,1.5910310745239258,24.816555432270388,0.722497284412384,0.21904882788658142
CelebA,131,2.0,0.1,1.6389744281768799,26.11867896409262,0.7368671298027039,0.38534390926361084
CelebA,132,2.0,0.1,1.4266345500946045,25.172119944669447,0.7290770411491394,0.2535640299320221
CelebA,133,2.0,0.1,1.8174848556518555,24.728327170874742,0.7049264907836914,0.22018493711948395
CelebA,134,2.0,0.1,1.0649468898773193,26.088310116164383,0.8100841641426086,0.22038808465003967
CelebA,135,2.0,0.1,1.9092652797698975,23.991666001166326,0.734245777130127,0.23687317967414856
CelebA,136,2.0,0.1,1.4449299573898315,25.98232687032263,0.6439743041992188,0.29822996258735657
CelebA,137,2.0,0.1,1.2988579273223877,24.78122576868497,0.7244055867195129,0.3468455374240875
CelebA,138,2.0,0.1,1.5693446397781372,24.00478148290734,0.6934525370597839,0.325542688369751
CelebA,139,2.0,0.1,1.1058502197265625,27.534393323851653,0.7197147011756897,0.2596500515937805
CelebA,140,2.0,0.1,1.52523672580719,26.735674527083773,0.7984814047813416,0.2418060302734375
CelebA,141,2.0,0.1,0.9410327672958374,26.950490753928264,0.8326272964477539,0.2254909873008728
CelebA,142,2.0,0.1,1.6264466047286987,25.488802139253487,0.7740840911865234,0.19747141003608704
CelebA,143,2.0,0.1,1.6318799257278442,27.56017838107178,0.8085470199584961,0.1797652393579483
CelebA,144,2.0,0.1,1.467974305152893,25.1129373788579,0.7153930068016052,0.22796618938446045
CelebA,145,2.0,0.1,1.8119486570358276,25.61961511059929,0.7207834720611572,0.2545872926712036
CelebA,146,2.0,0.1,1.8750367164611816,24.19309312786398,0.7022249698638916,0.2841646671295166
CelebA,147,2.0,0.1,1.8982027769088745,26.83493835323214,0.8142841458320618,0.18057510256767273
CelebA,148,2.0,0.1,1.3063939809799194,28.53837348592353,0.8242171406745911,0.16845287382602692
CelebA,149,2.0,0.1,2.0233991146087646,25.327218651077157,0.7943874001502991,0.13985899090766907
CelebA,150,2.0,0.1,1.8114732503890991,26.495058829548995,0.836784303188324,0.26186344027519226
CelebA,151,2.0,0.1,1.917362928390503,26.643708270424426,0.8311434388160706,0.1490405946969986
CelebA,152,2.0,0.1,1.979249119758606,24.548314506772332,0.6795864105224609,0.18061916530132294
CelebA,153,2.0,0.1,1.7711130380630493,26.178173073840483,0.8100054860115051,0.20353874564170837
CelebA,154,2.0,0.1,1.240031123161316,25.26995012374208,0.7184745669364929,0.2717076241970062
CelebA,155,2.0,0.1,1.4933977127075195,27.29968090200134,0.7729692459106445,0.16053205728530884
CelebA,156,2.0,0.1,1.380347490310669,23.266960994819232,0.5669665336608887,0.41706085205078125
CelebA,157,2.0,0.1,1.1428056955337524,26.460976061637265,0.7802204489707947,0.2689703106880188
CelebA,158,2.0,0.1,1.7376408576965332,27.524447203727448,0.8137697577476501,0.14010736346244812
CelebA,159,2.0,0.1,1.9166773557662964,23.569930671265816,0.7235209941864014,0.26710766553878784
CelebA,160,2.0,0.1,1.1957014799118042,26.340529652147353,0.7766452431678772,0.2914791703224182
CelebA,161,2.0,0.1,1.8263719081878662,23.403232842208872,0.6758788228034973,0.2574201822280884
CelebA,162,2.0,0.1,0.727223813533783,27.593825957406374,0.7568715214729309,0.2500937283039093
CelebA,163,2.0,0.1,1.7109997272491455,22.03861031929732,0.6351250410079956,0.3262097239494324
CelebA,164,2.0,0.1,1.300182819366455,25.998518882863337,0.7024045586585999,0.23336592316627502
CelebA,165,2.0,0.1,1.8061203956604004,25.195904574102286,0.802224338054657,0.13458672165870667
CelebA,166,2.0,0.1,2.0314407348632812,23.46430281685853,0.7898364663124084,0.14446339011192322
CelebA,167,2.0,0.1,1.7403074502944946,26.036809357181482,0.7731662392616272,0.20902222394943237
CelebA,168,2.0,0.1,1.9576481580734253,23.894188682676134,0.7528879642486572,0.22540830075740814
CelebA,169,2.0,0.1,1.6668851375579834,27.598700724022255,0.8580493330955505,0.1383606642484665
CelebA,170,2.0,0.1,0.779560923576355,25.514785406176767,0.7268572449684143,0.33326926827430725
CelebA,171,2.0,0.1,1.2525213956832886,26.017678305680832,0.7388024926185608,0.24156448245048523
CelebA,172,2.0,0.1,1.9279372692108154,27.244160289381053,0.7960841059684753,0.15633031725883484
CelebA,173,2.0,0.1,1.7839791774749756,26.94617142135305,0.731877326965332,0.13976866006851196
CelebA,174,2.0,0.1,1.8443621397018433,24.907631169480094,0.7497203946113586,0.21382956206798553
CelebA,175,2.0,0.1,1.364452600479126,24.21604260960738,0.6962437033653259,0.2654373347759247
CelebA,176,2.0,0.1,1.9035738706588745,22.773211386738808,0.6914274096488953,0.3034071922302246
CelebA,177,2.0,0.1,1.9104368686676025,26.367484463884352,0.8004636168479919,0.19094762206077576
CelebA,178,2.0,0.1,1.8742016553878784,24.91698082401794,0.7905499339103699,0.13109910488128662
CelebA,179,2.0,0.1,1.4654691219329834,24.399108255702068,0.7339943051338196,0.23605601489543915
CelebA,180,2.0,0.1,2.0219571590423584,25.502294093252264,0.7626989483833313,0.23502592742443085
CelebA,181,2.0,0.1,0.9486238956451416,26.69673461326715,0.7224745154380798,0.25134947896003723
CelebA,182,2.0,0.1,1.1360390186309814,23.124147891892942,0.6572646498680115,0.36771345138549805
CelebA,183,2.0,0.1,0.6568423509597778,25.537988827485087,0.7018899321556091,0.3817581832408905
CelebA,184,2.0,0.1,1.9792152643203735,24.664646229170643,0.7801995277404785,0.22439958155155182
CelebA,185,2.0,0.1,0.12287133932113647,26.4211843941202,0.656794548034668,0.3860800564289093
CelebA,186,2.0,0.1,1.5598478317260742,26.860997278684316,0.7990026473999023,0.17299871146678925
CelebA,187,2.0,0.1,1.6024552583694458,28.02690262794122,0.8562566637992859,0.12686803936958313
CelebA,188,2.0,0.1,1.8104230165481567,29.06523637355322,0.8817257285118103,0.07103195786476135
CelebA,189,2.0,0.1,1.5788514614105225,25.1238092910358,0.7241272926330566,0.29821866750717163
CelebA,190,2.0,0.1,1.0707062482833862,27.686997289371234,0.7163853049278259,0.1920338273048401
CelebA,191,2.0,0.1,1.8533741235733032,24.559163416067694,0.7681838870048523,0.15861152112483978
CelebA,192,2.0,0.1,0.9942618012428284,26.375059675986407,0.7610526084899902,0.2948521375656128
CelebA,193,2.0,0.1,1.5916922092437744,22.58351831512108,0.6642560958862305,0.3420586884021759
CelebA,194,2.0,0.1,1.7643780708312988,25.653679040758885,0.7767696976661682,0.27568185329437256
CelebA,195,2.0,0.1,1.749001383781433,25.66063949093261,0.6794133186340332,0.2517043352127075
CelebA,196,2.0,0.1,1.6980671882629395,21.553314730647898,0.6419119238853455,0.4579180181026459
CelebA,197,2.0,0.1,1.2994707822799683,26.775750203167988,0.7367979884147644,0.21806374192237854
CelebA,198,2.0,0.1,1.8225528001785278,25.29947516212378,0.7390596270561218,0.2116796225309372
CelebA,199,2.0,0.1,1.816223382949829,25.68254731450928,0.7494721412658691,0.12464982271194458
CelebA,200,2.0,0.1,1.189400553703308,26.018506178503614,0.7801823019981384,0.23720072209835052
CelebA,201,2.0,0.1,1.8339316844940186,23.936910216131537,0.7545419335365295,0.2188308835029602
CelebA,202,2.0,0.1,2.0314574241638184,24.819644870460976,0.7364845275878906,0.23856602609157562
CelebA,203,2.0,0.1,1.6955782175064087,25.524732800807953,0.8398148417472839,0.13136237859725952
CelebA,204,2.0,0.1,1.5664386749267578,26.54873885575105,0.6675751805305481,0.15891924500465393
CelebA,205,2.0,0.1,1.7093472480773926,23.943769204954044,0.6723495125770569,0.4319536089897156
CelebA,206,2.0,0.1,1.4917356967926025,26.1949749181364,0.7494366765022278,0.24002216756343842
CelebA,207,2.0,0.1,1.4956743717193604,24.31212001427347,0.7753174901008606,0.30118080973625183
CelebA,208,2.0,0.1,1.6662049293518066,26.43901485446697,0.7530503273010254,0.24223487079143524
CelebA,209,2.0,0.1,1.5273432731628418,27.929988905788782,0.8349550366401672,0.13062484562397003
CelebA,210,2.0,0.1,1.8137785196304321,27.800826576617457,0.7828726768493652,0.190224289894104
CelebA,211,2.0,0.1,1.9159764051437378,24.86463947869812,0.786276638507843,0.18052884936332703
CelebA,212,2.0,0.1,1.0245790481567383,27.469267399235374,0.7292488217353821,0.28741273283958435
CelebA,213,2.0,0.1,1.8736830949783325,26.423368097666735,0.7649044394493103,0.17198118567466736
CelebA,214,2.0,0.1,1.6438908576965332,24.975966018769384,0.7314044833183289,0.16921068727970123
CelebA,215,2.0,0.1,1.965863585472107,25.986106779773642,0.683001697063446,0.22740298509597778
CelebA,216,2.0,0.1,1.3786094188690186,27.010661857685605,0.7850759625434875,0.18965654075145721
CelebA,217,2.0,0.1,2.073291540145874,23.641984761205457,0.7647588849067688,0.15098503232002258
CelebA,218,2.0,0.1,1.427063226699829,24.18081747657623,0.6552503705024719,0.2665805220603943
CelebA,219,2.0,0.1,1.8027406930923462,25.009387789402385,0.7486236095428467,0.2902812063694
CelebA,220,2.0,0.1,1.7974966764450073,27.290621053207552,0.8626602292060852,0.14055179059505463
CelebA,221,2.0,0.1,1.8698704242706299,24.069957024638047,0.7293179631233215,0.1700403243303299
CelebA,222,2.0,0.1,2.0280497074127197,24.7969099670767,0.7748692035675049,0.11505356431007385
CelebA,223,2.0,0.1,1.8076869249343872,25.786059287640196,0.7688046097755432,0.16440486907958984
CelebA,224,2.0,0.1,1.3670192956924438,26.01224284375903,0.7716186046600342,0.2654748260974884
CelebA,225,2.0,0.1,1.920493721961975,25.839598160375914,0.7803176045417786,0.17357765138149261
CelebA,226,2.0,0.1,1.4652224779129028,24.646568814890127,0.6897899508476257,0.3465809226036072
CelebA,227,2.0,0.1,1.5920169353485107,23.925048700870715,0.6548479795455933,0.446524441242218
CelebA,228,2.0,0.1,1.5255956649780273,24.042410340493902,0.6942967772483826,0.27909475564956665
CelebA,229,2.0,0.1,1.8947172164916992,26.180080143421,0.7190614342689514,0.2294483184814453
CelebA,230,2.0,0.1,1.9051133394241333,22.702753659189817,0.749467134475708,0.30842670798301697
CelebA,231,2.0,0.1,1.0347658395767212,26.801495045305863,0.8122620582580566,0.2037300318479538
CelebA,232,2.0,0.1,1.4998899698257446,25.687969180762074,0.7431793212890625,0.23456540703773499
CelebA,233,2.0,0.1,0.7213780283927917,27.771022755514085,0.8025112152099609,0.26192986965179443
CelebA,234,2.0,0.1,1.094936490058899,28.4392729813028,0.7944111227989197,0.271636039018631
CelebA,235,2.0,0.1,2.0439505577087402,23.73436793901049,0.7619310021400452,0.22030378878116608
CelebA,236,2.0,0.1,1.428337812423706,24.310600112053514,0.6910278797149658,0.3393179476261139
CelebA,237,2.0,0.1,1.5883575677871704,28.412369395230726,0.8536723256111145,0.13463763892650604
CelebA,238,2.0,0.1,1.6615320444107056,25.491093718643903,0.7671818733215332,0.21809881925582886
CelebA,239,2.0,0.1,1.5991894006729126,22.36785351622613,0.6250792145729065,0.3831918239593506
CelebA,240,2.0,0.1,1.59163498878479,24.806984317225623,0.7238054275512695,0.2826571762561798
CelebA,241,2.0,0.1,0.7651631236076355,22.545922711141277,0.6499912142753601,0.30199557542800903
CelebA,242,2.0,0.1,1.3476229906082153,25.64686741060374,0.6666824221611023,0.230423241853714
CelebA,243,2.0,0.1,1.528773546218872,25.37563340785114,0.7610163688659668,0.22243137657642365
CelebA,244,2.0,0.1,1.3405063152313232,25.44861105750574,0.8047356605529785,0.18116381764411926
CelebA,245,2.0,0.1,1.631252646446228,24.538698682968274,0.6444750428199768,0.29690229892730713
CelebA,246,2.0,0.1,1.587072491645813,26.804584009744467,0.839760959148407,0.13224686682224274
CelebA,247,2.0,0.1,1.4939370155334473,25.474195552104504,0.6774592995643616,0.31255054473876953
CelebA,248,2.0,0.1,1.81138014793396,24.96925133017554,0.6981713771820068,0.25183025002479553
CelebA,249,2.0,0.1,1.6625025272369385,25.602551304057563,0.7249196171760559,0.21814344823360443
CelebA,0,3.0,0.01,2.4005985260009766,21.128333434356136,0.5811194777488708,0.3435126543045044
CelebA,1,3.0,0.01,2.3347415924072266,23.610784500782827,0.6903908848762512,0.17327488958835602
CelebA,2,3.0,0.01,2.3850510120391846,24.242607189827968,0.6590828895568848,0.24598723649978638
CelebA,3,3.0,0.01,2.382863759994507,25.414920214418373,0.7775721549987793,0.2742103934288025
CelebA,4,3.0,0.01,2.244581699371338,23.529639451464153,0.6414931416511536,0.29265254735946655
CelebA,5,3.0,0.01,2.3165459632873535,21.809599833115026,0.6556320786476135,0.3876813054084778
CelebA,6,3.0,0.01,2.318678379058838,25.531928937563457,0.6944966316223145,0.31487393379211426
CelebA,7,3.0,0.01,2.384995698928833,22.602235622525406,0.605616569519043,0.42779260873794556
CelebA,8,3.0,0.01,2.299748182296753,25.56033307045647,0.6895797848701477,0.24378909170627594
CelebA,9,3.0,0.01,2.3590736389160156,20.97448319194227,0.6366294026374817,0.26186272501945496
CelebA,10,3.0,0.01,2.374427556991577,23.86548492782272,0.6951594352722168,0.2598780691623688
CelebA,11,3.0,0.01,2.406026601791382,23.868940178242966,0.7227805256843567,0.23819933831691742
CelebA,12,3.0,0.01,2.3839757442474365,24.37019851754785,0.6450360417366028,0.33178141713142395
CelebA,13,3.0,0.01,2.2831594944000244,25.22843351975233,0.7443615794181824,0.19644291698932648
CelebA,14,3.0,0.01,2.3799352645874023,26.261678995543896,0.7766375541687012,0.21468831598758698
CelebA,15,3.0,0.01,2.0402979850769043,25.604798595597835,0.6794891357421875,0.3235468566417694
CelebA,16,3.0,0.01,2.4272236824035645,20.392890379901853,0.6482193470001221,0.3299773335456848
CelebA,17,3.0,0.01,2.443059206008911,24.54798023694552,0.7444972991943359,0.2536788284778595
CelebA,18,3.0,0.01,2.3839621543884277,25.99748680585602,0.8087018132209778,0.1679287552833557
CelebA,19,3.0,0.01,2.2301619052886963,23.93317187319709,0.6927547454833984,0.3293725550174713
CelebA,20,3.0,0.01,2.5314831733703613,23.852350725832657,0.799157440662384,0.20901049673557281
CelebA,21,3.0,0.01,2.447207450866699,21.79961916243262,0.5796613097190857,0.3001837432384491
CelebA,22,3.0,0.01,2.4009206295013428,23.82021991069927,0.7127884030342102,0.31469058990478516
CelebA,23,3.0,0.01,2.555460214614868,26.670292704192967,0.7472147345542908,0.33227840065956116
CelebA,24,3.0,0.01,2.4643137454986572,24.525540510426445,0.6720406413078308,0.260099321603775
CelebA,25,3.0,0.01,2.3093035221099854,24.922916113249286,0.7283914089202881,0.2212432324886322
CelebA,26,3.0,0.01,2.3669896125793457,22.279202284387274,0.6744289994239807,0.24073843657970428
CelebA,27,3.0,0.01,2.3107426166534424,23.938687933449586,0.6426105499267578,0.3158900737762451
CelebA,28,3.0,0.01,2.1413631439208984,21.91777511414618,0.6402097344398499,0.2979365587234497
CelebA,29,3.0,0.01,2.6775145530700684,23.92477209891252,0.7913627028465271,0.2681998312473297
CelebA,30,3.0,0.01,2.328714370727539,24.921166420741073,0.6917319893836975,0.308724969625473
CelebA,31,3.0,0.01,2.3320887088775635,22.079060430310143,0.5842795968055725,0.32535046339035034
CelebA,32,3.0,0.01,2.33864688873291,19.85911935721996,0.5991876721382141,0.25045308470726013
CelebA,33,3.0,0.01,2.4924776554107666,22.5588466383023,0.6349382996559143,0.3590841293334961
CelebA,34,3.0,0.01,2.444814682006836,21.655465289886756,0.667618989944458,0.3079817593097687
CelebA,35,3.0,0.01,2.340236186981201,26.892019796079754,0.8228929042816162,0.1556013971567154
CelebA,36,3.0,0.01,2.3330817222595215,24.756929306552507,0.7443326115608215,0.2076002061367035
CelebA,37,3.0,0.01,2.1823835372924805,23.640188810775264,0.6756095886230469,0.20635679364204407
CelebA,38,3.0,0.01,2.3165857791900635,24.472145165803582,0.6669384837150574,0.2998824417591095
CelebA,39,3.0,0.01,2.4422388076782227,20.249365308964627,0.630757749080658,0.33410894870758057
CelebA,40,3.0,0.01,2.446826457977295,22.67092932596972,0.6767033934593201,0.29565733671188354
CelebA,41,3.0,0.01,2.3299648761749268,24.276297217381316,0.7657148241996765,0.30152928829193115
CelebA,42,3.0,0.01,2.194207191467285,22.17993528859491,0.605299711227417,0.42794615030288696
CelebA,43,3.0,0.01,2.637399911880493,25.023212928396774,0.7159742712974548,0.28137555718421936
CelebA,44,3.0,0.01,2.4025161266326904,23.99628889095783,0.6529196500778198,0.18527865409851074
CelebA,45,3.0,0.01,1.8334938287734985,25.033489095663263,0.6775981783866882,0.364658921957016
CelebA,46,3.0,0.01,2.3323018550872803,25.717247722962743,0.7578029036521912,0.2210945039987564
CelebA,47,3.0,0.01,2.3336100578308105,25.179476235652345,0.6414300799369812,0.3665951192378998
CelebA,48,3.0,0.01,2.2500855922698975,23.349049173667904,0.7141245007514954,0.2913488447666168
CelebA,49,3.0,0.01,2.3872478008270264,27.224515149229944,0.6912520527839661,0.14566105604171753
CelebA,50,3.0,0.01,2.055734395980835,24.387680437781555,0.6385790705680847,0.26754310727119446
CelebA,51,3.0,0.01,2.3152103424072266,22.81209459075676,0.6028010249137878,0.3029448390007019
CelebA,52,3.0,0.01,2.12288498878479,24.241160552021796,0.7025042176246643,0.2561608552932739
CelebA,53,3.0,0.01,2.4233415126800537,23.927188717452662,0.7308106422424316,0.2725261449813843
CelebA,54,3.0,0.01,2.5180928707122803,24.673238671425246,0.7304055690765381,0.27380287647247314
CelebA,55,3.0,0.01,2.5175209045410156,24.077120572225283,0.7129927277565002,0.2556297481060028
CelebA,56,3.0,0.01,2.607701301574707,23.23094259336777,0.7726196646690369,0.18128222227096558
CelebA,57,3.0,0.01,2.404757261276245,21.751276312727896,0.6607254147529602,0.3518292307853699
CelebA,58,3.0,0.01,2.4740724563598633,24.6255731642401,0.6841954588890076,0.24454504251480103
CelebA,59,3.0,0.01,2.3983263969421387,25.302867764090973,0.7526842951774597,0.24129657447338104
CelebA,60,3.0,0.01,2.234553098678589,25.009767221356807,0.6076659560203552,0.28135180473327637
CelebA,61,3.0,0.01,2.444363594055176,22.642257067305053,0.6157960891723633,0.3074159622192383
CelebA,62,3.0,0.01,2.422809362411499,22.881437186881573,0.6471081972122192,0.2362871915102005
CelebA,63,3.0,0.01,2.4714672565460205,22.166706588215806,0.6514025330543518,0.3921583890914917
CelebA,64,3.0,0.01,2.199153423309326,22.463859217168213,0.6791009902954102,0.3973996937274933
CelebA,65,3.0,0.01,2.6102888584136963,25.038104348035105,0.8314525485038757,0.22640198469161987
CelebA,66,3.0,0.01,2.6619527339935303,25.608980638021563,0.7960572242736816,0.19614657759666443
CelebA,67,3.0,0.01,2.2285077571868896,26.001996352926703,0.6569614410400391,0.30923277139663696
CelebA,68,3.0,0.01,2.0925698280334473,23.342375729983228,0.6303322911262512,0.372078001499176
CelebA,69,3.0,0.01,2.2289767265319824,26.489354504449174,0.7643924355506897,0.15994137525558472
CelebA,70,3.0,0.01,2.311295986175537,25.699007536843528,0.7016540169715881,0.27779626846313477
CelebA,71,3.0,0.01,2.440164804458618,22.315381577424425,0.7485750317573547,0.19125427305698395
CelebA,72,3.0,0.01,2.4465293884277344,21.41146427967015,0.6107421517372131,0.3561135530471802
CelebA,73,3.0,0.01,2.5179600715637207,26.362998013119004,0.8301138281822205,0.1853681355714798
CelebA,74,3.0,0.01,2.4261224269866943,22.45788376158947,0.729147732257843,0.30289575457572937
CelebA,75,3.0,0.01,2.4853081703186035,28.742775094927456,0.8642668724060059,0.12139426916837692
CelebA,76,3.0,0.01,2.2220571041107178,22.839136693375522,0.6243862509727478,0.3653514087200165
CelebA,77,3.0,0.01,2.2291488647460938,23.976878247612245,0.6338276863098145,0.325074702501297
CelebA,78,3.0,0.01,2.487706422805786,20.906271962089235,0.6632385849952698,0.3323995769023895
CelebA,79,3.0,0.01,2.5341219902038574,24.367810223472798,0.6976678967475891,0.27642738819122314
CelebA,80,3.0,0.01,2.172746419906616,22.34371500817655,0.5327537655830383,0.3865976631641388
CelebA,81,3.0,0.01,2.3280160427093506,24.433442743263775,0.671408474445343,0.24158476293087006
CelebA,82,3.0,0.01,2.3791353702545166,24.144565223212226,0.6999414563179016,0.3514852523803711
CelebA,83,3.0,0.01,2.3428456783294678,23.949990187450666,0.7260398864746094,0.24320539832115173
CelebA,84,3.0,0.01,2.428793430328369,22.376615016119317,0.7043406367301941,0.20669583976268768
CelebA,85,3.0,0.01,2.2758991718292236,22.373217967985312,0.6582290530204773,0.26367300748825073
CelebA,86,3.0,0.01,2.5182690620422363,22.42336216106731,0.7332727313041687,0.23146063089370728
CelebA,87,3.0,0.01,2.3310933113098145,23.71248223395925,0.7479427456855774,0.18659788370132446
CelebA,88,3.0,0.01,2.177180767059326,24.38003956814796,0.6524502038955688,0.4117530584335327
CelebA,89,3.0,0.01,2.31406831741333,22.33911489359246,0.6325508952140808,0.3266214430332184
CelebA,90,3.0,0.01,2.543225049972534,24.61025756274342,0.7694374918937683,0.17011073231697083
CelebA,91,3.0,0.01,2.316744565963745,25.74444139947074,0.6851179599761963,0.26117366552352905
CelebA,92,3.0,0.01,2.5521199703216553,23.484962350716366,0.7040650844573975,0.19662384688854218
CelebA,93,3.0,0.01,2.364039182662964,21.92060755481602,0.6358330249786377,0.3353424668312073
CelebA,94,3.0,0.01,2.4464027881622314,20.52429463427538,0.6958038210868835,0.31163525581359863
CelebA,95,3.0,0.01,2.4371345043182373,25.88557152577708,0.7867220044136047,0.21435944736003876
CelebA,96,3.0,0.01,2.3134124279022217,22.721339522350668,0.6591734290122986,0.41507360339164734
CelebA,97,3.0,0.01,2.2061614990234375,23.34954726386151,0.6018251776695251,0.3565855026245117
CelebA,98,3.0,0.01,2.3324134349823,19.919093050973494,0.5216600298881531,0.38248538970947266
CelebA,99,3.0,0.01,2.3882806301116943,23.64125179277544,0.6931910514831543,0.2502521276473999
CelebA,100,3.0,0.01,2.0373947620391846,23.55992593582091,0.5914428234100342,0.3851602375507355
CelebA,101,3.0,0.01,2.4827566146850586,24.828567046675406,0.695267915725708,0.23721227049827576
CelebA,102,3.0,0.01,2.130021572113037,22.62048225240037,0.7216652035713196,0.2512458264827728
CelebA,103,3.0,0.01,1.9312692880630493,22.80622993355678,0.5711435675621033,0.48947837948799133
CelebA,104,3.0,0.01,2.3014743328094482,22.26144476419777,0.6643176674842834,0.4401625096797943
CelebA,105,3.0,0.01,2.178546667098999,29.235119353783325,0.8114352226257324,0.14741724729537964
CelebA,106,3.0,0.01,2.2672109603881836,23.989489423079597,0.6781370043754578,0.32307201623916626
CelebA,107,3.0,0.01,2.4372963905334473,22.49959292088017,0.6390357613563538,0.3441845774650574
CelebA,108,3.0,0.01,2.439805269241333,22.139178182377034,0.6625685095787048,0.36691972613334656
CelebA,109,3.0,0.01,2.053537607192993,25.147817380764725,0.6585116982460022,0.4054468274116516
CelebA,110,3.0,0.01,2.2610561847686768,25.59616301958375,0.7839829325675964,0.17192625999450684
CelebA,111,3.0,0.01,2.332937479019165,24.82298086416133,0.7045736908912659,0.4013996422290802
CelebA,112,3.0,0.01,2.1463868618011475,21.676412960892844,0.6482968330383301,0.3298434019088745
CelebA,113,3.0,0.01,2.2496440410614014,22.885936853179913,0.6489355564117432,0.3981071710586548
CelebA,114,3.0,0.01,2.381514072418213,23.912207798946948,0.6159337759017944,0.44647735357284546
CelebA,115,3.0,0.01,2.426654577255249,23.145468512406442,0.6153636574745178,0.2463998943567276
CelebA,116,3.0,0.01,2.561835527420044,24.09044754589314,0.7756546139717102,0.18064191937446594
CelebA,117,3.0,0.01,2.1762523651123047,26.510782655661114,0.7000637650489807,0.30673307180404663
CelebA,118,3.0,0.01,2.3794686794281006,20.096952260488937,0.594515323638916,0.39938873052597046
CelebA,119,3.0,0.01,1.979912519454956,22.51183783792608,0.5496699810028076,0.3846328556537628
CelebA,120,3.0,0.01,2.324434995651245,23.184746959698785,0.6840574741363525,0.31148475408554077
CelebA,121,3.0,0.01,2.2292730808258057,21.565822048050972,0.5930018424987793,0.4222952127456665
CelebA,122,3.0,0.01,2.517636775970459,28.19153644998512,0.8599223494529724,0.14049813151359558
CelebA,123,3.0,0.01,2.5658931732177734,25.347299331112445,0.751797616481781,0.1842702329158783
CelebA,124,3.0,0.01,2.591754913330078,22.244505133443305,0.7525324821472168,0.27641239762306213
CelebA,125,3.0,0.01,2.3254826068878174,22.782965715466,0.6770122647285461,0.262617826461792
CelebA,126,3.0,0.01,2.408236026763916,23.125508337393082,0.687238872051239,0.2417534589767456
CelebA,127,3.0,0.01,2.43119740486145,23.101554904710593,0.692757785320282,0.34609246253967285
CelebA,128,3.0,0.01,2.281297206878662,21.441269168560687,0.6541985869407654,0.2748737335205078
CelebA,129,3.0,0.01,2.3983101844787598,25.54619861643492,0.7792633175849915,0.2207932323217392
CelebA,130,3.0,0.01,2.2531208992004395,23.118940942323597,0.6495948433876038,0.2548322081565857
CelebA,131,3.0,0.01,2.317758083343506,24.34593711589725,0.676917552947998,0.4212101697921753
CelebA,132,3.0,0.01,2.4224658012390137,23.7352205064007,0.6557707190513611,0.3387182056903839
CelebA,133,3.0,0.01,2.4318687915802,22.821373257675127,0.6253872513771057,0.28337669372558594
CelebA,134,3.0,0.01,2.1174137592315674,24.838516772561952,0.760002613067627,0.26211416721343994
CelebA,135,3.0,0.01,2.477292537689209,22.03762961325353,0.6520161628723145,0.31936174631118774
CelebA,136,3.0,0.01,2.3107097148895264,24.808009681446187,0.595201849937439,0.32168784737586975
CelebA,137,3.0,0.01,2.206286907196045,23.368577762536997,0.6565353274345398,0.4005432426929474
CelebA,138,3.0,0.01,2.371929883956909,22.792277686924844,0.6374160051345825,0.35994797945022583
CelebA,139,3.0,0.01,2.2640790939331055,26.29309065391883,0.6785512566566467,0.26359009742736816
CelebA,140,3.0,0.01,2.3865084648132324,25.10071527679635,0.7475101351737976,0.2953740358352661
CelebA,141,3.0,0.01,2.1903908252716064,25.658741940403832,0.7956564426422119,0.24793021380901337
CelebA,142,3.0,0.01,2.3340845108032227,23.989704295159733,0.7206112742424011,0.17327913641929626
CelebA,143,3.0,0.01,2.3869781494140625,25.59736008443121,0.7510302066802979,0.18167732656002045
CelebA,144,3.0,0.01,2.2814221382141113,23.62250287921469,0.6375580430030823,0.25592583417892456
CelebA,145,3.0,0.01,2.3824894428253174,23.521028852087312,0.6567894220352173,0.2885962128639221
CelebA,146,3.0,0.01,2.4417192935943604,22.76682224516523,0.6387119889259338,0.3336140215396881
CelebA,147,3.0,0.01,2.6349399089813232,24.846597448476828,0.767789900302887,0.2217690646648407
CelebA,148,3.0,0.01,2.321845293045044,27.109827657773316,0.7809494137763977,0.18424385786056519
CelebA,149,3.0,0.01,2.6113221645355225,23.435184779663814,0.7430861592292786,0.18320274353027344
CelebA,150,3.0,0.01,2.5550525188446045,24.83243719729879,0.8013748526573181,0.2927634119987488
CelebA,151,3.0,0.01,2.4628171920776367,24.167500829146853,0.7761539816856384,0.19783370196819305
CelebA,152,3.0,0.01,2.4881200790405273,22.558505811547853,0.5840616822242737,0.23689867556095123
CelebA,153,3.0,0.01,2.4558348655700684,24.64584050256282,0.7637698650360107,0.2372126281261444
CelebA,154,3.0,0.01,2.1915881633758545,23.799753972245554,0.640362024307251,0.3387950360774994
CelebA,155,3.0,0.01,2.408888101577759,25.634883881301533,0.7172203660011292,0.21428442001342773
CelebA,156,3.0,0.01,2.206037759780884,22.16299819416585,0.4987936019897461,0.43822550773620605
CelebA,157,3.0,0.01,2.220024347305298,25.400737390973003,0.740584671497345,0.25558003783226013
CelebA,158,3.0,0.01,2.433530807495117,25.033372447985357,0.7502525448799133,0.213114932179451
CelebA,159,3.0,0.01,2.3823912143707275,21.51746537690855,0.6419093012809753,0.3178195655345917
CelebA,160,3.0,0.01,2.257187843322754,24.45402960111523,0.7058076858520508,0.3256109952926636
CelebA,161,3.0,0.01,2.432206153869629,22.07144451130903,0.6092103123664856,0.3337618410587311
CelebA,162,3.0,0.01,2.2829394340515137,26.955602879651664,0.7316336631774902,0.24026267230510712
CelebA,163,3.0,0.01,2.261051654815674,20.39795458037574,0.5354915261268616,0.434127539396286
CelebA,164,3.0,0.01,2.124518871307373,24.305876531062797,0.6152238845825195,0.2663198709487915
CelebA,165,3.0,0.01,2.4324886798858643,22.66808586477523,0.7074808478355408,0.23222626745700836
CelebA,166,3.0,0.01,2.4900434017181396,21.58229568577315,0.7230536341667175,0.22123092412948608
CelebA,167,3.0,0.01,2.4931740760803223,24.128573719795238,0.7067700028419495,0.2722487449645996
CelebA,168,3.0,0.01,2.5573835372924805,22.462901365009643,0.6942936778068542,0.26876479387283325
CelebA,169,3.0,0.01,2.480442523956299,26.1275765565208,0.8203219771385193,0.17551212012767792
CelebA,170,3.0,0.01,2.008868932723999,24.40940220765651,0.6720841526985168,0.36389654874801636
CelebA,171,3.0,0.01,2.214715003967285,24.352134379069696,0.6685409545898438,0.25991642475128174
CelebA,172,3.0,0.01,2.61059832572937,24.996925037402605,0.7417449951171875,0.209368035197258
CelebA,173,3.0,0.01,2.4656238555908203,25.103915117028883,0.6730157732963562,0.16157805919647217
CelebA,174,3.0,0.01,2.339582681655884,22.67886525956966,0.6637278199195862,0.2838192880153656
CelebA,175,3.0,0.01,2.178792715072632,22.47635094540248,0.5986722111701965,0.37382856011390686
CelebA,176,3.0,0.01,2.385570526123047,20.919374701106015,0.6107964515686035,0.4400627017021179
CelebA,177,3.0,0.01,2.4462685585021973,24.487463888843784,0.7511203289031982,0.2250705063343048
CelebA,178,3.0,0.01,2.3411107063293457,22.555369638546484,0.7085199356079102,0.18633349239826202
CelebA,179,3.0,0.01,2.114933967590332,22.59854824161945,0.6395337581634521,0.2877008616924286
CelebA,180,3.0,0.01,2.607619285583496,23.68506053996473,0.706163227558136,0.28135111927986145
CelebA,181,3.0,0.01,2.2861578464508057,25.706777377111827,0.6795051097869873,0.24696268141269684
CelebA,182,3.0,0.01,2.1230592727661133,21.76091703566521,0.5806562304496765,0.4052524268627167
CelebA,183,3.0,0.01,2.114374876022339,24.329850150647083,0.6221649050712585,0.41093364357948303
CelebA,184,3.0,0.01,2.623617649078369,23.215482319397324,0.7245571613311768,0.29506757855415344
CelebA,185,3.0,0.01,1.9148287773132324,25.67729290800782,0.6118064522743225,0.41471225023269653
CelebA,186,3.0,0.01,2.261160135269165,25.003470507033065,0.7286117076873779,0.21168768405914307
CelebA,187,3.0,0.01,2.4447250366210938,26.34311619728336,0.8213834762573242,0.14283056557178497
CelebA,188,3.0,0.01,2.539867639541626,26.996887620978644,0.8492864966392517,0.0802762508392334
CelebA,189,3.0,0.01,2.373783588409424,23.62174339155851,0.6614963412284851,0.36553001403808594
CelebA,190,3.0,0.01,2.2458460330963135,26.3250708477786,0.6673734784126282,0.1714092642068863
CelebA,191,3.0,0.01,2.3809378147125244,22.28742322202235,0.6850703358650208,0.22191986441612244
CelebA,192,3.0,0.01,2.1664175987243652,25.103129179719016,0.7177688479423523,0.27438005805015564
CelebA,193,3.0,0.01,2.2280330657958984,20.843210687508503,0.5723204016685486,0.4255163073539734
CelebA,194,3.0,0.01,2.462590217590332,24.071580380938244,0.721635639667511,0.3357177972793579
CelebA,195,3.0,0.01,2.4710052013397217,24.056198378837912,0.6194743514060974,0.27396583557128906
CelebA,196,3.0,0.01,2.3844971656799316,20.270420625675808,0.5519068837165833,0.5374146699905396
CelebA,197,3.0,0.01,2.2909810543060303,25.377078447580427,0.6845304369926453,0.23998317122459412
CelebA,198,3.0,0.01,2.442481279373169,23.32657831750879,0.6570150852203369,0.2870809733867645
CelebA,199,3.0,0.01,2.4776482582092285,24.042011777869135,0.6942846179008484,0.14882804453372955
CelebA,200,3.0,0.01,2.289489269256592,24.93382053105217,0.7444853782653809,0.23405110836029053
CelebA,201,3.0,0.01,2.45245623588562,22.18369295355412,0.6856206059455872,0.29605352878570557
CelebA,202,3.0,0.01,2.4923861026763916,22.58674129403702,0.664286196231842,0.28026577830314636
CelebA,203,3.0,0.01,2.3816978931427,22.87705435905962,0.7625606656074524,0.2592732906341553
CelebA,204,3.0,0.01,2.460979700088501,24.911943749022395,0.6355025768280029,0.20170360803604126
CelebA,205,3.0,0.01,2.4380054473876953,22.48756459652739,0.6118171811103821,0.47659364342689514
CelebA,206,3.0,0.01,2.2005069255828857,24.06390937677277,0.6699234843254089,0.29765722155570984
CelebA,207,3.0,0.01,2.2319271564483643,22.36335985195803,0.6943758130073547,0.3716714084148407
CelebA,208,3.0,0.01,2.448307991027832,24.74519022256702,0.6871872544288635,0.26479730010032654
CelebA,209,3.0,0.01,2.426499128341675,26.36997884322486,0.8010210990905762,0.11477788537740707
CelebA,210,3.0,0.01,2.5128207206726074,25.85603323020227,0.7231478095054626,0.22471089661121368
CelebA,211,3.0,0.01,2.547532081604004,22.47326279784668,0.7059877514839172,0.28620511293411255
CelebA,212,3.0,0.01,2.3159306049346924,26.552196616548574,0.6888347268104553,0.31701329350471497
CelebA,213,3.0,0.01,2.4275424480438232,24.44030759074131,0.714170515537262,0.20278865098953247
CelebA,214,3.0,0.01,2.309640884399414,23.176774625210985,0.6503126621246338,0.21031853556632996
CelebA,215,3.0,0.01,2.5132312774658203,24.20865999965368,0.6161555051803589,0.269108384847641
CelebA,216,3.0,0.01,2.3755545616149902,25.66107472679393,0.7292250990867615,0.2577822208404541
CelebA,217,3.0,0.01,2.4322457313537598,21.100412148230937,0.6705215573310852,0.22477544844150543
CelebA,218,3.0,0.01,2.165961265563965,22.697006115159493,0.5700145363807678,0.31555724143981934
CelebA,219,3.0,0.01,2.4787445068359375,23.538606994019705,0.6905274391174316,0.34109190106391907
CelebA,220,3.0,0.01,2.441279411315918,25.51507053585808,0.8224809765815735,0.1804889738559723
CelebA,221,3.0,0.01,2.472297191619873,22.154869058516518,0.6536830067634583,0.2451605200767517
CelebA,222,3.0,0.01,2.480462074279785,22.56876893916191,0.7043974995613098,0.20842468738555908
CelebA,223,3.0,0.01,2.4531290531158447,24.16130352073731,0.713904082775116,0.2168649435043335
CelebA,224,3.0,0.01,2.28884220123291,24.784256394151036,0.7325561046600342,0.28773239254951477
CelebA,225,3.0,0.01,2.5423593521118164,23.79097722963117,0.718572199344635,0.23072806000709534
CelebA,226,3.0,0.01,2.310202121734619,23.410226258693214,0.6281790733337402,0.40872934460639954
CelebA,227,3.0,0.01,2.331130027770996,22.804699328629535,0.6020223498344421,0.5080822706222534
CelebA,228,3.0,0.01,2.328494071960449,22.7455459294686,0.6323266625404358,0.33567333221435547
CelebA,229,3.0,0.01,2.5674757957458496,24.566289377790007,0.6726679801940918,0.27004778385162354
CelebA,230,3.0,0.01,2.331261157989502,20.475665484991662,0.6392781734466553,0.40560078620910645
CelebA,231,3.0,0.01,2.2535715103149414,25.53905049487564,0.7673642635345459,0.2100014090538025
CelebA,232,3.0,0.01,2.2671713829040527,24.04914167144343,0.658255398273468,0.25516530871391296
CelebA,233,3.0,0.01,2.255619525909424,26.896395927257405,0.7702059149742126,0.2589850425720215
CelebA,234,3.0,0.01,2.300136089324951,27.18976931745802,0.752814769744873,0.2828240692615509
CelebA,235,3.0,0.01,2.562828779220581,22.080887392415967,0.7054179310798645,0.27953198552131653
CelebA,236,3.0,0.01,2.229464054107666,22.375120225182794,0.5914658904075623,0.4103114902973175
CelebA,237,3.0,0.01,2.438657283782959,26.564397290103727,0.8244075179100037,0.1484725922346115
CelebA,238,3.0,0.01,2.4709548950195312,23.760954514249466,0.6976833343505859,0.26692917943000793
CelebA,239,3.0,0.01,2.1068413257598877,20.510241223546934,0.5250287652015686,0.48152655363082886
CelebA,240,3.0,0.01,2.436711311340332,23.609501897230885,0.6634570956230164,0.34159934520721436
CelebA,241,3.0,0.01,2.0540714263916016,21.41448459689562,0.5906829237937927,0.2824624180793762
CelebA,242,3.0,0.01,2.34086012840271,24.529123038404478,0.6191113591194153,0.23576530814170837
CelebA,243,3.0,0.01,2.3761441707611084,23.680574534632886,0.6952254176139832,0.268083393573761
CelebA,244,3.0,0.01,2.3213119506835938,23.670037913838037,0.7402901649475098,0.21998843550682068
CelebA,245,3.0,0.01,2.3093206882476807,22.86311666912454,0.5785381197929382,0.3516453206539154
CelebA,246,3.0,0.01,2.382110834121704,24.931066129893722,0.7910597920417786,0.1563536524772644
CelebA,247,3.0,0.01,2.185837745666504,23.921270164373475,0.6140983700752258,0.3704991340637207
CelebA,248,3.0,0.01,2.474210023880005,23.61920326283176,0.6465528011322021,0.2848854064941406
CelebA,249,3.0,0.01,2.454805612564087,24.15597773470258,0.6644813418388367,0.25381186604499817
CelebA,0,3.0,0.05,2.3479907512664795,21.092243689620013,0.5812842845916748,0.34663641452789307
CelebA,1,3.0,0.05,2.1851701736450195,23.574287655236073,0.6885197162628174,0.18742133677005768
CelebA,2,3.0,0.05,2.284418821334839,24.13688857913257,0.6564870476722717,0.2519312798976898
CelebA,3,3.0,0.05,2.199831962585449,25.355304647860844,0.7751932144165039,0.28678813576698303
CelebA,4,3.0,0.05,2.0953023433685303,23.45489978461577,0.6405004858970642,0.3013648986816406
CelebA,5,3.0,0.05,2.196291208267212,21.758530921662462,0.6536539196968079,0.39339855313301086
CelebA,6,3.0,0.05,2.107699155807495,25.447248001359704,0.6932709217071533,0.3194487988948822
CelebA,7,3.0,0.05,2.2958943843841553,22.54749601508668,0.6042260527610779,0.4294734597206116
CelebA,8,3.0,0.05,2.016165018081665,25.455835480549954,0.6877787709236145,0.2534552812576294
CelebA,9,3.0,0.05,2.29194974899292,20.96135721844666,0.6358354687690735,0.26459479331970215
CelebA,10,3.0,0.05,2.26377272605896,23.765109512355878,0.6905941963195801,0.2639673948287964
CelebA,11,3.0,0.05,2.3400375843048096,23.78233366120608,0.7201250195503235,0.24359428882598877
CelebA,12,3.0,0.05,2.276169776916504,24.282942590250983,0.6411268711090088,0.3356180787086487
CelebA,13,3.0,0.05,2.096872568130493,25.116989723103636,0.7410745620727539,0.20945481956005096
CelebA,14,3.0,0.05,2.221926212310791,26.147519670573402,0.7733009457588196,0.21920473873615265
CelebA,15,3.0,0.05,1.5952450037002563,25.41010721514801,0.6728364825248718,0.3345482051372528
CelebA,16,3.0,0.05,2.376091480255127,20.31071710808846,0.647067129611969,0.33239680528640747
CelebA,17,3.0,0.05,2.3446314334869385,24.44903652809029,0.7426651120185852,0.2591308653354645
CelebA,18,3.0,0.05,2.25113582611084,25.89190519809492,0.8071802258491516,0.1703862100839615
CelebA,19,3.0,0.05,2.053102970123291,23.872643347359137,0.6928586959838867,0.326998233795166
CelebA,20,3.0,0.05,2.4785959720611572,23.778327243570068,0.7972381711006165,0.21218252182006836
CelebA,21,3.0,0.05,2.4032042026519775,21.768342447579492,0.5769392848014832,0.3025762736797333
CelebA,22,3.0,0.05,2.291304349899292,23.749867858304636,0.7103877663612366,0.31836268305778503
CelebA,23,3.0,0.05,2.452075242996216,26.617691165822414,0.7468311786651611,0.3416478931903839
CelebA,24,3.0,0.05,2.3589093685150146,24.48359727022209,0.6704248785972595,0.2626628577709198
CelebA,25,3.0,0.05,2.137178421020508,24.899066010770806,0.7267265319824219,0.2230222523212433
CelebA,26,3.0,0.05,2.277214765548706,22.23694712961514,0.6739501357078552,0.2446264773607254
CelebA,27,3.0,0.05,2.1713361740112305,23.85059130574814,0.6393588185310364,0.3213936686515808
CelebA,28,3.0,0.05,1.9754822254180908,21.893313126054434,0.6408773064613342,0.30651217699050903
CelebA,29,3.0,0.05,2.653690814971924,23.890842091024172,0.7905915379524231,0.2690991461277008
CelebA,30,3.0,0.05,2.1660265922546387,24.834322934678422,0.6872361302375793,0.31318461894989014
CelebA,31,3.0,0.05,2.251885175704956,22.01563574474987,0.5823879837989807,0.3301006853580475
CelebA,32,3.0,0.05,2.2999496459960938,19.847662217958657,0.598167359828949,0.25165629386901855
CelebA,33,3.0,0.05,2.437305212020874,22.515640335550433,0.6338398456573486,0.3613307476043701
CelebA,34,3.0,0.05,2.3681507110595703,21.613339014395866,0.6664789319038391,0.3109329044818878
CelebA,35,3.0,0.05,2.1251180171966553,26.770131504944274,0.8206303119659424,0.1605079174041748
CelebA,36,3.0,0.05,2.2033846378326416,24.63326008291514,0.7400833964347839,0.21328532695770264
CelebA,37,3.0,0.05,2.011472225189209,23.542886469144726,0.672227680683136,0.21890197694301605
CelebA,38,3.0,0.05,2.1394288539886475,24.41519410830815,0.6669307351112366,0.3094663619995117
CelebA,39,3.0,0.05,2.37300705909729,20.212507397169375,0.6292362809181213,0.33855611085891724
CelebA,40,3.0,0.05,2.3667705059051514,22.616957052759957,0.674537181854248,0.30661922693252563
CelebA,41,3.0,0.05,2.221695899963379,24.141058676868074,0.762178897857666,0.31038743257522583
CelebA,42,3.0,0.05,2.0348026752471924,22.134085416509844,0.6044942736625671,0.4309278130531311
CelebA,43,3.0,0.05,2.5849263668060303,24.940481251394353,0.7141685485839844,0.28401944041252136
CelebA,44,3.0,0.05,2.281973361968994,23.959966257842243,0.6518751978874207,0.18974554538726807
CelebA,45,3.0,0.05,0.919917106628418,24.786770339475297,0.6672174334526062,0.405495285987854
CelebA,46,3.0,0.05,2.188356399536133,25.548529397958802,0.7555472254753113,0.2291557341814041
CelebA,47,3.0,0.05,2.1403250694274902,25.124669071904453,0.6398131847381592,0.3711032569408417
CelebA,48,3.0,0.05,2.118530035018921,23.272142797804584,0.7125802040100098,0.2979167401790619
CelebA,49,3.0,0.05,2.2470309734344482,27.07543283431841,0.6835708618164062,0.15333794057369232
CelebA,50,3.0,0.05,1.7518787384033203,24.21959849425347,0.6293489336967468,0.280625581741333
CelebA,51,3.0,0.05,2.21260929107666,22.741011028392574,0.5999138355255127,0.311097115278244
CelebA,52,3.0,0.05,1.86311936378479,24.067045384887386,0.696827232837677,0.2773519456386566
CelebA,53,3.0,0.05,2.329737424850464,23.85837762309982,0.72983318567276,0.2758151888847351
CelebA,54,3.0,0.05,2.4457390308380127,24.60200285389024,0.7277255058288574,0.2803085148334503
CelebA,55,3.0,0.05,2.4635093212127686,24.018508543027338,0.7130584716796875,0.25913289189338684
CelebA,56,3.0,0.05,2.5423731803894043,23.171399294117276,0.7716917395591736,0.18454580008983612
CelebA,57,3.0,0.05,2.357269525527954,21.738320420003955,0.6600013375282288,0.35350939631462097
CelebA,58,3.0,0.05,2.390768527984619,24.556906573048977,0.682462215423584,0.2466612011194229
CelebA,59,3.0,0.05,2.272211790084839,25.20740970306604,0.7504379153251648,0.24587707221508026
CelebA,60,3.0,0.05,1.9802725315093994,24.84633416714759,0.5987845063209534,0.29833683371543884
CelebA,61,3.0,0.05,2.369852304458618,22.5745829221339,0.6148467063903809,0.3117307424545288
CelebA,62,3.0,0.05,2.342071533203125,22.78531353582556,0.6436043381690979,0.2530973255634308
CelebA,63,3.0,0.05,2.3966751098632812,22.110517715681745,0.6503760814666748,0.3949810862541199
CelebA,64,3.0,0.05,2.0340542793273926,22.414022527245226,0.6774458289146423,0.40483731031417847
CelebA,65,3.0,0.05,2.531233787536621,24.95543775538172,0.8296306133270264,0.23446479439735413
CelebA,66,3.0,0.05,2.602039337158203,25.527943533937815,0.794686496257782,0.19854475557804108
CelebA,67,3.0,0.05,1.912557601928711,25.905814206747095,0.6540226936340332,0.31503939628601074
CelebA,68,3.0,0.05,1.8158190250396729,23.201019663366942,0.6239352226257324,0.3838181495666504
CelebA,69,3.0,0.05,1.906616449356079,26.385426607660236,0.7610524296760559,0.1707838922739029
CelebA,70,3.0,0.05,2.1314587593078613,25.57646678887618,0.6993856430053711,0.28486424684524536
CelebA,71,3.0,0.05,2.3593451976776123,22.242031894270337,0.7444804310798645,0.20056754350662231
CelebA,72,3.0,0.05,2.3982012271881104,21.351627401047246,0.6089521646499634,0.35958948731422424
CelebA,73,3.0,0.05,2.4261200428009033,26.254233945947636,0.8281137347221375,0.18951736390590668
CelebA,74,3.0,0.05,2.358097553253174,22.39503644643286,0.7272002100944519,0.3062136769294739
CelebA,75,3.0,0.05,2.36724853515625,28.5202733842041,0.8626528382301331,0.1251073032617569
CelebA,76,3.0,0.05,2.0605244636535645,22.76843787311855,0.6224289536476135,0.3732236623764038
CelebA,77,3.0,0.05,2.032346725463867,23.877056755560403,0.6296544671058655,0.33184877038002014
CelebA,78,3.0,0.05,2.44913649559021,20.881151990242888,0.6622381210327148,0.3369867503643036
CelebA,79,3.0,0.05,2.461420774459839,24.280465504479928,0.6933565735816956,0.2798052430152893
CelebA,80,3.0,0.05,2.0103940963745117,22.266181050423025,0.5299614071846008,0.39848870038986206
CelebA,81,3.0,0.05,2.1937742233276367,24.33306936189613,0.6686154007911682,0.24667632579803467
CelebA,82,3.0,0.05,2.2610976696014404,24.02948520330768,0.6961123943328857,0.35732606053352356
CelebA,83,3.0,0.05,2.2624101638793945,23.87651162323241,0.7245741486549377,0.24630287289619446
CelebA,84,3.0,0.05,2.361154317855835,22.29502506273818,0.7008325457572937,0.211624413728714
CelebA,85,3.0,0.05,2.1782913208007812,22.3078166490222,0.6560255885124207,0.26450687646865845
CelebA,86,3.0,0.05,2.4715771675109863,22.344968254239536,0.7313604354858398,0.23684056103229523
CelebA,87,3.0,0.05,2.2259299755096436,23.66374897023679,0.7476189136505127,0.18897439539432526
CelebA,88,3.0,0.05,1.9171658754348755,24.329546254064475,0.6521379947662354,0.4173782765865326
CelebA,89,3.0,0.05,2.1997463703155518,22.278198527745747,0.6292306780815125,0.33296114206314087
CelebA,90,3.0,0.05,2.489457845687866,24.54239539877601,0.7684267163276672,0.17240265011787415
CelebA,91,3.0,0.05,2.164419174194336,25.60131534851399,0.6813541054725647,0.2690277695655823
CelebA,92,3.0,0.05,2.4946205615997314,23.42068775390521,0.7026834487915039,0.1991582214832306
CelebA,93,3.0,0.05,2.28470778465271,21.85065549710849,0.634350061416626,0.3392235040664673
CelebA,94,3.0,0.05,2.3920133113861084,20.501778016262662,0.6944759488105774,0.3182660639286041
CelebA,95,3.0,0.05,2.331531047821045,25.66429921323146,0.7823781967163086,0.23078219592571259
CelebA,96,3.0,0.05,2.1788341999053955,22.66819128341579,0.657276451587677,0.41778334975242615
CelebA,97,3.0,0.05,2.022130012512207,23.290316088729227,0.6008484363555908,0.36298415064811707
CelebA,98,3.0,0.05,2.2783029079437256,19.90118825524025,0.5214783549308777,0.38361310958862305
CelebA,99,3.0,0.05,2.2906339168548584,23.53966641571843,0.6900728344917297,0.26045486330986023
CelebA,100,3.0,0.05,1.7120182514190674,23.497848677220897,0.5897607207298279,0.3955707848072052
CelebA,101,3.0,0.05,2.4023430347442627,24.741749217035366,0.6917359232902527,0.23796841502189636
CelebA,102,3.0,0.05,1.9310286045074463,22.554730074645875,0.7154046893119812,0.2612413167953491
CelebA,103,3.0,0.05,1.4064579010009766,22.73829076333929,0.5656022429466248,0.507849931716919
CelebA,104,3.0,0.05,2.169506072998047,22.187687134739743,0.6631445288658142,0.4504530429840088
CelebA,105,3.0,0.05,1.5229765176773071,29.050677319522688,0.8011861443519592,0.17289608716964722
CelebA,106,3.0,0.05,2.1026458740234375,23.879853115595424,0.674676239490509,0.34516578912734985
CelebA,107,3.0,0.05,2.3331077098846436,22.447452319384652,0.6382583975791931,0.3473525047302246
CelebA,108,3.0,0.05,2.360734224319458,22.114245385833655,0.662584125995636,0.3700324594974518
CelebA,109,3.0,0.05,1.623700499534607,25.06103783886322,0.6580211520195007,0.41896915435791016
CelebA,110,3.0,0.05,2.093250274658203,25.459314827266745,0.7813975811004639,0.17857560515403748
CelebA,111,3.0,0.05,2.17824649810791,24.754199293007545,0.703088104724884,0.4097086191177368
CelebA,112,3.0,0.05,1.9805454015731812,21.653538864494145,0.6467472910881042,0.3333708941936493
CelebA,113,3.0,0.05,2.1008636951446533,22.787630348728722,0.6460957527160645,0.40637993812561035
CelebA,114,3.0,0.05,2.2690083980560303,23.860331058779902,0.6154732704162598,0.45178982615470886
CelebA,115,3.0,0.05,2.3311352729797363,23.10558697253591,0.6122074723243713,0.24808914959430695
CelebA,116,3.0,0.05,2.495300531387329,24.041291175115912,0.7737286686897278,0.18330396711826324
CelebA,117,3.0,0.05,1.6821534633636475,26.405192835006574,0.6994633674621582,0.3361910581588745
CelebA,118,3.0,0.05,2.3246443271636963,20.042898854526673,0.5932314991950989,0.40094560384750366
CelebA,119,3.0,0.05,1.5830782651901245,22.37680063397415,0.5420753359794617,0.412705659866333
CelebA,120,3.0,0.05,2.2036683559417725,23.12293398352174,0.6825855374336243,0.3169454038143158
CelebA,121,3.0,0.05,2.0976619720458984,21.516616489191946,0.5922166705131531,0.422537624835968
CelebA,122,3.0,0.05,2.4088456630706787,27.946179322415823,0.8560965061187744,0.14858700335025787
CelebA,123,3.0,0.05,2.519326686859131,25.26254101492686,0.7497511506080627,0.18516422808170319
CelebA,124,3.0,0.05,2.550882577896118,22.19395375605177,0.7517447471618652,0.2782299220561981
CelebA,125,3.0,0.05,2.220296621322632,22.720360249520112,0.6732666492462158,0.26877468824386597
CelebA,126,3.0,0.05,2.353830099105835,23.1027768990781,0.687144935131073,0.24372810125350952
CelebA,127,3.0,0.05,2.3305020332336426,23.044623822250237,0.6912732720375061,0.35226044058799744
CelebA,128,3.0,0.05,2.1854913234710693,21.3953909286191,0.6526017785072327,0.27882570028305054
CelebA,129,3.0,0.05,2.237630605697632,25.39926202368555,0.7756817936897278,0.22643093764781952
CelebA,130,3.0,0.05,2.110992670059204,23.051128702666883,0.6450481414794922,0.264693021774292
CelebA,131,3.0,0.05,2.170013904571533,24.262246300446048,0.6758418083190918,0.42608147859573364
CelebA,132,3.0,0.05,2.2625224590301514,23.681919377639247,0.6551903486251831,0.3438296616077423
CelebA,133,3.0,0.05,2.3449866771698,22.763317664714464,0.622137725353241,0.28691738843917847
CelebA,134,3.0,0.05,1.847572684288025,24.567751810208204,0.7539513111114502,0.27937862277030945
CelebA,135,3.0,0.05,2.4286279678344727,22.007748029533868,0.6513328552246094,0.32441872358322144
CelebA,136,3.0,0.05,2.1650726795196533,24.697601292621016,0.5933234095573425,0.3280397057533264
CelebA,137,3.0,0.05,2.003103017807007,23.30264286984186,0.654802680015564,0.4023260474205017
CelebA,138,3.0,0.05,2.225508451461792,22.719126256434443,0.6353375315666199,0.36647382378578186
CelebA,139,3.0,0.05,2.0136935710906982,26.175021910168024,0.6745221018791199,0.27007171511650085
CelebA,140,3.0,0.05,2.249577045440674,25.00031213918588,0.7460636496543884,0.2998131811618805
CelebA,141,3.0,0.05,1.923219084739685,25.457662029833227,0.7908561825752258,0.26533833146095276
CelebA,142,3.0,0.05,2.2300808429718018,23.944572107514055,0.7194942831993103,0.19203580915927887
CelebA,143,3.0,0.05,2.266496419906616,25.479501485907004,0.7486057281494141,0.1883319467306137
CelebA,144,3.0,0.05,2.11759090423584,23.517257190096114,0.6336026191711426,0.26781392097473145
CelebA,145,3.0,0.05,2.278470277786255,23.4803645451997,0.6550192832946777,0.2922743558883667
CelebA,146,3.0,0.05,2.3652584552764893,22.723197266216182,0.6378999352455139,0.3347102403640747
CelebA,147,3.0,0.05,2.5815255641937256,24.772598371359813,0.7664092183113098,0.22540611028671265
CelebA,148,3.0,0.05,2.099519729614258,26.9078174698982,0.7771632075309753,0.18907500803470612
CelebA,149,3.0,0.05,2.558346748352051,23.348587868035512,0.7415339350700378,0.18639691174030304
CelebA,150,3.0,0.05,2.48598313331604,24.797536793401118,0.7993057370185852,0.2979394197463989
CelebA,151,3.0,0.05,2.3988044261932373,24.053810751926832,0.7740886807441711,0.20089974999427795
CelebA,152,3.0,0.05,2.4510984420776367,22.50335447553587,0.5813558101654053,0.23900106549263
CelebA,153,3.0,0.05,2.3517613410949707,24.54301158426437,0.7611590027809143,0.24701131880283356
CelebA,154,3.0,0.05,2.0107429027557373,23.736884546237384,0.6394831538200378,0.3480347692966461
CelebA,155,3.0,0.05,2.2745044231414795,25.44850788276505,0.712971031665802,0.22388385236263275
CelebA,156,3.0,0.05,2.0232768058776855,22.145493138539205,0.4987267255783081,0.44392573833465576
CelebA,157,3.0,0.05,1.964007019996643,25.245442618719768,0.7384066581726074,0.26343122124671936
CelebA,158,3.0,0.05,2.334667205810547,24.927941721361343,0.7465486526489258,0.21595719456672668
CelebA,159,3.0,0.05,2.2984495162963867,21.465710143129023,0.6405674815177917,0.3185926079750061
CelebA,160,3.0,0.05,2.097055196762085,24.39509163382615,0.7042083740234375,0.32895970344543457
CelebA,161,3.0,0.05,2.3491930961608887,22.00878463764825,0.6082175374031067,0.3386480510234833
CelebA,162,3.0,0.05,1.9614009857177734,26.797294229367175,0.727222740650177,0.2528758943080902
CelebA,163,3.0,0.05,2.18502140045166,20.370922450104857,0.5343918204307556,0.4360677897930145
CelebA,164,3.0,0.05,1.8970352411270142,24.158106896677932,0.6094896197319031,0.2835169732570648
CelebA,165,3.0,0.05,2.358426094055176,22.62726831060325,0.7074171900749207,0.23816579580307007
CelebA,166,3.0,0.05,2.445025682449341,21.539692915874888,0.7223955988883972,0.22291980683803558
CelebA,167,3.0,0.05,2.3991520404815674,24.045616072863446,0.7043991088867188,0.27757465839385986
CelebA,168,3.0,0.05,2.49520206451416,22.40984999446289,0.6927892565727234,0.27122074365615845
CelebA,169,3.0,0.05,2.3880422115325928,25.991213114034977,0.8178326487541199,0.18059560656547546
CelebA,170,3.0,0.05,1.6122075319290161,24.227356762529514,0.6645755171775818,0.37942880392074585
CelebA,171,3.0,0.05,2.0229671001434326,24.302203036796776,0.6674075126647949,0.27167755365371704
CelebA,172,3.0,0.05,2.540682315826416,24.899298140877676,0.7394821643829346,0.21393054723739624
CelebA,173,3.0,0.05,2.3828134536743164,25.02859130125854,0.6697227358818054,0.16857454180717468
CelebA,174,3.0,0.05,2.2745020389556885,22.66672649264164,0.6643433570861816,0.28732237219810486
CelebA,175,3.0,0.05,2.0189521312713623,22.39778175404709,0.5951977968215942,0.38393038511276245
CelebA,176,3.0,0.05,2.3314852714538574,20.860082159077606,0.6089087128639221,0.44948360323905945
CelebA,177,3.0,0.05,2.3634192943573,24.4017570499555,0.7497401237487793,0.22745120525360107
CelebA,178,3.0,0.05,2.2797086238861084,22.51662252695617,0.7083163261413574,0.19113339483737946
CelebA,179,3.0,0.05,1.9207494258880615,22.504011354880184,0.6349615454673767,0.2977449297904968
CelebA,180,3.0,0.05,2.5462679862976074,23.60681114696817,0.7044972777366638,0.28397220373153687
CelebA,181,3.0,0.05,2.0166380405426025,25.565464166900536,0.6753101348876953,0.2620418965816498
CelebA,182,3.0,0.05,1.9170012474060059,21.693677589753673,0.5765839219093323,0.4266313910484314
CelebA,183,3.0,0.05,1.8056193590164185,24.254130885532412,0.6209784150123596,0.4265323877334595
CelebA,184,3.0,0.05,2.5828423500061035,23.17977935842968,0.7239050269126892,0.2978411316871643
CelebA,185,3.0,0.05,1.0002509355545044,25.371437707387003,0.6018579602241516,0.4533776342868805
CelebA,186,3.0,0.05,2.11311674118042,24.89749641205423,0.7259442210197449,0.21744006872177124
CelebA,187,3.0,0.05,2.3351006507873535,26.17819152804616,0.8174731731414795,0.1479756087064743
CelebA,188,3.0,0.05,2.458205461502075,26.83726228765009,0.8475906252861023,0.08101880550384521
CelebA,189,3.0,0.05,2.226231098175049,23.534399270379033,0.6600432395935059,0.37103894352912903
CelebA,190,3.0,0.05,1.9830313920974731,26.261256591396375,0.6633946895599365,0.18463772535324097
CelebA,191,3.0,0.05,2.2980356216430664,22.23061212465037,0.6831388473510742,0.2253539115190506
CelebA,192,3.0,0.05,1.8618050813674927,24.895605525777157,0.7124013900756836,0.2944388687610626
CelebA,193,3.0,0.05,2.1009128093719482,20.784393992491708,0.5696209073066711,0.4308210015296936
CelebA,194,3.0,0.05,2.364183187484741,24.021137165850792,0.720221221446991,0.3388296067714691
CelebA,195,3.0,0.05,2.389735698699951,24.019943856613967,0.6169368028640747,0.27908405661582947
CelebA,196,3.0,0.05,2.3099613189697266,20.246690521951187,0.5499451160430908,0.5397236347198486
CelebA,197,3.0,0.05,2.0955629348754883,25.26276045808339,0.6817751526832581,0.2502414584159851
CelebA,198,3.0,0.05,2.35284161567688,23.263587495815074,0.6560366153717041,0.28932297229766846
CelebA,199,3.0,0.05,2.404921293258667,23.958303077383643,0.6926803588867188,0.1519012600183487
CelebA,200,3.0,0.05,2.083655834197998,24.79775257198177,0.7399759292602539,0.24631939828395844
CelebA,201,3.0,0.05,2.397228479385376,22.124428321174904,0.6832147240638733,0.3000912070274353
CelebA,202,3.0,0.05,2.4474525451660156,22.530956146471723,0.6614313125610352,0.28131768107414246
CelebA,203,3.0,0.05,2.2879638671875,22.769044653813037,0.7587228417396545,0.26910579204559326
CelebA,204,3.0,0.05,2.3334109783172607,24.76843948426029,0.6263050436973572,0.2093629240989685
CelebA,205,3.0,0.05,2.3339974880218506,22.486686114127693,0.6130557656288147,0.4792039096355438
CelebA,206,3.0,0.05,2.0163626670837402,24.01963562984158,0.6694100499153137,0.3030998706817627
CelebA,207,3.0,0.05,2.079190492630005,22.335799675518686,0.6932184100151062,0.3813144862651825
CelebA,208,3.0,0.05,2.3633813858032227,24.67920114329949,0.683482825756073,0.269284725189209
CelebA,209,3.0,0.05,2.2766590118408203,26.27779906632145,0.7998525500297546,0.1214221641421318
CelebA,210,3.0,0.05,2.4500155448913574,25.754628304340134,0.7206853032112122,0.22807560861110687
CelebA,211,3.0,0.05,2.4844772815704346,22.43175427427193,0.7041106224060059,0.28783223032951355
CelebA,212,3.0,0.05,2.0826334953308105,26.40343302393188,0.6872202754020691,0.32426297664642334
CelebA,213,3.0,0.05,2.334294319152832,24.358193201717473,0.7121707797050476,0.2087351381778717
CelebA,214,3.0,0.05,2.1750400066375732,23.12776921397687,0.6479782462120056,0.2157532274723053
CelebA,215,3.0,0.05,2.452502965927124,24.146748696694914,0.6115529537200928,0.2707374393939972
CelebA,216,3.0,0.05,2.1846764087677,25.538046736504487,0.7270054817199707,0.2632499039173126
CelebA,217,3.0,0.05,2.3785500526428223,21.03798174922656,0.6691792607307434,0.22734937071800232
CelebA,218,3.0,0.05,2.0034639835357666,22.59906330782816,0.5658807158470154,0.32427090406417847
CelebA,219,3.0,0.05,2.3964076042175293,23.492815030046298,0.6892936825752258,0.3422625660896301
CelebA,220,3.0,0.05,2.353504180908203,25.361548212151735,0.8197948336601257,0.1890665590763092
CelebA,221,3.0,0.05,2.40628981590271,22.105938244174475,0.6521582007408142,0.2473703920841217
CelebA,222,3.0,0.05,2.4306249618530273,22.49339397237481,0.7026987075805664,0.2135307788848877
CelebA,223,3.0,0.05,2.3604073524475098,24.069942569992158,0.7120552062988281,0.2224230021238327
CelebA,224,3.0,0.05,2.0753753185272217,24.67735276229021,0.7293651700019836,0.29398447275161743
CelebA,225,3.0,0.05,2.4738776683807373,23.730573082278703,0.7171186804771423,0.23443999886512756
CelebA,226,3.0,0.05,2.1678545475006104,23.338020999448055,0.6255583167076111,0.4195193350315094
CelebA,227,3.0,0.05,2.2166523933410645,22.738456788251874,0.6013643741607666,0.511536180973053
CelebA,228,3.0,0.05,2.193793773651123,22.698731876287347,0.6303017735481262,0.33977627754211426
CelebA,229,3.0,0.05,2.515488624572754,24.48312543364519,0.6708841323852539,0.27323460578918457
CelebA,230,3.0,0.05,2.272104024887085,20.44304082940942,0.6387991905212402,0.40943682193756104
CelebA,231,3.0,0.05,1.9941630363464355,25.326338508314645,0.7598697543144226,0.23959170281887054
CelebA,232,3.0,0.05,2.112349033355713,23.956586719080967,0.656005859375,0.26581844687461853
CelebA,233,3.0,0.05,1.9604854583740234,26.74828576803833,0.7679186463356018,0.2722340226173401
CelebA,234,3.0,0.05,2.033799648284912,26.950678147417293,0.7487166523933411,0.29479166865348816
CelebA,235,3.0,0.05,2.5191328525543213,22.037576267643722,0.704092800617218,0.28245973587036133
CelebA,236,3.0,0.05,2.0727248191833496,22.349851798880408,0.5899953246116638,0.4131482243537903
CelebA,237,3.0,0.05,2.2745158672332764,26.400707895120703,0.8208246827125549,0.1587858647108078
CelebA,238,3.0,0.05,2.384850025177002,23.71082228817308,0.6958482265472412,0.27111923694610596
CelebA,239,3.0,0.05,1.9555613994598389,20.459591160659265,0.5231342911720276,0.4844842553138733
CelebA,240,3.0,0.05,2.3334174156188965,23.546824165474945,0.6612085103988647,0.3469581604003906
CelebA,241,3.0,0.05,1.7696009874343872,21.427792597621487,0.5843825936317444,0.2931988835334778
CelebA,242,3.0,0.05,2.1806740760803223,24.446633490392035,0.6156607866287231,0.24102783203125
CelebA,243,3.0,0.05,2.2289929389953613,23.63871565704365,0.693311870098114,0.27277886867523193
CelebA,244,3.0,0.05,2.1598896980285645,23.630887484665976,0.7386395335197449,0.2289811372756958
CelebA,245,3.0,0.05,2.169311761856079,22.81517857483219,0.5777924656867981,0.3555017411708832
CelebA,246,3.0,0.05,2.2660913467407227,24.86248649592877,0.7888204455375671,0.1604139804840088
CelebA,247,3.0,0.05,2.0024771690368652,23.78582200212624,0.6096267104148865,0.37550726532936096
CelebA,248,3.0,0.05,2.401540756225586,23.56811919500227,0.6459584832191467,0.2882390320301056
CelebA,249,3.0,0.05,2.3363914489746094,24.068504057148527,0.6621076464653015,0.2582355737686157
CelebA,0,3.0,0.1,2.107097864151001,20.903873693581904,0.5773705840110779,0.358991414308548
CelebA,1,3.0,0.1,1.5873780250549316,23.185990064227383,0.6673021912574768,0.2611832022666931
CelebA,2,3.0,0.1,1.9125679731369019,23.659948122875246,0.6432221531867981,0.2823678255081177
CelebA,3,3.0,0.1,1.3402378559112549,24.780082685815238,0.75618577003479,0.3444386422634125
CelebA,4,3.0,0.1,1.4329646825790405,22.982861634763474,0.6287007331848145,0.35110804438591003
CelebA,5,3.0,0.1,1.8051201105117798,21.57357235858332,0.646176278591156,0.41216421127319336
CelebA,6,3.0,0.1,1.2230700254440308,24.943264671706615,0.6826772689819336,0.3470924198627472
CelebA,7,3.0,0.1,1.9696444272994995,22.322545064662023,0.5989713668823242,0.43982964754104614
CelebA,8,3.0,0.1,1.0637946128845215,24.81479505236473,0.6670832633972168,0.3090563416481018
CelebA,9,3.0,0.1,2.0566370487213135,20.85827007830258,0.6302686333656311,0.28267455101013184
CelebA,10,3.0,0.1,1.7937959432601929,23.34749667081137,0.6704163551330566,0.2876455783843994
CelebA,11,3.0,0.1,2.0296132564544678,23.336917191544874,0.7063339352607727,0.2781173586845398
CelebA,12,3.0,0.1,1.7757879495620728,23.87319144791704,0.6240061521530151,0.3584951162338257
CelebA,13,3.0,0.1,1.3401902914047241,24.20982900777004,0.7068683505058289,0.2958236336708069
CelebA,14,3.0,0.1,1.4885586500167847,25.529345883585044,0.7559037208557129,0.24587678909301758
CelebA,15,3.0,0.1,0.3491223156452179,24.695821684371325,0.6496541500091553,0.3805348575115204
CelebA,16,3.0,0.1,2.2291104793548584,20.05640427479854,0.6418708562850952,0.3413721024990082
CelebA,17,3.0,0.1,2.002481460571289,24.05676756963524,0.7347415089607239,0.283905565738678
CelebA,18,3.0,0.1,1.628271460533142,25.05621287403669,0.7878007292747498,0.22950108349323273
CelebA,19,3.0,0.1,1.3172332048416138,23.349462422689374,0.6772475838661194,0.3567948639392853
CelebA,20,3.0,0.1,2.2925140857696533,23.513069182590733,0.7909749150276184,0.22528210282325745
CelebA,21,3.0,0.1,2.2309024333953857,21.497521423182594,0.5638571381568909,0.3215612769126892
CelebA,22,3.0,0.1,1.8968560695648193,23.43230253959471,0.7000728249549866,0.33481135964393616
CelebA,23,3.0,0.1,2.072244882583618,26.116450898797666,0.7410443425178528,0.37516871094703674
CelebA,24,3.0,0.1,1.9253593683242798,24.22075120959898,0.6602985262870789,0.28010597825050354
CelebA,25,3.0,0.1,1.4994099140167236,24.246901602972912,0.7040550708770752,0.2839719355106354
CelebA,26,3.0,0.1,1.9382840394973755,22.05966621632807,0.6725708842277527,0.2611193060874939
CelebA,27,3.0,0.1,1.4830933809280396,23.29951909193284,0.6170756220817566,0.3713056147098541
CelebA,28,3.0,0.1,1.244425892829895,21.585265624643455,0.6305992007255554,0.3905442953109741
CelebA,29,3.0,0.1,2.53092098236084,23.743797540190123,0.7878106236457825,0.2750692665576935
CelebA,30,3.0,0.1,1.3412889242172241,24.227347394943223,0.6582496166229248,0.3496931493282318
CelebA,31,3.0,0.1,1.91362464427948,21.719327412036876,0.5728704929351807,0.34945595264434814
CelebA,32,3.0,0.1,2.094310760498047,19.739556290978552,0.5919482707977295,0.26320528984069824
CelebA,33,3.0,0.1,2.2475533485412598,22.357464962747386,0.6301314830780029,0.3682873249053955
CelebA,34,3.0,0.1,2.092521905899048,21.429447164142772,0.6599614024162292,0.32381874322891235
CelebA,35,3.0,0.1,1.1582086086273193,26.112955797659822,0.8078210353851318,0.19682568311691284
CelebA,36,3.0,0.1,1.5919818878173828,24.08525270604489,0.7205374836921692,0.24701489508152008
CelebA,37,3.0,0.1,1.2797855138778687,22.921839849176706,0.6466001868247986,0.32485494017601013
CelebA,38,3.0,0.1,1.3551455736160278,23.951961161962704,0.6542348265647888,0.3758939504623413
CelebA,39,3.0,0.1,2.186201572418213,20.09252693668231,0.6236090660095215,0.3533620834350586
CelebA,40,3.0,0.1,2.1304023265838623,22.39895021253472,0.6670269966125488,0.3316632807254791
CelebA,41,3.0,0.1,1.7344253063201904,23.476869844837903,0.7446164488792419,0.35328465700149536
CelebA,42,3.0,0.1,1.418879747390747,21.87555448251381,0.5935224890708923,0.4505111575126648
CelebA,43,3.0,0.1,2.374058723449707,24.63964285502407,0.7088143229484558,0.2925197184085846
CelebA,44,3.0,0.1,1.8091920614242554,23.671508073971538,0.64299076795578,0.2527014911174774
CelebA,45,3.0,0.1,0.10463911294937134,24.646185043030094,0.6614168286323547,0.4295889437198639
CelebA,46,3.0,0.1,1.5101146697998047,24.62696913396876,0.7364988923072815,0.2865556478500366
CelebA,47,3.0,0.1,1.3059227466583252,24.728906323666312,0.6284255981445312,0.4021492004394531
CelebA,48,3.0,0.1,1.5723589658737183,22.85976053152872,0.7016103267669678,0.33880144357681274
CelebA,49,3.0,0.1,1.59438157081604,25.85206598712656,0.6380374431610107,0.22400406002998352
CelebA,50,3.0,0.1,0.6297744512557983,23.61595962583541,0.5947146415710449,0.34212031960487366
CelebA,51,3.0,0.1,1.7568877935409546,22.36470453487208,0.5842975974082947,0.3545379042625427
CelebA,52,3.0,0.1,0.8829456567764282,23.38048105598947,0.6703426241874695,0.3370857238769531
CelebA,53,3.0,0.1,1.9232615232467651,23.494003945964117,0.7224028706550598,0.2924678921699524
CelebA,54,3.0,0.1,2.1099095344543457,24.248462036238998,0.7167181968688965,0.3018440902233124
CelebA,55,3.0,0.1,2.274522304534912,23.76365351187443,0.7089653015136719,0.2700733542442322
CelebA,56,3.0,0.1,2.3804845809936523,23.01908589599783,0.7691094279289246,0.19255074858665466
CelebA,57,3.0,0.1,2.1317813396453857,21.620362827100863,0.6560618877410889,0.36096152663230896
CelebA,58,3.0,0.1,2.0379719734191895,24.23828857688203,0.6739947199821472,0.26103243231773376
CelebA,59,3.0,0.1,1.744931936264038,24.692894729855944,0.7375481128692627,0.27201125025749207
CelebA,60,3.0,0.1,1.0054737329483032,24.128491046590867,0.5689674615859985,0.3578006625175476
CelebA,61,3.0,0.1,2.144493579864502,22.368695026021474,0.6111758351325989,0.3230900466442108
CelebA,62,3.0,0.1,2.0548107624053955,22.424226512450616,0.6310005784034729,0.29755228757858276
CelebA,63,3.0,0.1,2.0986924171447754,21.900851735647727,0.6466341018676758,0.40939849615097046
CelebA,64,3.0,0.1,1.381653904914856,22.15275971957828,0.667166531085968,0.445259153842926
CelebA,65,3.0,0.1,2.2639760971069336,24.642154834427224,0.8234472274780273,0.2541511356830597
CelebA,66,3.0,0.1,2.3996524810791016,25.22290604910943,0.7887524962425232,0.2077482044696808
CelebA,67,3.0,0.1,0.7902933955192566,25.358503965326964,0.6356517672538757,0.35039541125297546
CelebA,68,3.0,0.1,0.8036441206932068,22.741588135170705,0.6011660695075989,0.4314468204975128
CelebA,69,3.0,0.1,0.7357210516929626,25.918771755551823,0.7455165982246399,0.2291341871023178
CelebA,70,3.0,0.1,1.3184123039245605,24.822979636206284,0.6790242791175842,0.3255595564842224
CelebA,71,3.0,0.1,2.1085212230682373,21.958905335659246,0.7312614321708679,0.22799548506736755
CelebA,72,3.0,0.1,2.2208290100097656,21.149409569362984,0.6029048562049866,0.37034106254577637
CelebA,73,3.0,0.1,2.054929733276367,25.688638350481877,0.8161745071411133,0.2130727618932724
CelebA,74,3.0,0.1,2.105072259902954,22.123690212254434,0.7183558940887451,0.32148462533950806
CelebA,75,3.0,0.1,1.7697733640670776,27.292996401192543,0.8491780161857605,0.14948001503944397
CelebA,76,3.0,0.1,1.3977289199829102,22.340832388530792,0.6065201163291931,0.42875218391418457
CelebA,77,3.0,0.1,1.1959494352340698,23.307242453297192,0.6072415709495544,0.3833029866218567
CelebA,78,3.0,0.1,2.297909736633301,20.67367832365525,0.6550159454345703,0.359548419713974
CelebA,79,3.0,0.1,2.2242050170898438,23.93744746072199,0.6805065274238586,0.2937956154346466
CelebA,80,3.0,0.1,1.2243903875350952,21.793862188664818,0.510053813457489,0.4579829275608063
CelebA,81,3.0,0.1,1.5853132009506226,23.84404735798638,0.6530753970146179,0.2776947617530823
CelebA,82,3.0,0.1,1.81820547580719,23.39761286419231,0.6763076782226562,0.38057178258895874
CelebA,83,3.0,0.1,1.857251763343811,23.41923075468832,0.7102759480476379,0.2802153527736664
CelebA,84,3.0,0.1,2.1303582191467285,22.047465123963292,0.6910720467567444,0.2268989533185959
CelebA,85,3.0,0.1,1.7481677532196045,21.921099479681153,0.6412027478218079,0.2817200720310211
CelebA,86,3.0,0.1,2.295062303543091,22.075286185706254,0.7245981097221375,0.25284141302108765
CelebA,87,3.0,0.1,1.781177043914795,23.33925073890271,0.7400596141815186,0.20787449181079865
CelebA,88,3.0,0.1,0.8692616820335388,23.94077555185075,0.6416848301887512,0.4622303247451782
CelebA,89,3.0,0.1,1.7165573835372925,21.98105342862182,0.6133251786231995,0.3586183190345764
CelebA,90,3.0,0.1,2.2762515544891357,24.202904040892438,0.7623016238212585,0.18214786052703857
CelebA,91,3.0,0.1,1.442282795906067,24.78971435702901,0.6556634902954102,0.3257860541343689
CelebA,92,3.0,0.1,2.3164258003234863,23.189143637498205,0.6972046494483948,0.20746514201164246
CelebA,93,3.0,0.1,1.9890258312225342,21.55660061343152,0.6274513602256775,0.3561190366744995
CelebA,94,3.0,0.1,2.2235357761383057,20.377295884212096,0.6885480880737305,0.34056493639945984
CelebA,95,3.0,0.1,1.8772777318954468,24.997053172390782,0.7687742710113525,0.2736760973930359
CelebA,96,3.0,0.1,1.6699259281158447,22.37977264851971,0.6464657783508301,0.4439207911491394
CelebA,97,3.0,0.1,1.2553907632827759,22.88623558168094,0.591797411441803,0.3935021460056305
CelebA,98,3.0,0.1,2.0371036529541016,19.810314356750172,0.5189034938812256,0.3929814398288727
CelebA,99,3.0,0.1,1.918465495109558,23.171888334533357,0.6795020699501038,0.2894528806209564
CelebA,100,3.0,0.1,0.49508801102638245,23.173150859083847,0.5765223503112793,0.44350922107696533
CelebA,101,3.0,0.1,2.1086785793304443,24.325238362375746,0.6804153919219971,0.24814675748348236
CelebA,102,3.0,0.1,1.1433008909225464,22.134991602474578,0.6810780167579651,0.3290793001651764
CelebA,103,3.0,0.1,0.28549960255622864,22.56714043086398,0.5561683177947998,0.5374323725700378
CelebA,104,3.0,0.1,1.6338422298431396,21.864352758485023,0.657072126865387,0.4820956289768219
CelebA,105,3.0,0.1,0.2822696566581726,28.16620209665636,0.773320198059082,0.23694317042827606
CelebA,106,3.0,0.1,1.35088312625885,23.25960786414949,0.652708113193512,0.46644270420074463
CelebA,107,3.0,0.1,1.9850555658340454,22.238562378073308,0.634177565574646,0.3619906008243561
CelebA,108,3.0,0.1,2.1060891151428223,21.98024835279879,0.6597525477409363,0.3819114565849304
CelebA,109,3.0,0.1,0.3553650379180908,24.652173329234888,0.6488168239593506,0.4742708206176758
CelebA,110,3.0,0.1,1.249491810798645,24.33980361629077,0.744910717010498,0.29408615827560425
CelebA,111,3.0,0.1,1.3750789165496826,24.22421975097975,0.6867205500602722,0.45082995295524597
CelebA,112,3.0,0.1,1.3205164670944214,21.48558195342677,0.6376658082008362,0.3514038920402527
CelebA,113,3.0,0.1,1.4207687377929688,22.29694382005561,0.6276045441627502,0.45227497816085815
CelebA,114,3.0,0.1,1.7693536281585693,23.48369787482568,0.6086786389350891,0.4778200685977936
CelebA,115,3.0,0.1,1.9112257957458496,22.94973656312645,0.6014589667320251,0.26321685314178467
CelebA,116,3.0,0.1,2.2255051136016846,23.776898654083478,0.7649831771850586,0.19835230708122253
CelebA,117,3.0,0.1,0.33858180046081543,25.831198471386607,0.6901810169219971,0.39845937490463257
CelebA,118,3.0,0.1,2.171656847000122,19.88169763562356,0.5902155041694641,0.40503889322280884
CelebA,119,3.0,0.1,0.3854745030403137,22.040216853447745,0.5235164761543274,0.47808703780174255
CelebA,120,3.0,0.1,1.6913728713989258,22.754470944688165,0.6727544665336609,0.341276615858078
CelebA,121,3.0,0.1,1.5422251224517822,21.286597596650765,0.5861413478851318,0.4371158480644226
CelebA,122,3.0,0.1,2.023275136947632,27.055518199197238,0.8389852643013,0.1864962875843048
CelebA,123,3.0,0.1,2.3667564392089844,24.94924834122694,0.7435265183448792,0.19443048536777496
CelebA,124,3.0,0.1,2.4379522800445557,22.050469705960435,0.7487967014312744,0.2840191423892975
CelebA,125,3.0,0.1,1.7579255104064941,22.304829846037165,0.6485064625740051,0.31242233514785767
CelebA,126,3.0,0.1,2.094541072845459,22.95192410170221,0.6840068697929382,0.2585778534412384
CelebA,127,3.0,0.1,1.9049968719482422,22.800610201818046,0.6843163371086121,0.3752502202987671
CelebA,128,3.0,0.1,1.8217085599899292,21.198710232678724,0.6448438763618469,0.2988683581352234
CelebA,129,3.0,0.1,1.58967924118042,24.681896289670316,0.7570942044258118,0.26201945543289185
CelebA,130,3.0,0.1,1.500470757484436,22.626102318426558,0.6196413040161133,0.3125537633895874
CelebA,131,3.0,0.1,1.575169563293457,23.829179572711546,0.6684103012084961,0.4468713104724884
CelebA,132,3.0,0.1,1.7382375001907349,23.463404830326944,0.6510623097419739,0.3646443486213684
CelebA,133,3.0,0.1,2.054687738418579,22.522287184441886,0.6099467873573303,0.30273234844207764
CelebA,134,3.0,0.1,0.7680704593658447,23.698704245521178,0.7342448234558105,0.33427417278289795
CelebA,135,3.0,0.1,2.2290375232696533,21.834268508413437,0.6471011638641357,0.3425891399383545
CelebA,136,3.0,0.1,1.4164141416549683,24.03343641509679,0.5784127712249756,0.3806172311306
CelebA,137,3.0,0.1,1.1636701822280884,22.947671322085302,0.6416501998901367,0.4387826919555664
CelebA,138,3.0,0.1,1.7194409370422363,22.434553363556372,0.6272425651550293,0.3902665376663208
CelebA,139,3.0,0.1,0.9898762702941895,25.46186579743835,0.652610719203949,0.3245614171028137
CelebA,140,3.0,0.1,1.6645972728729248,24.32534019719992,0.7311944365501404,0.34146419167518616
CelebA,141,3.0,0.1,0.8418523073196411,24.668097162921207,0.7700400948524475,0.34179994463920593
CelebA,142,3.0,0.1,1.7525852918624878,23.32076551599284,0.6955595016479492,0.2767340838909149
CelebA,143,3.0,0.1,1.6967109441757202,24.83042619516208,0.7315443158149719,0.23328542709350586
CelebA,144,3.0,0.1,1.5317955017089844,23.06219639215502,0.6143605709075928,0.3274190127849579
CelebA,145,3.0,0.1,1.8278546333312988,23.260933431559707,0.6480123996734619,0.31223204731941223
CelebA,146,3.0,0.1,2.1293952465057373,22.545657399496925,0.6336214542388916,0.34157320857048035
CelebA,147,3.0,0.1,2.3582162857055664,24.523830588618548,0.761286735534668,0.2390899956226349
CelebA,148,3.0,0.1,1.2415071725845337,25.992187042529864,0.7575926780700684,0.21784529089927673
CelebA,149,3.0,0.1,2.441117525100708,23.147805350379006,0.7373831272125244,0.1936078518629074
CelebA,150,3.0,0.1,2.2232327461242676,24.546192618301145,0.789340078830719,0.32010018825531006
CelebA,151,3.0,0.1,2.1413891315460205,23.615859652571856,0.763712465763092,0.21389833092689514
CelebA,152,3.0,0.1,2.3089232444763184,22.284367591356215,0.5714161992073059,0.24594290554523468
CelebA,153,3.0,0.1,1.9861559867858887,24.058850435105136,0.7479000687599182,0.28995978832244873
CelebA,154,3.0,0.1,1.2109569311141968,23.135742770860382,0.6170324683189392,0.4086953401565552
CelebA,155,3.0,0.1,1.7134153842926025,24.672505576643164,0.6931002140045166,0.2762073576450348
CelebA,156,3.0,0.1,1.3066606521606445,21.925740099782402,0.48883602023124695,0.48367688059806824
CelebA,157,3.0,0.1,0.9913467764854431,24.296886674674433,0.7136427760124207,0.33397820591926575
CelebA,158,3.0,0.1,1.9287762641906738,24.34166625075295,0.7288145422935486,0.23134499788284302
CelebA,159,3.0,0.1,2.0687971115112305,21.304196209181868,0.6357290744781494,0.32426679134368896
CelebA,160,3.0,0.1,1.2972593307495117,24.000820677715787,0.6891107559204102,0.35990071296691895
CelebA,161,3.0,0.1,2.0832011699676514,21.782920466091046,0.6038954257965088,0.3572963774204254
CelebA,162,3.0,0.1,0.8476282358169556,25.97150351533888,0.7008716464042664,0.3302654027938843
CelebA,163,3.0,0.1,1.8628159761428833,20.22268021362331,0.5277413725852966,0.4534270465373993
CelebA,164,3.0,0.1,0.936045229434967,23.43869340195839,0.5784313082695007,0.371216744184494
CelebA,165,3.0,0.1,2.1002588272094727,22.33049712619662,0.6981402039527893,0.2886478006839752
CelebA,166,3.0,0.1,2.298915386199951,21.360940619224312,0.7177853584289551,0.23562593758106232
CelebA,167,3.0,0.1,2.0799624919891357,23.69934885399255,0.6942753791809082,0.29950085282325745
CelebA,168,3.0,0.1,2.3013954162597656,22.231227664792705,0.6870701313018799,0.28330227732658386
CelebA,169,3.0,0.1,1.9610872268676758,25.271259327090103,0.8012582659721375,0.21309049427509308
CelebA,170,3.0,0.1,0.3564589321613312,23.85376407990207,0.6482345461845398,0.41323232650756836
CelebA,171,3.0,0.1,1.2596074342727661,23.763031516404563,0.6484339833259583,0.358018696308136
CelebA,172,3.0,0.1,2.3320963382720947,24.59651191506716,0.7330034375190735,0.2285469025373459
CelebA,173,3.0,0.1,1.991038203239441,24.582852045088167,0.656464159488678,0.206849604845047
CelebA,174,3.0,0.1,1.9622682332992554,22.461621111505817,0.6614586710929871,0.30822136998176575
CelebA,175,3.0,0.1,1.2721678018569946,21.934941831204704,0.5736616253852844,0.4475686550140381
CelebA,176,3.0,0.1,2.1001994609832764,20.666026119285277,0.6023144721984863,0.47200924158096313
CelebA,177,3.0,0.1,2.109524965286255,24.106869870284214,0.7434690594673157,0.2395295798778534
CelebA,178,3.0,0.1,1.9778398275375366,22.24321138858665,0.7008904814720154,0.2232239842414856
CelebA,179,3.0,0.1,1.103315830230713,22.074828983605094,0.6098716259002686,0.3573184311389923
CelebA,180,3.0,0.1,2.39510440826416,23.405030858660837,0.6994650959968567,0.29004645347595215
CelebA,181,3.0,0.1,1.0102839469909668,24.669224773988216,0.647050678730011,0.3561286926269531
CelebA,182,3.0,0.1,1.0235795974731445,21.400047396973946,0.557338535785675,0.5225361585617065
CelebA,183,3.0,0.1,0.6443324089050293,23.80602548455551,0.6074119210243225,0.48627084493637085
CelebA,184,3.0,0.1,2.3926711082458496,23.021362586333343,0.7206077575683594,0.3090711534023285
CelebA,185,3.0,0.1,0.10000000149011612,25.15631812647088,0.5945402979850769,0.4739387631416321
CelebA,186,3.0,0.1,1.4469506740570068,24.084588086450132,0.6999229788780212,0.3068968653678894
CelebA,187,3.0,0.1,1.9213972091674805,25.459591717243523,0.8000432848930359,0.17677265405654907
CelebA,188,3.0,0.1,2.196786880493164,26.327681191377323,0.8412826061248779,0.08637359738349915
CelebA,189,3.0,0.1,1.662933111190796,23.16424126249135,0.6517569422721863,0.3949306011199951
CelebA,190,3.0,0.1,0.9596388936042786,25.550453071511498,0.6362281441688538,0.2655567228794098
CelebA,191,3.0,0.1,2.053847312927246,22.05329919982009,0.6770939230918884,0.2399851530790329
CelebA,192,3.0,0.1,0.811974048614502,23.99654318358886,0.6851208209991455,0.3942622244358063
CelebA,193,3.0,0.1,1.6026710271835327,20.50791189008274,0.5564777851104736,0.4547865688800812
CelebA,194,3.0,0.1,1.9547436237335205,23.734183492976236,0.712101936340332,0.3538193106651306
CelebA,195,3.0,0.1,2.027094602584839,23.64957992285772,0.6055065989494324,0.3057786524295807
CelebA,196,3.0,0.1,2.0486598014831543,20.1399926127289,0.5425190329551697,0.5484523773193359
CelebA,197,3.0,0.1,1.2850701808929443,24.56361642243863,0.6573477387428284,0.3101808428764343
CelebA,198,3.0,0.1,2.0482845306396484,22.999619057952316,0.650392472743988,0.2999474108219147
CelebA,199,3.0,0.1,2.1524293422698975,23.66253288234141,0.6867685317993164,0.1639457494020462
CelebA,200,3.0,0.1,1.2108855247497559,24.11441014072848,0.7128785252571106,0.3292196989059448
CelebA,201,3.0,0.1,2.1278607845306396,21.878832335838574,0.674598753452301,0.31962403655052185
CelebA,202,3.0,0.1,2.260669708251953,22.343598792438996,0.6536839604377747,0.2894972860813141
CelebA,203,3.0,0.1,1.9657273292541504,22.3238806209417,0.7390506863594055,0.30651795864105225
CelebA,204,3.0,0.1,1.8427308797836304,24.076596791202952,0.5901005268096924,0.25309452414512634
CelebA,205,3.0,0.1,1.9196557998657227,22.39607073695829,0.61399906873703,0.4915916323661804
CelebA,206,3.0,0.1,1.2182855606079102,23.603750629682118,0.6590916514396667,0.3503807783126831
CelebA,207,3.0,0.1,1.41153085231781,21.979442788177614,0.679114580154419,0.43417665362358093
CelebA,208,3.0,0.1,2.060356378555298,24.309305476701976,0.6699128746986389,0.30454885959625244
CelebA,209,3.0,0.1,1.6956415176391602,25.47857922693035,0.7842324376106262,0.18491345643997192
CelebA,210,3.0,0.1,2.2117295265197754,25.289904560684526,0.7108492851257324,0.2427084594964981
CelebA,211,3.0,0.1,2.261193037033081,22.26586073017782,0.6972013115882874,0.29505589604377747
CelebA,212,3.0,0.1,1.0760884284973145,25.61994372008485,0.6730073094367981,0.36091533303260803
CelebA,213,3.0,0.1,1.9487879276275635,23.910525482048488,0.7005502581596375,0.24416665732860565
CelebA,214,3.0,0.1,1.6834226846694946,22.794822219162654,0.6293670535087585,0.2573586702346802
CelebA,215,3.0,0.1,2.198355197906494,23.87803460998082,0.5974020957946777,0.27843159437179565
CelebA,216,3.0,0.1,1.4099465608596802,24.940343104928708,0.7128002047538757,0.3018437325954437
CelebA,217,3.0,0.1,2.229322671890259,20.856434613968755,0.6646728515625,0.23592230677604675
CelebA,218,3.0,0.1,1.2782710790634155,22.111071417550477,0.5414367318153381,0.40888482332229614
CelebA,219,3.0,0.1,2.063197374343872,23.21135417185517,0.6804012656211853,0.35169246792793274
CelebA,220,3.0,0.1,2.048316240310669,24.821977740609324,0.8085293769836426,0.22697895765304565
CelebA,221,3.0,0.1,2.17757248878479,21.904211763720227,0.6466795802116394,0.26128366589546204
CelebA,222,3.0,0.1,2.2299373149871826,22.21596262530555,0.6962995529174805,0.23743394017219543
CelebA,223,3.0,0.1,2.090104103088379,23.731490326491254,0.7024921774864197,0.24270012974739075
CelebA,224,3.0,0.1,1.1714524030685425,24.13076984501272,0.7116908431053162,0.3318990170955658
CelebA,225,3.0,0.1,2.2468478679656982,23.507250933380625,0.7114492058753967,0.2479034960269928
CelebA,226,3.0,0.1,1.5222047567367554,22.981306077509824,0.6116226315498352,0.46580806374549866
CelebA,227,3.0,0.1,1.7157231569290161,22.39787624486879,0.5966782569885254,0.5334963798522949
CelebA,228,3.0,0.1,1.675758719444275,22.432411034166808,0.6199361681938171,0.3606649935245514
CelebA,229,3.0,0.1,2.2891831398010254,24.136271835893076,0.6645393967628479,0.28728294372558594
CelebA,230,3.0,0.1,2.0118002891540527,20.293616336128043,0.635490894317627,0.4246797263622284
CelebA,231,3.0,0.1,0.9929006099700928,24.52982141913242,0.7335129380226135,0.3196190893650055
CelebA,232,3.0,0.1,1.455257534980774,23.469601123459398,0.6406280994415283,0.3187340497970581
CelebA,233,3.0,0.1,0.8600601553916931,25.821162030276355,0.7423304915428162,0.3451541066169739
CelebA,234,3.0,0.1,0.9938616752624512,26.050256748441605,0.7285802960395813,0.357930451631546
CelebA,235,3.0,0.1,2.3778223991394043,21.883940371526215,0.6998656392097473,0.29169636964797974
CelebA,236,3.0,0.1,1.3977532386779785,22.08326463823949,0.5767074227333069,0.4384682774543762
CelebA,237,3.0,0.1,1.6598836183547974,25.58240087471625,0.8022878766059875,0.203420028090477
CelebA,238,3.0,0.1,2.0218331813812256,23.39722153753216,0.6835989952087402,0.2980961799621582
CelebA,239,3.0,0.1,1.3736075162887573,20.25561546653993,0.5164580345153809,0.49648919701576233
CelebA,240,3.0,0.1,1.9263275861740112,23.218769841988752,0.6480386257171631,0.37327486276626587
CelebA,241,3.0,0.1,0.7915310859680176,21.171249204118475,0.5475745797157288,0.38723111152648926
CelebA,242,3.0,0.1,1.4791349172592163,23.928794047398267,0.595172643661499,0.2800064980983734
CelebA,243,3.0,0.1,1.6926566362380981,23.38957100349046,0.6828562617301941,0.29457932710647583
CelebA,244,3.0,0.1,1.430327296257019,23.256826944357485,0.7221899628639221,0.27154362201690674
CelebA,245,3.0,0.1,1.6294020414352417,22.521750421184997,0.5697339773178101,0.380057156085968
CelebA,246,3.0,0.1,1.7570031881332397,24.442453448146885,0.7746298909187317,0.18646061420440674
CelebA,247,3.0,0.1,1.1564109325408936,23.156301845988054,0.5864362716674805,0.4146164059638977
CelebA,248,3.0,0.1,2.1222290992736816,23.301088268375256,0.6421083807945251,0.30195266008377075
CelebA,249,3.0,0.1,1.940048098564148,23.741164453072944,0.654517412185669,0.2774311602115631
CelebA,0,4.0,0.01,2.555250406265259,19.32550422059381,0.5062337517738342,0.4041367769241333
CelebA,1,4.0,0.01,2.5441832542419434,22.317019027558118,0.6237763166427612,0.2768665552139282
CelebA,2,4.0,0.01,2.649381399154663,22.50775368264946,0.595764696598053,0.30887874960899353
CelebA,3,4.0,0.01,2.5477399826049805,24.053565941318524,0.7288561463356018,0.3421057462692261
CelebA,4,4.0,0.01,2.4779586791992188,22.10231712586729,0.5782455801963806,0.3495376706123352
CelebA,5,4.0,0.01,2.44215726852417,20.340019700508414,0.581750214099884,0.46533307433128357
CelebA,6,4.0,0.01,2.5648207664489746,24.350365543897986,0.6628284454345703,0.33398282527923584
CelebA,7,4.0,0.01,2.5731773376464844,21.062442033432653,0.539881706237793,0.4663855731487274
CelebA,8,4.0,0.01,2.557429552078247,24.440756243692245,0.6497735977172852,0.28548622131347656
CelebA,9,4.0,0.01,2.5852556228637695,19.755170274103946,0.5669353008270264,0.32694098353385925
CelebA,10,4.0,0.01,2.573479413986206,22.261510122899786,0.6156347393989563,0.31403377652168274
CelebA,11,4.0,0.01,2.6303606033325195,21.94150025152091,0.6513199210166931,0.31348472833633423
CelebA,12,4.0,0.01,2.5466997623443604,22.757310115424122,0.5666663646697998,0.3842288851737976
CelebA,13,4.0,0.01,2.5427072048187256,23.66633881602615,0.6945638060569763,0.23797070980072021
CelebA,14,4.0,0.01,2.5461344718933105,24.626329478858423,0.7265942692756653,0.2559122145175934
CelebA,15,4.0,0.01,2.363067150115967,24.415130108872667,0.6187937259674072,0.3623209595680237
CelebA,16,4.0,0.01,2.581224203109741,18.098609829323465,0.5623831152915955,0.40754690766334534
CelebA,17,4.0,0.01,2.6332685947418213,22.64512344995775,0.6960015892982483,0.30147457122802734
CelebA,18,4.0,0.01,2.572814464569092,24.066481551285612,0.7579048275947571,0.2163376808166504
CelebA,19,4.0,0.01,2.3996424674987793,22.367962707917805,0.6262649893760681,0.4362820088863373
CelebA,20,4.0,0.01,2.6618151664733887,21.323233719022305,0.7182828783988953,0.2861389219760895
CelebA,21,4.0,0.01,2.699131488800049,19.472656916891253,0.4779701232910156,0.4378959536552429
CelebA,22,4.0,0.01,2.5731823444366455,22.24522676025947,0.6463510394096375,0.3434630036354065
CelebA,23,4.0,0.01,2.774355411529541,24.939256695152107,0.7101163864135742,0.3954293131828308
CelebA,24,4.0,0.01,2.6800947189331055,23.106746001237862,0.6099488735198975,0.31128978729248047
CelebA,25,4.0,0.01,2.4816384315490723,23.186708633111024,0.6595337390899658,0.24208781123161316
CelebA,26,4.0,0.01,2.5310513973236084,20.70940938562124,0.5957109332084656,0.29272186756134033
CelebA,27,4.0,0.01,2.5174591541290283,22.72695227384579,0.5869022607803345,0.3568216562271118
CelebA,28,4.0,0.01,2.3173880577087402,20.802088329517574,0.5847566723823547,0.3303890824317932
CelebA,29,4.0,0.01,2.810408353805542,21.52772249105022,0.7249300479888916,0.33795738220214844
CelebA,30,4.0,0.01,2.5858263969421387,23.694421451554316,0.6295157074928284,0.36646169424057007
CelebA,31,4.0,0.01,2.573974609375,20.61952987837436,0.5116614699363708,0.3898237943649292
CelebA,32,4.0,0.01,2.351663827896118,17.8750287011888,0.47098541259765625,0.37257835268974304
CelebA,33,4.0,0.01,2.7029943466186523,21.12408890364478,0.5850189924240112,0.39145681262016296
CelebA,34,4.0,0.01,2.650144100189209,20.37684767030578,0.614952027797699,0.36298587918281555
CelebA,35,4.0,0.01,2.546412229537964,25.66872285427261,0.7940383553504944,0.1810932159423828
CelebA,36,4.0,0.01,2.5022661685943604,22.91807175408719,0.6771554946899414,0.25818338990211487
CelebA,37,4.0,0.01,2.376565456390381,22.205873912848638,0.6146482825279236,0.2768633961677551
CelebA,38,4.0,0.01,2.6124165058135986,23.236272448719973,0.6135202050209045,0.3362959623336792
CelebA,39,4.0,0.01,2.6524319648742676,18.791451178882927,0.5418367385864258,0.45494604110717773
CelebA,40,4.0,0.01,2.6362671852111816,20.768300027193188,0.5956968665122986,0.3889384865760803
CelebA,41,4.0,0.01,2.5464394092559814,22.312752951538222,0.7011207938194275,0.3864870071411133
CelebA,42,4.0,0.01,2.4094953536987305,20.832036899676933,0.5300840735435486,0.4885905683040619
CelebA,43,4.0,0.01,2.781822919845581,22.708923132552062,0.661223828792572,0.3347020149230957
CelebA,44,4.0,0.01,2.634593963623047,22.56195395151164,0.5968080163002014,0.24227461218833923
CelebA,45,4.0,0.01,2.0305018424987793,23.922492551209835,0.6211102604866028,0.4303794503211975
CelebA,46,4.0,0.01,2.513526201248169,23.744877088514727,0.7064788341522217,0.301029771566391
CelebA,47,4.0,0.01,2.5604443550109863,24.095882818168867,0.6019211411476135,0.3956891894340515
CelebA,48,4.0,0.01,2.4027817249298096,21.691071396440925,0.6526820659637451,0.3420637845993042
CelebA,49,4.0,0.01,2.6363608837127686,24.86450341379559,0.5934763550758362,0.22581274807453156
CelebA,50,4.0,0.01,2.2704827785491943,22.989555961347953,0.5583921074867249,0.3166670799255371
CelebA,51,4.0,0.01,2.503112316131592,21.519595209330365,0.5438960790634155,0.35637348890304565
CelebA,52,4.0,0.01,2.3299810886383057,22.798641622419265,0.6351664662361145,0.3106314539909363
CelebA,53,4.0,0.01,2.6340229511260986,22.259817241270706,0.6715871691703796,0.3569464087486267
CelebA,54,4.0,0.01,2.64603328704834,22.570382707127813,0.6552109718322754,0.3304184079170227
CelebA,55,4.0,0.01,2.754244565963745,21.86143009136739,0.6487585306167603,0.32394999265670776
CelebA,56,4.0,0.01,2.8043053150177,21.521716038413793,0.7132771611213684,0.23707455396652222
CelebA,57,4.0,0.01,2.531397819519043,19.943748504203075,0.5721214413642883,0.4211154580116272
CelebA,58,4.0,0.01,2.602381944656372,22.6166574429531,0.6076627373695374,0.2921891212463379
CelebA,59,4.0,0.01,2.5731568336486816,23.514013834769756,0.6943812370300293,0.2797693908214569
CelebA,60,4.0,0.01,2.4491257667541504,23.572298045061224,0.5327308177947998,0.3473121225833893
CelebA,61,4.0,0.01,2.531036138534546,20.69946879478264,0.547536313533783,0.3669823408126831
CelebA,62,4.0,0.01,2.6435675621032715,21.221947570496877,0.5779572129249573,0.34971654415130615
CelebA,63,4.0,0.01,2.581350564956665,20.611563100124336,0.5901309847831726,0.4817529320716858
CelebA,64,4.0,0.01,2.3250925540924072,21.00821572861524,0.6038898825645447,0.4800712466239929
CelebA,65,4.0,0.01,2.7340805530548096,23.026887385019684,0.7803545594215393,0.3019877076148987
CelebA,66,4.0,0.01,2.813324451446533,23.342577011088295,0.7389065623283386,0.2527887225151062
CelebA,67,4.0,0.01,2.4475624561309814,24.67936924395252,0.5988065004348755,0.3420993685722351
CelebA,68,4.0,0.01,2.2829952239990234,22.088828387975063,0.557896077632904,0.4372108578681946
CelebA,69,4.0,0.01,2.4381980895996094,25.11329019162526,0.7169654369354248,0.1929468810558319
CelebA,70,4.0,0.01,2.534813642501831,24.16279974081028,0.6461194157600403,0.3343673646450043
CelebA,71,4.0,0.01,2.6521832942962646,20.640892287156834,0.6678257584571838,0.27633288502693176
CelebA,72,4.0,0.01,2.7022109031677246,19.651149687194042,0.5318474769592285,0.43397438526153564
CelebA,73,4.0,0.01,2.701310157775879,24.01402860008711,0.7741201519966125,0.24613195657730103
CelebA,74,4.0,0.01,2.578011989593506,20.5120479765503,0.6517680287361145,0.3725862503051758
CelebA,75,4.0,0.01,2.651488780975342,26.219036441498794,0.8250139355659485,0.15016385912895203
CelebA,76,4.0,0.01,2.380295515060425,21.34338849640986,0.5610983967781067,0.4384160339832306
CelebA,77,4.0,0.01,2.4430429935455322,22.583350043627647,0.5784686207771301,0.3744678795337677
CelebA,78,4.0,0.01,2.6608564853668213,19.072607260357067,0.5732006430625916,0.443080872297287
CelebA,79,4.0,0.01,2.7069575786590576,22.16165930295421,0.6073950529098511,0.3355576992034912
CelebA,80,4.0,0.01,2.4363579750061035,21.236162631853723,0.47694215178489685,0.4397464394569397
CelebA,81,4.0,0.01,2.485966444015503,22.58944606997824,0.5922115445137024,0.28181004524230957
CelebA,82,4.0,0.01,2.558196783065796,22.032965803704258,0.6148863434791565,0.42031973600387573
CelebA,83,4.0,0.01,2.502391815185547,21.897361890002056,0.6453819870948792,0.32189926505088806
CelebA,84,4.0,0.01,2.5804824829101562,20.52537864035502,0.631291925907135,0.27135950326919556
CelebA,85,4.0,0.01,2.5026965141296387,20.792568979072527,0.5898966193199158,0.31315335631370544
CelebA,86,4.0,0.01,2.706418514251709,20.261025380921577,0.653954803943634,0.3297397196292877
CelebA,87,4.0,0.01,2.436964988708496,21.91647324539364,0.6881713271141052,0.23205913603305817
CelebA,88,4.0,0.01,2.3759045600891113,22.946827005506265,0.5899213552474976,0.4504396319389343
CelebA,89,4.0,0.01,2.5288004875183105,21.096711270974737,0.5717533230781555,0.39224228262901306
CelebA,90,4.0,0.01,2.7047836780548096,22.25084584943135,0.7175680994987488,0.23407351970672607
CelebA,91,4.0,0.01,2.5000290870666504,23.844580098055026,0.6127655506134033,0.32664424180984497
CelebA,92,4.0,0.01,2.7399678230285645,21.24237775597311,0.6323800086975098,0.2548743188381195
CelebA,93,4.0,0.01,2.5526602268218994,20.208275534165125,0.563372790813446,0.4046838581562042
CelebA,94,4.0,0.01,2.6468346118927,18.631824004955018,0.6010832190513611,0.4142814874649048
CelebA,95,4.0,0.01,2.5945258140563965,23.287926326398548,0.7161021828651428,0.32710322737693787
CelebA,96,4.0,0.01,2.440002679824829,21.17159059298433,0.5972239375114441,0.471453994512558
CelebA,97,4.0,0.01,2.4053730964660645,21.882558756612617,0.5349350571632385,0.4213097393512726
CelebA,98,4.0,0.01,2.4973256587982178,18.629122302398457,0.4462917745113373,0.4236806631088257
CelebA,99,4.0,0.01,2.50791597366333,21.817073067632613,0.630391538143158,0.31965550780296326
CelebA,100,4.0,0.01,2.2256321907043457,22.427360963826246,0.5336845517158508,0.45547932386398315
CelebA,101,4.0,0.01,2.6969151496887207,22.632927576829708,0.6061617732048035,0.30494728684425354
CelebA,102,4.0,0.01,2.328568458557129,21.384672059309917,0.6580033898353577,0.29475730657577515
CelebA,103,4.0,0.01,2.1330745220184326,21.78176934524007,0.5112790465354919,0.5554401874542236
CelebA,104,4.0,0.01,2.4951980113983154,21.05018926203516,0.6168188452720642,0.5276992321014404
CelebA,105,4.0,0.01,2.33392071723938,27.83032920572402,0.7709144949913025,0.16676603257656097
CelebA,106,4.0,0.01,2.4660651683807373,22.63092012428349,0.6216705441474915,0.4193946123123169
CelebA,107,4.0,0.01,2.6341536045074463,21.046601944669355,0.5722131133079529,0.4275972545146942
CelebA,108,4.0,0.01,2.653911828994751,20.524109353365706,0.5921571254730225,0.4347093403339386
CelebA,109,4.0,0.01,2.2246041297912598,23.968348208853676,0.607428252696991,0.4513116478919983
CelebA,110,4.0,0.01,2.387019157409668,23.799574974624456,0.7307291030883789,0.25024646520614624
CelebA,111,4.0,0.01,2.5734097957611084,23.51668676927535,0.6606894135475159,0.43644022941589355
CelebA,112,4.0,0.01,2.329132318496704,20.401224127493634,0.5809298157691956,0.40111902356147766
CelebA,113,4.0,0.01,2.38543438911438,21.345767932270775,0.5846667885780334,0.4618717133998871
CelebA,114,4.0,0.01,2.6136868000030518,22.558717594865996,0.5597891211509705,0.4943201243877411
CelebA,115,4.0,0.01,2.5858922004699707,21.708252154895156,0.5387706756591797,0.28835976123809814
CelebA,116,4.0,0.01,2.706312656402588,22.242751076542213,0.713279664516449,0.23413313925266266
CelebA,117,4.0,0.01,2.3784339427948,25.47872738928711,0.6629044413566589,0.3406631648540497
CelebA,118,4.0,0.01,2.487987995147705,18.078135737887752,0.4744851291179657,0.4767114818096161
CelebA,119,4.0,0.01,2.1624743938446045,21.433553706411068,0.48206183314323425,0.46497225761413574
CelebA,120,4.0,0.01,2.457705020904541,21.569067779361717,0.6160839796066284,0.3575688600540161
CelebA,121,4.0,0.01,2.3523569107055664,20.232244092504704,0.5239846706390381,0.48683929443359375
CelebA,122,4.0,0.01,2.6974310874938965,25.43292652975571,0.8012078404426575,0.19265280663967133
CelebA,123,4.0,0.01,2.7623403072357178,22.35471927764646,0.6691172122955322,0.2690875232219696
CelebA,124,4.0,0.01,2.765214443206787,20.059592933695164,0.6708094477653503,0.35095471143722534
CelebA,125,4.0,0.01,2.568307399749756,21.191464876005487,0.5902184844017029,0.34628960490226746
CelebA,126,4.0,0.01,2.56168532371521,21.22030295414976,0.6119115948677063,0.2932112514972687
CelebA,127,4.0,0.01,2.6545472145080566,21.828790823574575,0.6430765390396118,0.4309155344963074
CelebA,128,4.0,0.01,2.503678560256958,19.775795955954788,0.5725012421607971,0.36179667711257935
CelebA,129,4.0,0.01,2.5756754875183105,23.638207111937582,0.7257640957832336,0.26087072491645813
CelebA,130,4.0,0.01,2.4301810264587402,21.662311484056378,0.5717136263847351,0.30482518672943115
CelebA,131,4.0,0.01,2.485316753387451,22.76513458650087,0.6290283799171448,0.4461934566497803
CelebA,132,4.0,0.01,2.5876407623291016,22.582062377667953,0.609065055847168,0.4208539128303528
CelebA,133,4.0,0.01,2.633622646331787,21.12944492116968,0.5391913056373596,0.35042905807495117
CelebA,134,4.0,0.01,2.3184311389923096,23.322740500214444,0.7116830945014954,0.29756179451942444
CelebA,135,4.0,0.01,2.6601009368896484,20.11463026392868,0.5684916377067566,0.4327138364315033
CelebA,136,4.0,0.01,2.5277769565582275,23.428452579813957,0.5503110289573669,0.3686315417289734
CelebA,137,4.0,0.01,2.377128839492798,22.022693891326632,0.5904805064201355,0.4542698264122009
CelebA,138,4.0,0.01,2.558722496032715,21.574307496730086,0.5848763585090637,0.4068792164325714
CelebA,139,4.0,0.01,2.4705049991607666,24.84973706570723,0.6261028051376343,0.29235750436782837
CelebA,140,4.0,0.01,2.5978972911834717,23.333163466255783,0.6912500858306885,0.35236531496047974
CelebA,141,4.0,0.01,2.377695322036743,24.113952505232184,0.7506353259086609,0.3063788414001465
CelebA,142,4.0,0.01,2.5462307929992676,22.361835823747892,0.6588315963745117,0.2475554347038269
CelebA,143,4.0,0.01,2.572781801223755,23.64282125410771,0.6893922686576843,0.21726632118225098
CelebA,144,4.0,0.01,2.475353956222534,22.033516488319265,0.5542327165603638,0.32372453808784485
CelebA,145,4.0,0.01,2.629526376724243,22.29464086415003,0.6084291934967041,0.3161252737045288
CelebA,146,4.0,0.01,2.6483263969421387,21.182695983818572,0.5745835304260254,0.38872799277305603
CelebA,147,4.0,0.01,2.80344557762146,22.757463894834835,0.7056766152381897,0.28853023052215576
CelebA,148,4.0,0.01,2.4779796600341797,25.24367035439985,0.7253787517547607,0.2072448432445526
CelebA,149,4.0,0.01,2.791454792022705,21.04892020653191,0.6727487444877625,0.24712242186069489
CelebA,150,4.0,0.01,2.782881498336792,22.945150817987262,0.7438810467720032,0.35781192779541016
CelebA,151,4.0,0.01,2.6599831581115723,21.71828133504797,0.7066185474395752,0.2518754005432129
CelebA,152,4.0,0.01,2.7025439739227295,20.051562843986158,0.476769357919693,0.2859020233154297
CelebA,153,4.0,0.01,2.6431334018707275,22.7120834738483,0.70334792137146,0.30958330631256104
CelebA,154,4.0,0.01,2.3849899768829346,22.177831774381318,0.552797794342041,0.43663397431373596
CelebA,155,4.0,0.01,2.6230874061584473,23.58762742449642,0.6538981795310974,0.29469579458236694
CelebA,156,4.0,0.01,2.385359287261963,21.236041930812974,0.447999507188797,0.47003766894340515
CelebA,157,4.0,0.01,2.430209159851074,24.11385133648599,0.7023134231567383,0.2734261453151703
CelebA,158,4.0,0.01,2.652515172958374,22.564585656099048,0.6704524159431458,0.28111541271209717
CelebA,159,4.0,0.01,2.551328420639038,19.768623495044903,0.5598600506782532,0.3654843270778656
CelebA,160,4.0,0.01,2.440345525741577,23.031913522667658,0.647913932800293,0.3708491921424866
CelebA,161,4.0,0.01,2.6508781909942627,20.683240921629363,0.5547688603401184,0.4026259779930115
CelebA,162,4.0,0.01,2.4971959590911865,25.776864460703877,0.6921932101249695,0.2921869158744812
CelebA,163,4.0,0.01,2.454864025115967,19.20250675449919,0.46145009994506836,0.49672770500183105
CelebA,164,4.0,0.01,2.2896993160247803,22.77299845532909,0.5373275876045227,0.319100022315979
CelebA,165,4.0,0.01,2.6469786167144775,20.78245919659452,0.6229692101478577,0.36678236722946167
CelebA,166,4.0,0.01,2.658858060836792,19.39729452241314,0.6338162422180176,0.3208770453929901
CelebA,167,4.0,0.01,2.6601483821868896,22.216194054965243,0.6379912495613098,0.3343161642551422
CelebA,168,4.0,0.01,2.7126617431640625,20.686744388556516,0.6279981136322021,0.34304386377334595
CelebA,169,4.0,0.01,2.666987895965576,24.003321684805673,0.7637543082237244,0.23530776798725128
CelebA,170,4.0,0.01,2.1962177753448486,23.266512187646416,0.6177772879600525,0.4167957901954651
CelebA,171,4.0,0.01,2.4660632610321045,22.99352280057505,0.6060494780540466,0.328758180141449
CelebA,172,4.0,0.01,2.7635135650634766,22.52975851176759,0.672283947467804,0.28825730085372925
CelebA,173,4.0,0.01,2.656619071960449,23.20248557838638,0.6155115365982056,0.21393714845180511
CelebA,174,4.0,0.01,2.4986958503723145,20.751222881338933,0.572462260723114,0.3683117926120758
CelebA,175,4.0,0.01,2.4033944606781006,21.096387952141704,0.5151932239532471,0.4787071645259857
CelebA,176,4.0,0.01,2.539626359939575,19.129162527559117,0.5241575241088867,0.5532566905021667
CelebA,177,4.0,0.01,2.5942728519439697,22.313067103869372,0.6824237704277039,0.2711465358734131
CelebA,178,4.0,0.01,2.4887778759002686,20.28539909798826,0.6110601425170898,0.2959173917770386
CelebA,179,4.0,0.01,2.293955087661743,21.120634276064763,0.5475649237632751,0.3637171685695648
CelebA,180,4.0,0.01,2.8159565925598145,21.568892766572976,0.6347670555114746,0.33359140157699585
CelebA,181,4.0,0.01,2.6073036193847656,24.634046835478465,0.6383686661720276,0.29706045985221863
CelebA,182,4.0,0.01,2.38498592376709,20.84376571143374,0.522308349609375,0.494589626789093
CelebA,183,4.0,0.01,2.3511369228363037,23.216254981626715,0.5636206269264221,0.4550090432167053
CelebA,184,4.0,0.01,2.8122432231903076,21.63727885316923,0.670430600643158,0.37032562494277954
CelebA,185,4.0,0.01,2.165658473968506,24.69242909056538,0.5686177015304565,0.46935519576072693
CelebA,186,4.0,0.01,2.4824509620666504,23.189299584967298,0.6599228382110596,0.30342406034469604
CelebA,187,4.0,0.01,2.646476984024048,24.039177754812297,0.757887601852417,0.19742149114608765
CelebA,188,4.0,0.01,2.7540652751922607,24.427594239017246,0.797143280506134,0.11217856407165527
CelebA,189,4.0,0.01,2.5726115703582764,22.249771558796326,0.6094599366188049,0.4362618029117584
CelebA,190,4.0,0.01,2.446101665496826,24.862153170301863,0.6081660389900208,0.20777654647827148
CelebA,191,4.0,0.01,2.57814359664917,20.579377728739793,0.6098952293395996,0.26731714606285095
CelebA,192,4.0,0.01,2.315521717071533,23.37774096275468,0.6571449041366577,0.3184596002101898
CelebA,193,4.0,0.01,2.4550158977508545,19.645998911658886,0.5141393542289734,0.46283671259880066
CelebA,194,4.0,0.01,2.5984818935394287,22.437981730288506,0.665317952632904,0.38441988825798035
CelebA,195,4.0,0.01,2.666963815689087,22.302383532746916,0.5498474836349487,0.3109568655490875
CelebA,196,4.0,0.01,2.625549554824829,19.167034310947386,0.47875091433525085,0.5742678046226501
CelebA,197,4.0,0.01,2.484870195388794,23.717188386117186,0.6228472590446472,0.2865713834762573
CelebA,198,4.0,0.01,2.617903709411621,21.51562097825734,0.5869307518005371,0.34890949726104736
CelebA,199,4.0,0.01,2.6987671852111816,22.19992434418199,0.6365939378738403,0.18855352699756622
CelebA,200,4.0,0.01,2.4989166259765625,23.47190182415516,0.6896703839302063,0.2927151024341583
CelebA,201,4.0,0.01,2.6446921825408936,20.446085429153126,0.6142931580543518,0.37819579243659973
CelebA,202,4.0,0.01,2.652967691421509,20.38609128923894,0.570301353931427,0.34043556451797485
CelebA,203,4.0,0.01,2.628364086151123,20.838899143753153,0.6762517094612122,0.3853423595428467
CelebA,204,4.0,0.01,2.7395873069763184,23.306344316406054,0.5579774379730225,0.26006317138671875
CelebA,205,4.0,0.01,2.644622564315796,21.411787854615433,0.5695555210113525,0.5176177024841309
CelebA,206,4.0,0.01,2.4229838848114014,22.631715579891434,0.6120449304580688,0.3503008782863617
CelebA,207,4.0,0.01,2.4408626556396484,21.045008246206173,0.6269894242286682,0.42858678102493286
CelebA,208,4.0,0.01,2.7076101303100586,22.53153317154803,0.5937575101852417,0.3977451026439667
CelebA,209,4.0,0.01,2.5754504203796387,24.515825329096856,0.7602068781852722,0.14312000572681427
CelebA,210,4.0,0.01,2.715174913406372,23.567766923492137,0.6487969756126404,0.2758271396160126
CelebA,211,4.0,0.01,2.7282488346099854,20.59829524491809,0.6258703470230103,0.380367636680603
CelebA,212,4.0,0.01,2.498103380203247,25.1514520872858,0.6515622735023499,0.36825165152549744
CelebA,213,4.0,0.01,2.572694778442383,22.386404502358396,0.6510924696922302,0.2726345956325531
CelebA,214,4.0,0.01,2.45806884765625,21.624434118162604,0.5657460689544678,0.2628158926963806
CelebA,215,4.0,0.01,2.725111722946167,22.329553368502566,0.5301631093025208,0.31977370381355286
CelebA,216,4.0,0.01,2.55125093460083,24.106647821006035,0.6775535941123962,0.32968541979789734
CelebA,217,4.0,0.01,2.5652060508728027,18.763110361934498,0.5671546459197998,0.3020853102207184
CelebA,218,4.0,0.01,2.386786699295044,21.44344400214125,0.49774935841560364,0.41156360507011414
CelebA,219,4.0,0.01,2.6813056468963623,21.977325105347354,0.6304467916488647,0.3924088478088379
CelebA,220,4.0,0.01,2.7014503479003906,23.445725868599045,0.7685207724571228,0.2558087706565857
CelebA,221,4.0,0.01,2.6549952030181885,20.55267688779839,0.5907824635505676,0.32667258381843567
CelebA,222,4.0,0.01,2.5918452739715576,20.340620302791052,0.6247947216033936,0.289932519197464
CelebA,223,4.0,0.01,2.654149055480957,22.238251198818922,0.6436726450920105,0.2959415018558502
CelebA,224,4.0,0.01,2.474240303039551,23.513977952399237,0.6855937838554382,0.31816595792770386
CelebA,225,4.0,0.01,2.7055246829986572,21.7958589225183,0.6504321694374084,0.3080948293209076
CelebA,226,4.0,0.01,2.479557752609253,22.15548126411486,0.5703921914100647,0.4779788851737976
CelebA,227,4.0,0.01,2.518542528152466,21.482187751115145,0.5519936084747314,0.5814310312271118
CelebA,228,4.0,0.01,2.5572943687438965,21.547477559926634,0.5776920318603516,0.3774127662181854
CelebA,229,4.0,0.01,2.7830145359039307,22.45378026644264,0.6157839298248291,0.34886831045150757
CelebA,230,4.0,0.01,2.4473204612731934,18.838206859053866,0.5473777651786804,0.48812007904052734
CelebA,231,4.0,0.01,2.480276107788086,23.738180462635796,0.7017210125923157,0.326572448015213
CelebA,232,4.0,0.01,2.4499964714050293,22.538199691128234,0.5959125757217407,0.28873080015182495
CelebA,233,4.0,0.01,2.4829866886138916,25.39101159559968,0.7234942317008972,0.3163677752017975
CelebA,234,4.0,0.01,2.3854074478149414,25.26384424865189,0.701113760471344,0.33082443475723267
CelebA,235,4.0,0.01,2.7073872089385986,20.144196477013686,0.6366416215896606,0.3488149344921112
CelebA,236,4.0,0.01,2.4003171920776367,21.08738920436176,0.5150778293609619,0.4707731604576111
CelebA,237,4.0,0.01,2.5858263969421387,24.510581331635205,0.7744385600090027,0.20304733514785767
CelebA,238,4.0,0.01,2.6527535915374756,22.16911062896917,0.6293359994888306,0.31654471158981323
CelebA,239,4.0,0.01,2.278303861618042,19.37209565648452,0.45877107977867126,0.5461206436157227
CelebA,240,4.0,0.01,2.670062780380249,22.306813481482443,0.6027502417564392,0.40506258606910706
CelebA,241,4.0,0.01,2.3299477100372314,20.717891869077903,0.529678463935852,0.30939146876335144
CelebA,242,4.0,0.01,2.550975799560547,23.192126154872497,0.5606163144111633,0.2673880457878113
CelebA,243,4.0,0.01,2.4940857887268066,22.110423685440814,0.6272812485694885,0.3079829216003418
CelebA,244,4.0,0.01,2.5408732891082764,22.43514074967283,0.688309907913208,0.26428866386413574
CelebA,245,4.0,0.01,2.542832374572754,21.524849952548358,0.5286716818809509,0.4010567367076874
CelebA,246,4.0,0.01,2.594876766204834,23.341138558204875,0.7370309829711914,0.1918075829744339
CelebA,247,4.0,0.01,2.37799334526062,22.45078065788713,0.5521616339683533,0.41189873218536377
CelebA,248,4.0,0.01,2.6990268230438232,21.965422802341507,0.5976936221122742,0.32630008459091187
CelebA,249,4.0,0.01,2.6381046772003174,22.59788242511941,0.6057999134063721,0.3103547692298889
CelebA,0,4.0,0.05,2.396023750305176,19.23829711309976,0.5036935806274414,0.41256457567214966
CelebA,1,4.0,0.05,2.2835023403167725,22.13420475379566,0.6147941946983337,0.2995632290840149
CelebA,2,4.0,0.05,2.493638515472412,22.330909068617373,0.5898817181587219,0.3211207389831543
CelebA,3,4.0,0.05,2.1605873107910156,23.771160075780013,0.7181138396263123,0.37668129801750183
CelebA,4,4.0,0.05,2.2274224758148193,21.938550501828836,0.5736140608787537,0.37041741609573364
CelebA,5,4.0,0.05,2.227118492126465,20.251186271234097,0.5774314403533936,0.4773787558078766
CelebA,6,4.0,0.05,2.141047477722168,24.111279886425308,0.6568620204925537,0.3530038893222809
CelebA,7,4.0,0.05,2.3993966579437256,20.950320173466366,0.5362659692764282,0.47252193093299866
CelebA,8,4.0,0.05,2.081556797027588,24.18015236795551,0.6428168416023254,0.2974826693534851
CelebA,9,4.0,0.05,2.4689810276031494,19.650256965788017,0.5589408874511719,0.35271155834198
CelebA,10,4.0,0.05,2.386011838912964,22.09522644903293,0.6068348288536072,0.32596126198768616
CelebA,11,4.0,0.05,2.490490436553955,21.77418737977171,0.6448871493339539,0.3299790024757385
CelebA,12,4.0,0.05,2.324641704559326,22.575346535228377,0.5586596131324768,0.39562439918518066
CelebA,13,4.0,0.05,2.197317123413086,23.41843490085264,0.6838893294334412,0.26405012607574463
CelebA,14,4.0,0.05,2.217707395553589,24.341888831308975,0.7175086140632629,0.2699750065803528
CelebA,15,4.0,0.05,1.5985565185546875,24.056643020607638,0.6045170426368713,0.3846401274204254
CelebA,16,4.0,0.05,2.4949235916137695,18.02726574133551,0.5603776574134827,0.4119703471660614
CelebA,17,4.0,0.05,2.4496140480041504,22.452333380495908,0.6904473304748535,0.31560999155044556
CelebA,18,4.0,0.05,2.3386998176574707,23.778672878379115,0.749616801738739,0.24342119693756104
CelebA,19,4.0,0.05,2.0536327362060547,22.150410832365523,0.6191094517707825,0.4509838819503784
CelebA,20,4.0,0.05,2.573655605316162,21.214419959042587,0.7143044471740723,0.29338976740837097
CelebA,21,4.0,0.05,2.5861217975616455,19.324243576455938,0.47242262959480286,0.4460381865501404
CelebA,22,4.0,0.05,2.3810219764709473,22.08108005830458,0.6398811936378479,0.3538002669811249
CelebA,23,4.0,0.05,2.6058731079101562,24.644904869742973,0.7045337557792664,0.40832459926605225
CelebA,24,4.0,0.05,2.491158962249756,22.961982275757506,0.6041059494018555,0.3200690746307373
CelebA,25,4.0,0.05,2.159623622894287,22.95861683680043,0.6494767665863037,0.2710212469100952
CelebA,26,4.0,0.05,2.3759231567382812,20.600066100702353,0.5910604000091553,0.30543482303619385
CelebA,27,4.0,0.05,2.2225682735443115,22.489662916349197,0.5762123465538025,0.37648075819015503
CelebA,28,4.0,0.05,1.9562047719955444,20.63624583317892,0.578711211681366,0.3726962208747864
CelebA,29,4.0,0.05,2.7465646266937256,21.414980390546855,0.7213478684425354,0.34224045276641846
CelebA,30,4.0,0.05,2.250324010848999,23.489236685122332,0.6198112964630127,0.3758285939693451
CelebA,31,4.0,0.05,2.408233165740967,20.481530282706764,0.5064040422439575,0.401748389005661
CelebA,32,4.0,0.05,2.2234225273132324,17.836138230021675,0.4675878584384918,0.37840694189071655
CelebA,33,4.0,0.05,2.5927536487579346,21.001633539127603,0.5812769532203674,0.39646023511886597
CelebA,34,4.0,0.05,2.4973950386047363,20.276013236659626,0.6102989315986633,0.37088632583618164
CelebA,35,4.0,0.05,2.115298271179199,25.37124230884804,0.7873799204826355,0.19646146893501282
CelebA,36,4.0,0.05,2.2273833751678467,22.69690563940067,0.6670381426811218,0.27338773012161255
CelebA,37,4.0,0.05,2.0113437175750732,21.938422833116668,0.6015863418579102,0.32374733686447144
CelebA,38,4.0,0.05,2.2779359817504883,23.089639289760843,0.6125747561454773,0.3653295636177063
CelebA,39,4.0,0.05,2.5193839073181152,18.70541952413394,0.5370646119117737,0.4679196774959564
CelebA,40,4.0,0.05,2.492109775543213,20.67957142200318,0.59181147813797,0.3957548141479492
CelebA,41,4.0,0.05,2.3133256435394287,22.08156665936361,0.6937162280082703,0.4028087258338928
CelebA,42,4.0,0.05,2.126486301422119,20.769278654034515,0.5276224613189697,0.4968700706958771
CelebA,43,4.0,0.05,2.669097423553467,22.474814999538264,0.6571386456489563,0.3379943370819092
CelebA,44,4.0,0.05,2.439967632293701,22.41458845374597,0.5903965830802917,0.2727777063846588
CelebA,45,4.0,0.05,0.533930242061615,23.66238342151444,0.6097068786621094,0.49401387572288513
CelebA,46,4.0,0.05,2.2139573097229004,23.415025178794316,0.6972137093544006,0.322269082069397
CelebA,47,4.0,0.05,2.183244228363037,23.87091217888123,0.5951740145683289,0.41202351450920105
CelebA,48,4.0,0.05,2.1153571605682373,21.504597600077616,0.645880937576294,0.36321642994880676
CelebA,49,4.0,0.05,2.3386311531066895,24.466531658986604,0.580342710018158,0.24261565506458282
CelebA,50,4.0,0.05,1.6303699016571045,22.67181220972232,0.538027286529541,0.34888210892677307
CelebA,51,4.0,0.05,2.2746150493621826,21.296083234664373,0.5325449109077454,0.37946584820747375
CelebA,52,4.0,0.05,1.7764946222305298,22.487916397878212,0.6230550408363342,0.33957499265670776
CelebA,53,4.0,0.05,2.4529263973236084,22.088703748380336,0.6644836068153381,0.3640286326408386
CelebA,54,4.0,0.05,2.4883413314819336,22.406816501139232,0.6498043537139893,0.3389541506767273
CelebA,55,4.0,0.05,2.665971517562866,21.74162946068978,0.6457698941230774,0.3341354727745056
CelebA,56,4.0,0.05,2.7236409187316895,21.36714170538061,0.7052392363548279,0.24349994957447052
CelebA,57,4.0,0.05,2.398972749710083,19.867268276687323,0.5683204531669617,0.4277770519256592
CelebA,58,4.0,0.05,2.4500842094421387,22.483176468096175,0.6033772826194763,0.29925858974456787
CelebA,59,4.0,0.05,2.338937282562256,23.297919798654853,0.6879293918609619,0.2916906774044037
CelebA,60,4.0,0.05,1.9625933170318604,23.233009121213367,0.517396867275238,0.38034769892692566
CelebA,61,4.0,0.05,2.3891477584838867,20.585523216915973,0.5445583462715149,0.3737148642539978
CelebA,62,4.0,0.05,2.4804298877716064,21.029051057882995,0.5701499581336975,0.3694840669631958
CelebA,63,4.0,0.05,2.4449431896209717,20.499307106938616,0.5868911147117615,0.491575688123703
CelebA,64,4.0,0.05,1.9634782075881958,20.87639728515237,0.5976762175559998,0.5010432004928589
CelebA,65,4.0,0.05,2.614459991455078,22.86524808983596,0.7763423919677734,0.31136322021484375
CelebA,66,4.0,0.05,2.72153902053833,23.18936660195133,0.7342420220375061,0.2590634822845459
CelebA,67,4.0,0.05,1.9158824682235718,24.496312992246306,0.5935724377632141,0.3576219081878662
CelebA,68,4.0,0.05,1.7382992506027222,21.85591000095505,0.5454186797142029,0.4656261205673218
CelebA,69,4.0,0.05,1.7829850912094116,24.853231662538818,0.7083303332328796,0.2320517897605896
CelebA,70,4.0,0.05,2.196934223175049,23.898213656601865,0.637861430644989,0.3502415716648102
CelebA,71,4.0,0.05,2.505988359451294,20.427045974019265,0.6550495028495789,0.2957141101360321
CelebA,72,4.0,0.05,2.5860843658447266,19.526097688389843,0.5277329087257385,0.44097959995269775
CelebA,73,4.0,0.05,2.5268898010253906,23.753506830628517,0.7663040161132812,0.25641366839408875
CelebA,74,4.0,0.05,2.4538493156433105,20.401288008616344,0.6470422148704529,0.38169777393341064
CelebA,75,4.0,0.05,2.38588285446167,25.76493068174567,0.8195045590400696,0.16162368655204773
CelebA,76,4.0,0.05,2.0425491333007812,21.18836942093873,0.5541272759437561,0.4609028995037079
CelebA,77,4.0,0.05,2.0579864978790283,22.31599580741031,0.5637512803077698,0.40380313992500305
CelebA,78,4.0,0.05,2.5841457843780518,19.021734525379483,0.5712194442749023,0.4480065107345581
CelebA,79,4.0,0.05,2.58528995513916,21.97685960872188,0.6001201272010803,0.34829065203666687
CelebA,80,4.0,0.05,2.099123001098633,21.04716710963713,0.46782875061035156,0.46564385294914246
CelebA,81,4.0,0.05,2.229200839996338,22.431232477645928,0.5862069129943848,0.2948950529098511
CelebA,82,4.0,0.05,2.344191074371338,21.792564544044627,0.6067385077476501,0.43203794956207275
CelebA,83,4.0,0.05,2.310582399368286,21.732025384525922,0.638584554195404,0.3367295563220978
CelebA,84,4.0,0.05,2.46543550491333,20.405254470709764,0.6255860924720764,0.28002119064331055
CelebA,85,4.0,0.05,2.29068660736084,20.65041154626039,0.5832710266113281,0.3223010003566742
CelebA,86,4.0,0.05,2.631049156188965,20.162859300909624,0.6506618857383728,0.33700522780418396
CelebA,87,4.0,0.05,2.19939923286438,21.758024935575794,0.6827235817909241,0.24459797143936157
CelebA,88,4.0,0.05,1.8253200054168701,22.870142973790845,0.5895195603370667,0.47604936361312866
CelebA,89,4.0,0.05,2.2916064262390137,20.960947938417938,0.5638996958732605,0.4011775255203247
CelebA,90,4.0,0.05,2.585585355758667,22.079316015114763,0.7136198878288269,0.23884885013103485
CelebA,91,4.0,0.05,2.2033936977386475,23.606556872119164,0.60465008020401,0.33907049894332886
CelebA,92,4.0,0.05,2.6386117935180664,21.11079454804856,0.6280605792999268,0.26186174154281616
CelebA,93,4.0,0.05,2.384758472442627,20.061435708597845,0.5582545399665833,0.4178856611251831
CelebA,94,4.0,0.05,2.529982805252075,18.555763399590077,0.5965266823768616,0.42539143562316895
CelebA,95,4.0,0.05,2.3766825199127197,23.09159143009373,0.7112066745758057,0.33779436349868774
CelebA,96,4.0,0.05,2.1853861808776855,21.06234698571006,0.5924630165100098,0.4837161898612976
CelebA,97,4.0,0.05,2.045410633087158,21.737435699246458,0.5315386652946472,0.43012288212776184
CelebA,98,4.0,0.05,2.3834750652313232,18.561714494756416,0.4430962800979614,0.43179988861083984
CelebA,99,4.0,0.05,2.30981183052063,21.641539571545625,0.6245875358581543,0.3346981406211853
CelebA,100,4.0,0.05,1.4432477951049805,22.25365778290586,0.524892270565033,0.48594406247138977
CelebA,101,4.0,0.05,2.5459749698638916,22.447565307417374,0.6002044677734375,0.3093147873878479
CelebA,102,4.0,0.05,1.9078657627105713,21.243230699034655,0.6446035504341125,0.3256034255027771
CelebA,103,4.0,0.05,1.074204444885254,21.662486743665173,0.5023555755615234,0.5922957062721252
CelebA,104,4.0,0.05,2.2776412963867188,20.912609282586295,0.6137872338294983,0.5450765490531921
CelebA,105,4.0,0.05,1.0853095054626465,26.989924322753964,0.734325110912323,0.26227301359176636
CelebA,106,4.0,0.05,2.159766435623169,22.403227286996675,0.612713634967804,0.4564186930656433
CelebA,107,4.0,0.05,2.464484930038452,20.939006324870036,0.569133996963501,0.4393182396888733
CelebA,108,4.0,0.05,2.5176360607147217,20.44586849521556,0.5897477269172668,0.4403464198112488
CelebA,109,4.0,0.05,1.3303601741790771,23.72532020861798,0.599754810333252,0.49235397577285767
CelebA,110,4.0,0.05,1.9565742015838623,23.340487372939553,0.7131522297859192,0.29146575927734375
CelebA,111,4.0,0.05,2.261465072631836,23.339747270177035,0.6544360518455505,0.46337535977363586
CelebA,112,4.0,0.05,1.9790302515029907,20.32746763499128,0.5770710110664368,0.41666504740715027
CelebA,113,4.0,0.05,2.051767349243164,21.167321587696655,0.5768270492553711,0.48077043890953064
CelebA,114,4.0,0.05,2.394702911376953,22.37579818209901,0.5549581050872803,0.5063644051551819
CelebA,115,4.0,0.05,2.383723735809326,21.60176273028712,0.5333922505378723,0.29370546340942383
CelebA,116,4.0,0.05,2.5687875747680664,22.10850341520745,0.7075904011726379,0.2419937551021576
CelebA,117,4.0,0.05,1.4225791692733765,25.106150576230103,0.6567463278770447,0.39018285274505615
CelebA,118,4.0,0.05,2.388646125793457,18.007871714919773,0.4710286855697632,0.47970834374427795
CelebA,119,4.0,0.05,1.320639967918396,21.199872403762626,0.46677860617637634,0.5186452865600586
CelebA,120,4.0,0.05,2.1917965412139893,21.386879122185398,0.6093325614929199,0.37081342935562134
CelebA,121,4.0,0.05,2.092689275741577,20.135586665159174,0.5208826065063477,0.492561936378479
CelebA,122,4.0,0.05,2.4931981563568115,25.040807103065106,0.7908636927604675,0.21730321645736694
CelebA,123,4.0,0.05,2.6785666942596436,21.59326058780726,0.6486069560050964,0.30942732095718384
CelebA,124,4.0,0.05,2.7073469161987305,19.9840625870021,0.668310821056366,0.35573893785476685
CelebA,125,4.0,0.05,2.3751020431518555,21.04044959826353,0.5808489322662354,0.3616750240325928
CelebA,126,4.0,0.05,2.4246246814727783,21.10660260146541,0.6073358654975891,0.30826234817504883
CelebA,127,4.0,0.05,2.4749481678009033,21.717583589777657,0.639232873916626,0.4401453733444214
CelebA,128,4.0,0.05,2.307612419128418,19.70200405685145,0.5685846209526062,0.37158092856407166
CelebA,129,4.0,0.05,2.278791904449463,23.403326710364407,0.7166267037391663,0.28010615706443787
CelebA,130,4.0,0.05,2.152448892593384,21.503211458763325,0.5611851811408997,0.32230836153030396
CelebA,131,4.0,0.05,2.2295312881469727,22.607388991928325,0.6252261996269226,0.45730626583099365
CelebA,132,4.0,0.05,2.3374600410461426,22.45453894464426,0.6060917377471924,0.42973485589027405
CelebA,133,4.0,0.05,2.4747731685638428,20.99643123122008,0.5330038070678711,0.3595934808254242
CelebA,134,4.0,0.05,1.7115371227264404,22.824353784063515,0.6925798058509827,0.36407846212387085
CelebA,135,4.0,0.05,2.5741817951202393,20.041154164279277,0.5658080577850342,0.4400036334991455
CelebA,136,4.0,0.05,2.1877875328063965,23.128178142036504,0.5428162217140198,0.38868963718414307
CelebA,137,4.0,0.05,1.982529878616333,21.88160486263502,0.5850912928581238,0.4677243232727051
CelebA,138,4.0,0.05,2.311600685119629,21.432508987445704,0.580254077911377,0.41824427247047424
CelebA,139,4.0,0.05,2.0130529403686523,24.607477957896652,0.617599606513977,0.3113083839416504
CelebA,140,4.0,0.05,2.3444156646728516,23.056697245559228,0.6839478611946106,0.3731350600719452
CelebA,141,4.0,0.05,1.777260184288025,23.788647305640588,0.7404326796531677,0.34738755226135254
CelebA,142,4.0,0.05,2.3018882274627686,22.067131609081137,0.6443765759468079,0.29431015253067017
CelebA,143,4.0,0.05,2.3353514671325684,23.416822310976926,0.6815808415412903,0.2329355627298355
CelebA,144,4.0,0.05,2.2343318462371826,21.911781894693885,0.5512735247612,0.3413691818714142
CelebA,145,4.0,0.05,2.432638168334961,22.176173862514347,0.6042678356170654,0.32567664980888367
CelebA,146,4.0,0.05,2.5284273624420166,21.04174856966635,0.5682781338691711,0.39141881465911865
CelebA,147,4.0,0.05,2.6980667114257812,22.615738054348896,0.700832188129425,0.2962728440761566
CelebA,148,4.0,0.05,2.0650618076324463,24.8507209789095,0.7149266600608826,0.2235693782567978
CelebA,149,4.0,0.05,2.7274742126464844,20.926795508739783,0.6687135100364685,0.2544283866882324
CelebA,150,4.0,0.05,2.6617343425750732,22.790178310404677,0.7374277114868164,0.3707943558692932
CelebA,151,4.0,0.05,2.53957462310791,21.55397818722649,0.7018284201622009,0.25818005204200745
CelebA,152,4.0,0.05,2.6029887199401855,19.84046804026854,0.4702291786670685,0.29380589723587036
CelebA,153,4.0,0.05,2.451483964920044,22.52003792123011,0.697109043598175,0.32461971044540405
CelebA,154,4.0,0.05,2.033816337585449,22.021450382241525,0.5480920672416687,0.45327258110046387
CelebA,155,4.0,0.05,2.398236036300659,23.34085834453444,0.6456965804100037,0.3094106912612915
CelebA,156,4.0,0.05,2.061838150024414,21.122414406879262,0.44239363074302673,0.4860120415687561
CelebA,157,4.0,0.05,1.917075276374817,23.689637733450056,0.6901803016662598,0.29815617203712463
CelebA,158,4.0,0.05,2.4588921070098877,22.385185475744876,0.6630365252494812,0.2901805639266968
CelebA,159,4.0,0.05,2.4282777309417725,19.689207512204646,0.5569300055503845,0.3709806799888611
CelebA,160,4.0,0.05,2.0373263359069824,22.843150183555025,0.6399669051170349,0.38675493001937866
CelebA,161,4.0,0.05,2.5026493072509766,20.527986383702867,0.5505595803260803,0.4149923324584961
CelebA,162,4.0,0.05,1.9278910160064697,25.3833230296255,0.6787421703338623,0.3227662146091461
CelebA,163,4.0,0.05,2.2914960384368896,19.127586359708513,0.45787739753723145,0.5062869191169739
CelebA,164,4.0,0.05,1.7396552562713623,22.404546728707185,0.5189945101737976,0.360939085483551
CelebA,165,4.0,0.05,2.4982028007507324,20.641509251986,0.6186115145683289,0.39206254482269287
CelebA,166,4.0,0.05,2.5856339931488037,19.321507496416135,0.6308045983314514,0.32768514752388
CelebA,167,4.0,0.05,2.5188682079315186,22.068385338481153,0.6326679587364197,0.3439818024635315
CelebA,168,4.0,0.05,2.6349008083343506,20.594738072550406,0.6244430541992188,0.34816446900367737
CelebA,169,4.0,0.05,2.494997262954712,23.730403597136252,0.7554523348808289,0.24838554859161377
CelebA,170,4.0,0.05,1.298745036125183,22.948441635063833,0.6027054786682129,0.4448903799057007
CelebA,171,4.0,0.05,2.1332976818084717,22.772342493065764,0.5967035889625549,0.35506901144981384
CelebA,172,4.0,0.05,2.6631240844726562,22.395092262342317,0.6683056950569153,0.29631683230400085
CelebA,173,4.0,0.05,2.49322509765625,23.028543434106336,0.6069769859313965,0.23020398616790771
CelebA,174,4.0,0.05,2.3401858806610107,20.655608914264683,0.5700796246528625,0.3798523247241974
CelebA,175,4.0,0.05,2.0983340740203857,20.96096862859115,0.5092018842697144,0.4959737956523895
CelebA,176,4.0,0.05,2.395650863647461,19.031284876048375,0.51962810754776,0.566047191619873
CelebA,177,4.0,0.05,2.4562740325927734,22.166997694172636,0.6774356365203857,0.27728113532066345
CelebA,178,4.0,0.05,2.3291099071502686,20.187590442149364,0.6067067980766296,0.3137134313583374
CelebA,179,4.0,0.05,1.8344770669937134,20.922343703490665,0.5352997779846191,0.3974957764148712
CelebA,180,4.0,0.05,2.731328010559082,21.403785334141013,0.6302025318145752,0.33889585733413696
CelebA,181,4.0,0.05,2.1615428924560547,24.24348690171062,0.6234245300292969,0.3408265709877014
CelebA,182,4.0,0.05,1.9954482316970825,20.699767674820954,0.5133042335510254,0.5317293405532837
CelebA,183,4.0,0.05,1.6982439756393433,22.993706127936875,0.5554494857788086,0.4949358105659485
CelebA,184,4.0,0.05,2.72078800201416,21.53227789990958,0.6670260429382324,0.3760470747947693
CelebA,185,4.0,0.05,0.7721066474914551,24.288338256543135,0.5514832139015198,0.5363038182258606
CelebA,186,4.0,0.05,2.212301254272461,22.913867802522887,0.6473021507263184,0.34005382657051086
CelebA,187,4.0,0.05,2.4453022480010986,23.699300979045006,0.74607914686203,0.21481671929359436
CelebA,188,4.0,0.05,2.617035388946533,24.036987486999376,0.7868602871894836,0.12690754234790802
CelebA,189,4.0,0.05,2.3331987857818604,22.095350620699246,0.605057954788208,0.44549259543418884
CelebA,190,4.0,0.05,1.980593204498291,24.588590985459046,0.5949530601501465,0.23798787593841553
CelebA,191,4.0,0.05,2.4564757347106934,20.484983680746403,0.6060335040092468,0.2749539315700531
CelebA,192,4.0,0.05,1.75616455078125,22.931021024860616,0.6391189098358154,0.39118969440460205
CelebA,193,4.0,0.05,2.186344623565674,19.52104158916442,0.5070726275444031,0.4738176763057709
CelebA,194,4.0,0.05,2.436891555786133,22.317719700078452,0.6611860394477844,0.3899162709712982
CelebA,195,4.0,0.05,2.4948883056640625,22.101583093111913,0.5458464026451111,0.3223145008087158
CelebA,196,4.0,0.05,2.4774363040924072,19.083097746861448,0.4732886254787445,0.581434965133667
CelebA,197,4.0,0.05,2.1823666095733643,23.53631726028307,0.6166574358940125,0.3049173951148987
CelebA,198,4.0,0.05,2.460428237915039,21.3999530406163,0.584161102771759,0.3524845838546753
CelebA,199,4.0,0.05,2.5634078979492188,22.0275015011182,0.6315509676933289,0.1971314251422882
CelebA,200,4.0,0.05,2.109797477722168,23.20884275398996,0.6776997447013855,0.32062071561813354
CelebA,201,4.0,0.05,2.498762607574463,20.329496184358668,0.6098185777664185,0.38968947529792786
CelebA,202,4.0,0.05,2.559384822845459,20.285421558974296,0.5651113986968994,0.34495124220848083
CelebA,203,4.0,0.05,2.472979784011841,20.693569057157646,0.6690905690193176,0.4009624123573303
CelebA,204,4.0,0.05,2.5391504764556885,23.057190710284807,0.5411712527275085,0.27589020133018494
CelebA,205,4.0,0.05,2.450751781463623,21.33461105354734,0.5686095356941223,0.5266402959823608
CelebA,206,4.0,0.05,2.0478475093841553,22.471538223937152,0.6076310276985168,0.36395999789237976
CelebA,207,4.0,0.05,2.1271188259124756,20.93787425035149,0.6221659183502197,0.45890963077545166
CelebA,208,4.0,0.05,2.557368278503418,22.22517644480099,0.5823616981506348,0.41780388355255127
CelebA,209,4.0,0.05,2.3319342136383057,24.21879198921179,0.7522671818733215,0.17070415616035461
CelebA,210,4.0,0.05,2.611506700515747,23.13379815276647,0.6394007802009583,0.2909773588180542
CelebA,211,4.0,0.05,2.6246211528778076,20.514105887782446,0.6222238540649414,0.3849378824234009
CelebA,212,4.0,0.05,2.032888412475586,24.80357470373516,0.6447997689247131,0.38973790407180786
CelebA,213,4.0,0.05,2.3659403324127197,22.195720063630112,0.6444416046142578,0.2915404736995697
CelebA,214,4.0,0.05,2.2372565269470215,21.47984301505892,0.5558378100395203,0.28312674164772034
CelebA,215,4.0,0.05,2.6117312908172607,22.206048677630342,0.5234646201133728,0.3245789408683777
CelebA,216,4.0,0.05,2.200956344604492,23.854684136688572,0.6715475916862488,0.3443380892276764
CelebA,217,4.0,0.05,2.458458662033081,18.655773006544848,0.5632264614105225,0.30784696340560913
CelebA,218,4.0,0.05,2.0892465114593506,21.264919010440856,0.4890879690647125,0.425665020942688
CelebA,219,4.0,0.05,2.5305380821228027,21.826155573873116,0.6264790892601013,0.398062527179718
CelebA,220,4.0,0.05,2.5468571186065674,23.205382511137152,0.7618804574012756,0.27289047837257385
CelebA,221,4.0,0.05,2.545578956604004,20.45818093840738,0.5872776508331299,0.3330594301223755
CelebA,222,4.0,0.05,2.505889654159546,20.228338681194856,0.6212144494056702,0.301230788230896
CelebA,223,4.0,0.05,2.507282257080078,22.058819470353388,0.6379879117012024,0.30601102113723755
CelebA,224,4.0,0.05,2.03285551071167,23.284131976467066,0.6769499778747559,0.3346179127693176
CelebA,225,4.0,0.05,2.5930819511413574,21.682699347829658,0.6466944813728333,0.3162567615509033
CelebA,226,4.0,0.05,2.183537244796753,22.00512421770985,0.5637281537055969,0.4966479241847992
CelebA,227,4.0,0.05,2.2617504596710205,21.317404465095105,0.5490970611572266,0.5917724967002869
CelebA,228,4.0,0.05,2.313211679458618,21.445935616446285,0.5732314586639404,0.3846796751022339
CelebA,229,4.0,0.05,2.6781914234161377,22.286933546583313,0.6112089157104492,0.35980769991874695
CelebA,230,4.0,0.05,2.323633909225464,18.764196582456265,0.5449438691139221,0.4967513084411621
CelebA,231,4.0,0.05,1.9766801595687866,23.459519586907188,0.6912605166435242,0.36195480823516846
CelebA,232,4.0,0.05,2.1385860443115234,22.339285052988387,0.5880943536758423,0.31311336159706116
CelebA,233,4.0,0.05,1.981053113937378,25.03958200710459,0.713488757610321,0.3459186553955078
CelebA,234,4.0,0.05,1.8714258670806885,24.862519334224288,0.6883767247200012,0.3679533898830414
CelebA,235,4.0,0.05,2.6445090770721436,20.073756393412296,0.6339403986930847,0.3528139591217041
CelebA,236,4.0,0.05,2.1257495880126953,20.99801737908794,0.5102629661560059,0.47874489426612854
CelebA,237,4.0,0.05,2.2737624645233154,24.21388832962599,0.7654818892478943,0.22368298470973969
CelebA,238,4.0,0.05,2.4835078716278076,21.9489408968902,0.6193297505378723,0.33653801679611206
CelebA,239,4.0,0.05,1.948617935180664,19.274590561281805,0.4550304412841797,0.5513540506362915
CelebA,240,4.0,0.05,2.498990535736084,22.15361601687696,0.5957553386688232,0.4169718623161316
CelebA,241,4.0,0.05,1.8052666187286377,20.634642257653212,0.5147338509559631,0.33293280005455017
CelebA,242,4.0,0.05,2.2414772510528564,22.987477737327787,0.552049994468689,0.28329992294311523
CelebA,243,4.0,0.05,2.2491302490234375,21.993221433212863,0.6213019490242004,0.31966862082481384
CelebA,244,4.0,0.05,2.2061846256256104,22.311620538325805,0.6820562481880188,0.28462710976600647
CelebA,245,4.0,0.05,2.2711973190307617,21.373510641984833,0.5240275263786316,0.4176032245159149
CelebA,246,4.0,0.05,2.3846540451049805,23.157506708133305,0.7303163409233093,0.20332816243171692
CelebA,247,4.0,0.05,1.9585318565368652,22.199275976165307,0.5408017039299011,0.4280817210674286
CelebA,248,4.0,0.05,2.5632591247558594,21.814403149163148,0.5942085981369019,0.33363717794418335
CelebA,249,4.0,0.05,2.4509966373443604,22.414424838755696,0.5999073386192322,0.3194393515586853
CelebA,0,4.0,0.1,1.8135621547698975,18.916492971494556,0.4922076165676117,0.4419567286968231
CelebA,1,4.0,0.1,1.1922276020050049,21.42684476556839,0.576657235622406,0.40328335762023926
CelebA,2,4.0,0.1,1.7692006826400757,21.541743979322945,0.5630952715873718,0.3902779221534729
CelebA,3,4.0,0.1,0.7874388098716736,23.06112858021595,0.6889423727989197,0.4660523235797882
CelebA,4,4.0,0.1,1.0929309129714966,21.18504449144462,0.5476491451263428,0.45497334003448486
CelebA,5,4.0,0.1,1.3393300771713257,19.895637651733303,0.559927761554718,0.5247316360473633
CelebA,6,4.0,0.1,0.7539407014846802,23.41881836777219,0.638332188129425,0.40361618995666504
CelebA,7,4.0,0.1,1.6792635917663574,20.487125181017262,0.5211732983589172,0.5020148754119873
CelebA,8,4.0,0.1,0.6131635308265686,23.379182785709375,0.6074655055999756,0.4180281162261963
CelebA,9,4.0,0.1,1.946890950202942,19.118288591507802,0.5178380012512207,0.4631510376930237
CelebA,10,4.0,0.1,1.5302914381027222,21.395475983184667,0.5722988247871399,0.39425456523895264
CelebA,11,4.0,0.1,1.9091202020645142,21.1296295845708,0.6186584234237671,0.40168917179107666
CelebA,12,4.0,0.1,1.3889909982681274,21.894702233966726,0.530442476272583,0.4455195665359497
CelebA,13,4.0,0.1,0.9940316081047058,22.28284708154289,0.6205950379371643,0.4076293110847473
CelebA,14,4.0,0.1,1.0233720541000366,23.482141581784617,0.6865226626396179,0.3363555669784546
CelebA,15,4.0,0.1,0.2833245098590851,23.435206635634348,0.5830889344215393,0.43258097767829895
CelebA,16,4.0,0.1,2.1198155879974365,17.70090236436615,0.5491800904273987,0.4369693994522095
CelebA,17,4.0,0.1,1.608137607574463,21.61986974780131,0.6620528101921082,0.3903679847717285
CelebA,18,4.0,0.1,1.2628940343856812,22.72939624961036,0.7141550183296204,0.3319714367389679
CelebA,19,4.0,0.1,0.8533059358596802,21.54585854145256,0.5968328714370728,0.49979591369628906
CelebA,20,4.0,0.1,2.189673900604248,20.753775004183822,0.6983389258384705,0.32500702142715454
CelebA,21,4.0,0.1,2.2475409507751465,18.866423924639093,0.45855677127838135,0.46848174929618835
CelebA,22,4.0,0.1,1.570948600769043,21.348905940363952,0.6078132390975952,0.4064938724040985
CelebA,23,4.0,0.1,1.8668934106826782,23.45024281790767,0.6796897053718567,0.44660139083862305
CelebA,24,4.0,0.1,1.6593358516693115,22.1107981746108,0.5734178423881531,0.3728345036506653
CelebA,25,4.0,0.1,0.9954617619514465,22.06374629729252,0.608786404132843,0.3993555009365082
CelebA,26,4.0,0.1,1.6770126819610596,20.106540138815348,0.567619264125824,0.3750801384449005
CelebA,27,4.0,0.1,1.0754761695861816,21.809970735200167,0.5434473156929016,0.44843384623527527
CelebA,28,4.0,0.1,0.7128764390945435,20.049716888382257,0.5435705184936523,0.5015568733215332
CelebA,29,4.0,0.1,2.498645305633545,20.963024512107403,0.703330934047699,0.361605167388916
CelebA,30,4.0,0.1,0.9371246695518494,22.58582711574705,0.5836465358734131,0.42140793800354004
CelebA,31,4.0,0.1,1.6937371492385864,19.864227888582427,0.48145923018455505,0.4788130819797516
CelebA,32,4.0,0.1,1.6221609115600586,17.643243556590875,0.453653484582901,0.40690115094184875
CelebA,33,4.0,0.1,2.227073907852173,20.577958569690573,0.5675823092460632,0.4158008098602295
CelebA,34,4.0,0.1,1.8909649848937988,19.81694643614472,0.585807204246521,0.41084837913513184
CelebA,35,4.0,0.1,0.716368556022644,24.211949804147878,0.7575804591178894,0.27379098534584045
CelebA,36,4.0,0.1,1.0950385332107544,22.029734159713396,0.6333101987838745,0.35334834456443787
CelebA,37,4.0,0.1,0.7298341393470764,21.196817572489202,0.5581384301185608,0.4653903543949127
CelebA,38,4.0,0.1,1.0726388692855835,22.485450802403733,0.59427410364151,0.45846015214920044
CelebA,39,4.0,0.1,2.079085350036621,18.429407048466274,0.5204041600227356,0.5077798962593079
CelebA,40,4.0,0.1,1.9265060424804688,20.298792187077645,0.5764541625976562,0.4197651445865631
CelebA,41,4.0,0.1,1.3717011213302612,21.206113461310608,0.6646952033042908,0.4670714735984802
CelebA,42,4.0,0.1,0.9592998623847961,20.299723828310093,0.5011166334152222,0.553843080997467
CelebA,43,4.0,0.1,2.2497875690460205,21.925558929382973,0.6436883807182312,0.3533068299293518
CelebA,44,4.0,0.1,1.563820242881775,21.428853605821672,0.5369577407836914,0.4068489968776703
CelebA,45,4.0,0.1,0.12218509614467621,23.631162319787297,0.6087581515312195,0.49970167875289917
CelebA,46,4.0,0.1,1.0800007581710815,22.41584786076702,0.6658644676208496,0.39572983980178833
CelebA,47,4.0,0.1,0.8900579214096069,23.20744029544725,0.5757933259010315,0.45649513602256775
CelebA,48,4.0,0.1,1.0276416540145874,20.827622402018363,0.614616870880127,0.4942184090614319
CelebA,49,4.0,0.1,1.1622707843780518,23.19540152516439,0.5341377258300781,0.33610421419143677
CelebA,50,4.0,0.1,0.28320229053497314,22.240147740606695,0.5123755931854248,0.4019657373428345
CelebA,51,4.0,0.1,1.3049101829528809,20.536556244703764,0.4959534704685211,0.4722735285758972
CelebA,52,4.0,0.1,0.35753870010375977,21.87049736014861,0.5952370762825012,0.411545068025589
CelebA,53,4.0,0.1,1.7162415981292725,21.437272176493213,0.6436039805412292,0.39573806524276733
CelebA,54,4.0,0.1,1.8681830167770386,21.795207307318112,0.6275458931922913,0.37179577350616455
CelebA,55,4.0,0.1,2.286496877670288,21.08214418672697,0.6239719986915588,0.3957207202911377
CelebA,56,4.0,0.1,2.3942923545837402,20.877299595532065,0.6871420741081238,0.2727658152580261
CelebA,57,4.0,0.1,1.9302294254302979,19.568792312337088,0.5538000464439392,0.4563690721988678
CelebA,58,4.0,0.1,1.6960539817810059,21.840276433297166,0.5817181468009949,0.3428442180156708
CelebA,59,4.0,0.1,1.3047325611114502,22.39728053042245,0.6585696339607239,0.3601146340370178
CelebA,60,4.0,0.1,0.507583737373352,22.58278222128593,0.4952305853366852,0.4315105378627777
CelebA,61,4.0,0.1,1.7798422574996948,20.149590267184433,0.5316708087921143,0.4047836661338806
CelebA,62,4.0,0.1,1.861694097518921,20.36832321284947,0.5430620908737183,0.4372760057449341
CelebA,63,4.0,0.1,1.7664393186569214,20.009862515952523,0.5720577836036682,0.5345723628997803
CelebA,64,4.0,0.1,0.7718376517295837,20.501795722559283,0.5798025727272034,0.5661516785621643
CelebA,65,4.0,0.1,2.0775609016418457,22.24488424386038,0.7603304982185364,0.35022518038749695
CelebA,66,4.0,0.1,2.3780100345611572,22.596492632219505,0.7147249579429626,0.28103265166282654
CelebA,67,4.0,0.1,0.38907212018966675,23.92194567766971,0.5737273693084717,0.4131889045238495
CelebA,68,4.0,0.1,0.29590824246406555,21.485099101080415,0.5250384211540222,0.512202262878418
CelebA,69,4.0,0.1,0.29222068190574646,24.43243363456242,0.6910815238952637,0.29914218187332153
CelebA,70,4.0,0.1,0.9593151807785034,22.905085968926674,0.6032466888427734,0.4192391335964203
CelebA,71,4.0,0.1,1.9310548305511475,19.745888840313196,0.6173480153083801,0.36153921484947205
CelebA,72,4.0,0.1,2.2284398078918457,19.167985967658158,0.5166870951652527,0.4603373408317566
CelebA,73,4.0,0.1,1.8102678060531616,22.710867685788237,0.727647602558136,0.3165754973888397
CelebA,74,4.0,0.1,1.9282556772232056,19.93250942674469,0.6239578127861023,0.42476069927215576
CelebA,75,4.0,0.1,1.2826499938964844,23.96647664929251,0.7834866642951965,0.23588253557682037
CelebA,76,4.0,0.1,0.8318936228752136,20.76619482002199,0.535902738571167,0.5276592373847961
CelebA,77,4.0,0.1,0.6975842118263245,21.707842790664603,0.5388332605361938,0.4634474813938141
CelebA,78,4.0,0.1,2.2586045265197754,18.786358100053693,0.5609999299049377,0.47508206963539124
CelebA,79,4.0,0.1,2.0886104106903076,21.254154174972435,0.5715464949607849,0.38753998279571533
CelebA,80,4.0,0.1,0.8872125148773193,20.44508780199805,0.4408945143222809,0.5388274192810059
CelebA,81,4.0,0.1,1.1699095964431763,21.84009848424669,0.5602766871452332,0.37436443567276
CelebA,82,4.0,0.1,1.4539692401885986,20.8916409319408,0.5840869545936584,0.46532464027404785
CelebA,83,4.0,0.1,1.4821313619613647,21.055384202010544,0.6054988503456116,0.40807682275772095
CelebA,84,4.0,0.1,1.9191972017288208,19.94812663502118,0.6032102108001709,0.3166426420211792
CelebA,85,4.0,0.1,1.4136079549789429,20.047479550454923,0.5518152713775635,0.37659597396850586
CelebA,86,4.0,0.1,2.240652322769165,19.726979217676494,0.6349697113037109,0.3684486150741577
CelebA,87,4.0,0.1,1.228350043296814,21.124315781742403,0.652373731136322,0.3119668960571289
CelebA,88,4.0,0.1,0.3412128686904907,22.50272576409662,0.5772642493247986,0.5501090288162231
CelebA,89,4.0,0.1,1.3345043659210205,20.456972925992552,0.5301975011825562,0.46528366208076477
CelebA,90,4.0,0.1,2.14024019241333,21.490471008940112,0.6993327140808105,0.26384493708610535
CelebA,91,4.0,0.1,1.0587172508239746,22.833358525663265,0.5747644901275635,0.392598420381546
CelebA,92,4.0,0.1,2.2732739448547363,20.629945433950837,0.6108757853507996,0.29081252217292786
CelebA,93,4.0,0.1,1.6892180442810059,19.47805542600753,0.5365830063819885,0.4827478528022766
CelebA,94,4.0,0.1,2.1777007579803467,18.296122890276788,0.5801596641540527,0.4636369049549103
CelebA,95,4.0,0.1,1.4282912015914917,22.11004331115113,0.6764724850654602,0.4054388999938965
CelebA,96,4.0,0.1,1.0930925607681274,20.594113803082607,0.5684609413146973,0.578920841217041
CelebA,97,4.0,0.1,0.739046037197113,21.23182460896597,0.5198015570640564,0.47636547684669495
CelebA,98,4.0,0.1,1.8098186254501343,18.21514305146305,0.4260568916797638,0.49171504378318787
CelebA,99,4.0,0.1,1.4808763265609741,21.09549855905503,0.6069738268852234,0.3895575702190399
CelebA,100,4.0,0.1,0.2755085527896881,22.032467179460507,0.5143976807594299,0.5147110223770142
CelebA,101,4.0,0.1,1.966821551322937,21.69303634741905,0.5782504677772522,0.3294832110404968
CelebA,102,4.0,0.1,0.5545040965080261,20.77809865239366,0.6051532626152039,0.42450541257858276
CelebA,103,4.0,0.1,0.11388661712408066,21.623671635971387,0.49862799048423767,0.6038730144500732
CelebA,104,4.0,0.1,1.272570013999939,20.343634191700474,0.5975497364997864,0.5874130725860596
CelebA,105,4.0,0.1,0.10000000149011612,26.597316694932683,0.7211382985115051,0.28960633277893066
CelebA,106,4.0,0.1,0.9587381482124329,21.679290201875503,0.5807688236236572,0.598929762840271
CelebA,107,4.0,0.1,1.8044929504394531,20.432235966759784,0.5519687533378601,0.48771119117736816
CelebA,108,4.0,0.1,2.037687063217163,20.12593993040801,0.5759547352790833,0.46586716175079346
CelebA,109,4.0,0.1,0.2657918334007263,23.449498989852017,0.591680645942688,0.5212264060974121
CelebA,110,4.0,0.1,0.5424680709838867,22.332933376947125,0.6708503365516663,0.40703660249710083
CelebA,111,4.0,0.1,1.0077311992645264,22.562909456840995,0.627804696559906,0.5167515277862549
CelebA,112,4.0,0.1,0.7955519556999207,20.082661132313774,0.5625562071800232,0.4568728804588318
CelebA,113,4.0,0.1,0.7697769403457642,20.66711779244114,0.5518229007720947,0.572307825088501
CelebA,114,4.0,0.1,1.4776692390441895,21.469740214190473,0.532138466835022,0.5553551316261292
CelebA,115,4.0,0.1,1.51937997341156,21.150829324223,0.5108106732368469,0.37275344133377075
CelebA,116,4.0,0.1,2.055222511291504,21.531269010177606,0.6843917965888977,0.294655978679657
CelebA,117,4.0,0.1,0.2637965679168701,24.633600100061408,0.6470825672149658,0.4310367703437805
CelebA,118,4.0,0.1,1.913733720779419,17.696410466286295,0.4520006477832794,0.4980292320251465
CelebA,119,4.0,0.1,0.27139756083488464,21.021629129585527,0.45658162236213684,0.5462133884429932
CelebA,120,4.0,0.1,1.2294776439666748,20.669363776639585,0.5746021270751953,0.4195155203342438
CelebA,121,4.0,0.1,1.0186736583709717,19.779883351990744,0.5058935880661011,0.5434116125106812
CelebA,122,4.0,0.1,1.5994958877563477,23.609623082882408,0.7422492504119873,0.3418683409690857
CelebA,123,4.0,0.1,2.394923686981201,20.461404848162758,0.6238548755645752,0.35212865471839905
CelebA,124,4.0,0.1,2.4851605892181396,19.6711368451446,0.6546198725700378,0.3748348653316498
CelebA,125,4.0,0.1,1.5350755453109741,20.483122148359318,0.5470535159111023,0.42658373713493347
CelebA,126,4.0,0.1,1.8330966234207153,20.581149208870908,0.584111750125885,0.3754377067089081
CelebA,127,4.0,0.1,1.658009648323059,21.25071647955589,0.6197623014450073,0.476645290851593
CelebA,128,4.0,0.1,1.4870226383209229,19.34407536296542,0.5443220734596252,0.42713257670402527
CelebA,129,4.0,0.1,1.1318047046661377,22.543758532072033,0.6842342019081116,0.35640716552734375
CelebA,130,4.0,0.1,1.0591543912887573,20.914448177589367,0.5254947543144226,0.39973369240760803
CelebA,131,4.0,0.1,1.1589348316192627,21.808649560250547,0.6036141514778137,0.5190821290016174
CelebA,132,4.0,0.1,1.2503142356872559,21.872149631275626,0.5895006656646729,0.47906494140625
CelebA,133,4.0,0.1,1.8723561763763428,20.403055759066543,0.5072992444038391,0.40425848960876465
CelebA,134,4.0,0.1,0.292991042137146,22.16882537939108,0.6725542545318604,0.4225234389305115
CelebA,135,4.0,0.1,2.2048137187957764,19.67063816183572,0.5490074157714844,0.47366565465927124
CelebA,136,4.0,0.1,0.953782320022583,22.25471876039744,0.5191972851753235,0.4620225131511688
CelebA,137,4.0,0.1,0.7158634066581726,21.457266586575805,0.5649608969688416,0.5475609302520752
CelebA,138,4.0,0.1,1.3774510622024536,20.926161688641358,0.5619538426399231,0.4751739799976349
CelebA,139,4.0,0.1,0.5998132824897766,23.864474935440263,0.5910516977310181,0.38203299045562744
CelebA,140,4.0,0.1,1.293540358543396,21.879719526442894,0.6566718220710754,0.4498344659805298
CelebA,141,4.0,0.1,0.30600810050964355,23.170691647292053,0.7175109386444092,0.42291468381881714
CelebA,142,4.0,0.1,1.3570982217788696,21.210246552835233,0.6079403758049011,0.38245320320129395
CelebA,143,4.0,0.1,1.32180917263031,22.467926200133515,0.6386241316795349,0.331204354763031
CelebA,144,4.0,0.1,1.1871864795684814,21.299459389576576,0.5198387503623962,0.4326968491077423
CelebA,145,4.0,0.1,1.5894968509674072,21.58340211319566,0.5840478539466858,0.38109126687049866
CelebA,146,4.0,0.1,2.01724910736084,20.420120171810822,0.5487000346183777,0.41225671768188477
CelebA,147,4.0,0.1,2.2565038204193115,22.083659992157806,0.6814983487129211,0.32682397961616516
CelebA,148,4.0,0.1,0.7362013459205627,23.695310727698107,0.6808373332023621,0.2866614758968353
CelebA,149,4.0,0.1,2.48427152633667,20.491981621151112,0.6529738903045654,0.28121650218963623
CelebA,150,4.0,0.1,2.185119152069092,22.107654323027177,0.7070176005363464,0.4275529086589813
CelebA,151,4.0,0.1,2.0011305809020996,20.879073085164173,0.6785071492195129,0.2928679585456848
CelebA,152,4.0,0.1,2.289611339569092,18.91204925646672,0.44965216517448425,0.3109435439109802
CelebA,153,4.0,0.1,1.6954678297042847,21.828469456212414,0.6705148816108704,0.3756890594959259
CelebA,154,4.0,0.1,0.7230405807495117,21.30796566507903,0.5246551632881165,0.5398482084274292
CelebA,155,4.0,0.1,1.4269083738327026,22.510822838310585,0.6144328713417053,0.38607051968574524
CelebA,156,4.0,0.1,0.8546369671821594,20.69268609199017,0.4188934564590454,0.5647702217102051
CelebA,157,4.0,0.1,0.4701458513736725,22.524190065639033,0.64874267578125,0.420175164937973
CelebA,158,4.0,0.1,1.696739673614502,21.665376136148026,0.6374451518058777,0.33197110891342163
CelebA,159,4.0,0.1,1.9241639375686646,19.342913271484765,0.5424820780754089,0.4114598333835602
CelebA,160,4.0,0.1,0.7438769340515137,22.201204584733446,0.605182409286499,0.46119174361228943
CelebA,161,4.0,0.1,1.9453593492507935,19.90573619994384,0.5293635725975037,0.46768414974212646
CelebA,162,4.0,0.1,0.38286542892456055,24.308263174718302,0.6435602307319641,0.41271868348121643
CelebA,163,4.0,0.1,1.5874499082565308,18.779119881716078,0.440231055021286,0.5592201948165894
CelebA,164,4.0,0.1,0.33256232738494873,21.8433233971,0.48505067825317383,0.4558907151222229
CelebA,165,4.0,0.1,1.9412060976028442,20.074436072812112,0.595953643321991,0.49044540524482727
CelebA,166,4.0,0.1,2.260991096496582,18.938679903538063,0.6116280555725098,0.37278681993484497
CelebA,167,4.0,0.1,1.8658626079559326,21.444681733265277,0.6091075539588928,0.39377355575561523
CelebA,168,4.0,0.1,2.2448813915252686,20.124011320912935,0.6036502718925476,0.3860987424850464
CelebA,169,4.0,0.1,1.667832374572754,22.550900489766814,0.7080028057098389,0.3362656831741333
CelebA,170,4.0,0.1,0.17012853920459747,22.773738781600375,0.5936875343322754,0.4579824209213257
CelebA,171,4.0,0.1,0.9118574857711792,22.05411631061187,0.5678582787513733,0.43834125995635986
CelebA,172,4.0,0.1,2.1979355812072754,21.80887867416174,0.6515976786613464,0.3286989629268646
CelebA,173,4.0,0.1,1.7336794137954712,22.2286471039829,0.571711003780365,0.327347993850708
CelebA,174,4.0,0.1,1.6705098152160645,20.138697460820882,0.5497460961341858,0.437210351228714
CelebA,175,4.0,0.1,0.8969864845275879,20.401664660171498,0.4829067289829254,0.5567467212677002
CelebA,176,4.0,0.1,1.8742516040802002,18.707383046730573,0.5040808320045471,0.6025327444076538
CelebA,177,4.0,0.1,1.8459113836288452,21.511823674679214,0.6491528153419495,0.31303927302360535
CelebA,178,4.0,0.1,1.6721612215042114,19.759377584006014,0.5820168852806091,0.3913933336734772
CelebA,179,4.0,0.1,0.4677124619483948,20.489981252773426,0.5053579211235046,0.4823896288871765
CelebA,180,4.0,0.1,2.4444420337677,20.838900615712053,0.6150704026222229,0.3575541079044342
CelebA,181,4.0,0.1,0.717842698097229,23.167519147160252,0.5899506211280823,0.41890960931777954
CelebA,182,4.0,0.1,0.6785215735435486,20.346502544519677,0.48906251788139343,0.622101902961731
CelebA,183,4.0,0.1,0.2917153537273407,22.53066530852919,0.5379009246826172,0.5658496022224426
CelebA,184,4.0,0.1,2.379504919052124,21.13365425870134,0.6527138352394104,0.39374399185180664
CelebA,185,4.0,0.1,0.12077127397060394,24.176920151603166,0.5471076369285583,0.5461103320121765
CelebA,186,4.0,0.1,1.0902507305145264,22.0327894701944,0.6204350590705872,0.4015294909477234
CelebA,187,4.0,0.1,1.560722827911377,22.42229768336536,0.6946234703063965,0.3139166831970215
CelebA,188,4.0,0.1,2.0757369995117188,22.44156040897371,0.7468090057373047,0.21352443099021912
CelebA,189,4.0,0.1,1.2909388542175293,21.503392135277757,0.584027886390686,0.48001232743263245
CelebA,190,4.0,0.1,0.5464999079704285,23.875813519255882,0.5663870573043823,0.33755964040756226
CelebA,191,4.0,0.1,1.9030792713165283,20.077565121760657,0.5893822908401489,0.32492610812187195
CelebA,192,4.0,0.1,0.31303614377975464,22.326147656118085,0.6174632906913757,0.48189401626586914
CelebA,193,4.0,0.1,1.1854950189590454,19.05631314205924,0.48031529784202576,0.5382931232452393
CelebA,194,4.0,0.1,1.6245988607406616,21.734124424427627,0.6406373381614685,0.42398884892463684
CelebA,195,4.0,0.1,1.7382549047470093,21.151588808189814,0.5240386724472046,0.3870856761932373
CelebA,196,4.0,0.1,1.921528935432434,18.728143590224985,0.45383501052856445,0.6146498918533325
CelebA,197,4.0,0.1,0.939079761505127,22.79195496532111,0.5838800072669983,0.39149710536003113
CelebA,198,4.0,0.1,1.8041375875473022,20.862159390469692,0.5654883980751038,0.3728674054145813
CelebA,199,4.0,0.1,2.0510506629943848,21.340508623444677,0.606682538986206,0.24448004364967346
CelebA,200,4.0,0.1,0.8382192254066467,22.50838240178822,0.6414235234260559,0.43522536754608154
CelebA,201,4.0,0.1,1.923357367515564,19.920234584499514,0.5934314727783203,0.43724536895751953
CelebA,202,4.0,0.1,2.1492559909820557,19.90305203200063,0.5478964447975159,0.36998847126960754
CelebA,203,4.0,0.1,1.8353112936019897,20.208262379704934,0.6442639231681824,0.4482957720756531
CelebA,204,4.0,0.1,1.6158119440078735,22.118658716322347,0.4925326406955719,0.34597116708755493
CelebA,205,4.0,0.1,1.670501708984375,20.908514998370343,0.5579257011413574,0.5731310248374939
CelebA,206,4.0,0.1,0.7966635227203369,21.9203661763649,0.5888029932975769,0.4181991517543793
CelebA,207,4.0,0.1,1.0006766319274902,20.385265134186312,0.601189136505127,0.5413731336593628
CelebA,208,4.0,0.1,1.9168866872787476,21.17429616801899,0.5463492274284363,0.47632426023483276
CelebA,209,4.0,0.1,1.244707465171814,22.7581065456378,0.7011752128601074,0.3372264504432678
CelebA,210,4.0,0.1,2.0819954872131348,21.63705802569389,0.6089616417884827,0.33902400732040405
CelebA,211,4.0,0.1,2.194662094116211,20.18672730219704,0.607774019241333,0.40649110078811646
CelebA,212,4.0,0.1,0.5891776084899902,23.885492308823643,0.6222457885742188,0.4480442404747009
CelebA,213,4.0,0.1,1.4805084466934204,21.394172182049466,0.6137033104896545,0.3689621090888977
CelebA,214,4.0,0.1,1.2488702535629272,20.835699793726157,0.5089017748832703,0.38917747139930725
CelebA,215,4.0,0.1,2.0519278049468994,21.5839053397573,0.5011860728263855,0.3525254726409912
CelebA,216,4.0,0.1,1.0047338008880615,23.074838526690392,0.6503164172172546,0.3949628174304962
CelebA,217,4.0,0.1,2.1035537719726562,18.296582727197293,0.5484187006950378,0.3347616493701935
CelebA,218,4.0,0.1,0.8962158560752869,20.753952063431022,0.4625760018825531,0.47332900762557983
CelebA,219,4.0,0.1,1.8920369148254395,21.18525385234644,0.6106624007225037,0.43999674916267395
CelebA,220,4.0,0.1,1.910112977027893,22.046963860317618,0.7209556102752686,0.3302614092826843
CelebA,221,4.0,0.1,2.048015832901001,19.880044833536353,0.5615382790565491,0.3704007863998413
CelebA,222,4.0,0.1,2.1069447994232178,19.731863460750056,0.6028898358345032,0.3579034209251404
CelebA,223,4.0,0.1,1.9264326095581055,21.320852065648094,0.6110610365867615,0.3515127897262573
CelebA,224,4.0,0.1,0.6256645321846008,22.669547000777925,0.6519376635551453,0.40041565895080566
CelebA,225,4.0,0.1,2.152158260345459,21.256944377933593,0.6312636733055115,0.3505518436431885
CelebA,226,4.0,0.1,1.0279043912887573,21.522749417252996,0.5413389801979065,0.5608286261558533
CelebA,227,4.0,0.1,1.2402876615524292,20.715787102739295,0.5367351174354553,0.6226921081542969
CelebA,228,4.0,0.1,1.3227874040603638,21.013131856596402,0.5543809533119202,0.4205884039402008
CelebA,229,4.0,0.1,2.2929701805114746,21.6649538801314,0.5937034487724304,0.3986477553844452
CelebA,230,4.0,0.1,1.7427664995193481,18.451938302781446,0.5332112908363342,0.5327646732330322
CelebA,231,4.0,0.1,0.4998254179954529,22.962368286407546,0.6738908290863037,0.40883466601371765
CelebA,232,4.0,0.1,0.9682188630104065,21.58785571283612,0.5550972819328308,0.4205856919288635
CelebA,233,4.0,0.1,0.49629631638526917,24.118180231928438,0.6837141513824463,0.43299636244773865
CelebA,234,4.0,0.1,0.39146408438682556,23.96309103515111,0.6587759852409363,0.45601925253868103
CelebA,235,4.0,0.1,2.3484296798706055,19.744707171825514,0.6222606897354126,0.37080490589141846
CelebA,236,4.0,0.1,1.00410795211792,20.562499434009013,0.4931180775165558,0.5192595720291138
CelebA,237,4.0,0.1,1.1256147623062134,23.17643631829732,0.72721928358078,0.33297714591026306
CelebA,238,4.0,0.1,1.777593731880188,21.23197634647186,0.5937599539756775,0.4251883625984192
CelebA,239,4.0,0.1,0.7244636416435242,18.943132255915774,0.4431137144565582,0.5747882723808289
CelebA,240,4.0,0.1,1.7126151323318481,21.35928649933756,0.5641198754310608,0.47655194997787476
CelebA,241,4.0,0.1,0.45745164155960083,20.28450593601045,0.47249332070350647,0.45293375849723816
CelebA,242,4.0,0.1,1.0753028392791748,22.238916248824022,0.519620418548584,0.3609991669654846
CelebA,243,4.0,0.1,1.1922370195388794,21.50292730869264,0.5958256721496582,0.3843000829219818
CelebA,244,4.0,0.1,1.0265594720840454,21.808239516396686,0.6535031199455261,0.3476056158542633
CelebA,245,4.0,0.1,1.1644648313522339,20.769977394306267,0.5012769103050232,0.4914170205593109
CelebA,246,4.0,0.1,1.4200901985168457,22.19900450919782,0.6833476424217224,0.3052877187728882
CelebA,247,4.0,0.1,0.5859943628311157,21.548997509013148,0.5101016163825989,0.4859481453895569
CelebA,248,4.0,0.1,2.040656089782715,21.197185221728493,0.5787957310676575,0.3690412938594818
CelebA,249,4.0,0.1,1.654008388519287,21.679489369866207,0.5753502249717712,0.3823678195476532
BSD68,0,0.5,0.01,1.0873247385025024,31.365471444126406,0.9235572218894958,0.1422487050294876
BSD68,1,0.5,0.01,0.6372930407524109,22.997365832664034,0.4636063873767853,0.6664489507675171
BSD68,2,0.5,0.01,0.8978041410446167,29.802063979881147,0.8308466076850891,0.2400042712688446
BSD68,3,0.5,0.01,1.330385684967041,24.90331473738386,0.7264915108680725,0.3731516897678375
BSD68,4,0.5,0.01,1.180131196975708,23.759716191537873,0.6681148409843445,0.4519158601760864
BSD68,5,0.5,0.01,1.3822336196899414,23.48517937413896,0.7193474769592285,0.3815288543701172
BSD68,6,0.5,0.01,1.2389389276504517,20.722469391809867,0.7611067295074463,0.33096370100975037
BSD68,7,0.5,0.01,1.2291544675827026,20.432328901057137,0.6655328869819641,0.5489580631256104
BSD68,8,0.5,0.01,0.8856359124183655,24.655199073216536,0.6481302380561829,0.30476248264312744
BSD68,9,0.5,0.01,1.227361798286438,25.53768662731935,0.7223690152168274,0.31022167205810547
BSD68,10,0.5,0.01,1.1088474988937378,24.406254228482883,0.7125020027160645,0.44055718183517456
BSD68,11,0.5,0.01,0.9387991428375244,26.645446305531927,0.7147607803344727,0.36636966466903687
BSD68,12,0.5,0.01,1.089517593383789,24.815159083556402,0.7064995765686035,0.39438697695732117
BSD68,13,0.5,0.01,1.3552829027175903,27.2639857108701,0.7778574824333191,0.2383756935596466
BSD68,14,0.5,0.01,1.0185058116912842,23.2959115747615,0.5937201380729675,0.43465691804885864
BSD68,15,0.5,0.01,0.9248877763748169,23.702612704682057,0.5315107703208923,0.6325673460960388
BSD68,16,0.5,0.01,1.0818170309066772,24.11244408375747,0.7100287079811096,0.41689008474349976
BSD68,17,0.5,0.01,1.034123420715332,25.510435900033855,0.6363936066627502,0.4551568031311035
BSD68,18,0.5,0.01,1.655632734298706,21.097765478371024,0.6537950038909912,0.3250589370727539
BSD68,19,0.5,0.01,0.7843350172042847,25.783202289878588,0.6457850933074951,0.5187246799468994
BSD68,20,0.5,0.01,1.2536238431930542,25.829574437607402,0.7724752426147461,0.40227222442626953
BSD68,21,0.5,0.01,1.1450245380401611,24.969735868734535,0.7142515778541565,0.521874189376831
BSD68,22,0.5,0.01,1.1021076440811157,21.086650214148584,0.5944828391075134,0.5253381729125977
BSD68,23,0.5,0.01,0.8532969355583191,26.87871080516355,0.7956938147544861,0.28651103377342224
BSD68,24,0.5,0.01,1.3272641897201538,24.72094733587475,0.7198106646537781,0.2924872636795044
BSD68,25,0.5,0.01,1.0996119976043701,23.220741852530335,0.739446222782135,0.3425120711326599
BSD68,26,0.5,0.01,1.1087740659713745,21.81403801004852,0.6566502451896667,0.3534175157546997
BSD68,27,0.5,0.01,1.0216351747512817,22.494271298729185,0.5854948163032532,0.47282642126083374
BSD68,28,0.5,0.01,1.1090651750564575,24.72902348533472,0.7178699374198914,0.27113279700279236
BSD68,29,0.5,0.01,1.3067970275878906,24.051312891702594,0.7693273425102234,0.3523035943508148
BSD68,30,0.5,0.01,0.8327372670173645,24.204094394973843,0.7677811980247498,0.38378074765205383
BSD68,31,0.5,0.01,0.725062906742096,26.385820787881862,0.6903401017189026,0.5384180545806885
BSD68,32,0.5,0.01,1.3780667781829834,28.41238342634258,0.798201858997345,0.3680853247642517
BSD68,33,0.5,0.01,1.1032757759094238,21.426462488775805,0.6240808367729187,0.509242594242096
BSD68,34,0.5,0.01,0.6520287990570068,25.72595989550367,0.6345254778862,0.46552392840385437
BSD68,35,0.5,0.01,0.4328133463859558,23.09780802964248,0.4333089590072632,0.6486402750015259
BSD68,36,0.5,0.01,0.636142909526825,22.661389924300323,0.5456011891365051,0.526030957698822
BSD68,37,0.5,0.01,1.0252435207366943,24.46175131415555,0.8101067543029785,0.2729305624961853
BSD68,38,0.5,0.01,1.320597767829895,29.147449179879466,0.8630016446113586,0.14010436832904816
BSD68,39,0.5,0.01,0.4172852635383606,30.213970541744732,0.7357943654060364,0.4427386522293091
BSD68,40,0.5,0.01,1.1196320056915283,26.82622662377998,0.7320742607116699,0.4070296287536621
BSD68,41,0.5,0.01,1.0091989040374756,26.143938316499998,0.6628279089927673,0.3537747859954834
BSD68,42,0.5,0.01,1.4496781826019287,24.119826417331133,0.7295441031455994,0.20278528332710266
BSD68,43,0.5,0.01,1.084808588027954,24.114102176720248,0.712681233882904,0.3949381709098816
BSD68,44,0.5,0.01,0.9640539884567261,26.027324240068907,0.7813496589660645,0.4152648448944092
BSD68,45,0.5,0.01,1.2164149284362793,23.339650402852705,0.7311232089996338,0.3332648277282715
BSD68,46,0.5,0.01,0.7611578702926636,24.671590568038376,0.5486672520637512,0.46593600511550903
BSD68,47,0.5,0.01,0.3668448030948639,30.011503430406496,0.8099877238273621,0.2914053499698639
BSD68,48,0.5,0.01,1.169298768043518,21.83269411508689,0.5861740708351135,0.5389426350593567
BSD68,49,0.5,0.01,0.6296068429946899,23.52823840609215,0.5412903428077698,0.5987542867660522
BSD68,50,0.5,0.01,1.060598373413086,29.188810251523165,0.8329470157623291,0.19716711342334747
BSD68,51,0.5,0.01,1.1818482875823975,24.964494547008083,0.7136229872703552,0.45759859681129456
BSD68,52,0.5,0.01,0.5429186820983887,23.04962768469274,0.6024084091186523,0.47013676166534424
BSD68,53,0.5,0.01,1.0126744508743286,28.415096491903693,0.7748555541038513,0.3138030171394348
BSD68,54,0.5,0.01,0.543930172920227,29.427352871177508,0.7415429949760437,0.355368435382843
BSD68,55,0.5,0.01,1.0731276273727417,24.335926514981367,0.7381036877632141,0.41952550411224365
BSD68,56,0.5,0.01,1.3250993490219116,23.021199983935077,0.6265453696250916,0.3041449189186096
BSD68,57,0.5,0.01,0.9002289772033691,22.92213194175554,0.5354869961738586,0.5312179923057556
BSD68,58,0.5,0.01,0.9612818956375122,26.157975055420216,0.7248146533966064,0.3443089723587036
BSD68,59,0.5,0.01,0.7501720786094666,30.228797833712733,0.81280517578125,0.4328947067260742
BSD68,60,0.5,0.01,0.7334405779838562,29.458605021617178,0.8123185634613037,0.19751116633415222
BSD68,61,0.5,0.01,0.3959035873413086,29.11575508756071,0.7553668022155762,0.35149094462394714
BSD68,62,0.5,0.01,1.406074047088623,25.869463166708645,0.7400090098381042,0.388568639755249
BSD68,63,0.5,0.01,0.9590633511543274,25.206360692860905,0.859563410282135,0.19192640483379364
BSD68,64,0.5,0.01,0.9095951318740845,22.750034143480214,0.5991306304931641,0.5921676158905029
BSD68,65,0.5,0.01,1.1918257474899292,24.007570242362327,0.6307306885719299,0.4426876902580261
BSD68,66,0.5,0.01,1.5890649557113647,23.533672371828054,0.688364565372467,0.394419401884079
BSD68,67,0.5,0.01,1.1715998649597168,23.771534057929596,0.7350711226463318,0.45255357027053833
BSD68,0,0.5,0.05,0.9918922781944275,31.477216076824913,0.9245162606239319,0.13963554799556732
BSD68,1,0.5,0.05,0.5417307615280151,23.08171695970443,0.4726865589618683,0.6570876836776733
BSD68,2,0.5,0.05,0.7358791828155518,29.918006788229317,0.8329876065254211,0.23630888760089874
BSD68,3,0.5,0.05,1.3201637268066406,24.927763089869075,0.72808837890625,0.37076881527900696
BSD68,4,0.5,0.05,1.1707478761672974,23.779616273143795,0.6692034602165222,0.45080792903900146
BSD68,5,0.5,0.05,1.364403247833252,23.5154630035477,0.7205803394317627,0.3772578537464142
BSD68,6,0.5,0.05,1.2326271533966064,20.743995039975964,0.7613230347633362,0.3296355903148651
BSD68,7,0.5,0.05,1.2193924188613892,20.45246921146962,0.6666538119316101,0.5484089255332947
BSD68,8,0.5,0.05,0.8306944370269775,24.723993786820646,0.6523900032043457,0.30352747440338135
BSD68,9,0.5,0.05,1.1992828845977783,25.58162174632498,0.7238457798957825,0.3065394163131714
BSD68,10,0.5,0.05,1.0862890481948853,24.479493270543134,0.7145423889160156,0.439473032951355
BSD68,11,0.5,0.05,0.8777464032173157,26.690375178585867,0.7168859839439392,0.362385630607605
BSD68,12,0.5,0.05,1.0633819103240967,24.833754173072215,0.7077529430389404,0.3929491639137268
BSD68,13,0.5,0.05,1.3311362266540527,27.314419306219637,0.7792007327079773,0.23789986968040466
BSD68,14,0.5,0.05,1.0011447668075562,23.318955576744912,0.595296323299408,0.4318561851978302
BSD68,15,0.5,0.05,0.8786507248878479,23.745590868081724,0.5344238877296448,0.6263196468353271
BSD68,16,0.5,0.05,1.0683412551879883,24.131493930451676,0.7108757495880127,0.41485509276390076
BSD68,17,0.5,0.05,0.9928655028343201,25.541831679190192,0.6386943459510803,0.4536951780319214
BSD68,18,0.5,0.05,1.6532211303710938,21.101112049310608,0.6542033553123474,0.32567039132118225
BSD68,19,0.5,0.05,0.6748290657997131,25.8988427288668,0.6532166600227356,0.5079746246337891
BSD68,20,0.5,0.05,1.2226231098175049,25.866255288061755,0.7733571529388428,0.40224242210388184
BSD68,21,0.5,0.05,1.123523235321045,24.994568794581458,0.715503990650177,0.5187206268310547
BSD68,22,0.5,0.05,1.0914181470870972,21.099158028389212,0.5954606533050537,0.5227203965187073
BSD68,23,0.5,0.05,0.7494581937789917,27.08726798986615,0.8015792965888977,0.2756386697292328
BSD68,24,0.5,0.05,1.317247748374939,24.741165939083146,0.7203400731086731,0.29124370217323303
BSD68,25,0.5,0.05,1.0813192129135132,23.268301685539008,0.7413819432258606,0.34329473972320557
BSD68,26,0.5,0.05,1.098623514175415,21.84121140347873,0.6585379838943481,0.3519688546657562
BSD68,27,0.5,0.05,1.0101131200790405,22.502749154706642,0.586065411567688,0.47294092178344727
BSD68,28,0.5,0.05,1.0861430168151855,24.745304205800082,0.7199886441230774,0.2705020010471344
BSD68,29,0.5,0.05,1.3001834154129028,24.049324577360842,0.7694265842437744,0.3516457676887512
BSD68,30,0.5,0.05,0.8007059693336487,24.258075238921712,0.770118236541748,0.37883007526397705
BSD68,31,0.5,0.05,0.5314890742301941,26.568798983011558,0.7001600861549377,0.5252663493156433
BSD68,32,0.5,0.05,1.3739453554153442,28.408566180386682,0.7978388667106628,0.3679639399051666
BSD68,33,0.5,0.05,1.0938023328781128,21.43486994871319,0.6247037053108215,0.5095821022987366
BSD68,34,0.5,0.05,0.4620845317840576,25.833466553451714,0.6416285634040833,0.4536465108394623
BSD68,35,0.5,0.05,0.3054576516151428,23.1419995903576,0.43997859954833984,0.6422617435455322
BSD68,36,0.5,0.05,0.5513466596603394,22.72892842201157,0.5521493554115295,0.5194219946861267
BSD68,37,0.5,0.05,1.0108243227005005,24.515524153142447,0.8112995028495789,0.2695588767528534
BSD68,38,0.5,0.05,1.2924615144729614,29.20163399618457,0.8638916611671448,0.13874459266662598
BSD68,39,0.5,0.05,0.10000000149011612,30.28836479087026,0.7374218106269836,0.44184747338294983
BSD68,40,0.5,0.05,1.0784342288970947,26.87992037393576,0.7333502173423767,0.40703463554382324
BSD68,41,0.5,0.05,0.9378631114959717,26.22680517119997,0.6662733554840088,0.35275545716285706
BSD68,42,0.5,0.05,1.4316121339797974,24.14511591289123,0.7302975058555603,0.20289281010627747
BSD68,43,0.5,0.05,1.0672749280929565,24.141758237627254,0.71358722448349,0.3939386010169983
BSD68,44,0.5,0.05,0.9258602261543274,26.06659944584823,0.7823858261108398,0.41432756185531616
BSD68,45,0.5,0.05,1.2084687948226929,23.367543011740146,0.7325364947319031,0.33039748668670654
BSD68,46,0.5,0.05,0.7085846066474915,24.734203987822223,0.5539547801017761,0.4630791246891022
BSD68,47,0.5,0.05,0.10000000149011612,30.016871039839607,0.811578094959259,0.28859272599220276
BSD68,48,0.5,0.05,1.1613423824310303,21.851926939617663,0.5876343250274658,0.5360956192016602
BSD68,49,0.5,0.05,0.5166620016098022,23.65419819543102,0.5542005896568298,0.582195520401001
BSD68,50,0.5,0.05,1.0070977210998535,29.314185563340217,0.8343368172645569,0.1927180290222168
BSD68,51,0.5,0.05,1.158705234527588,24.976209928210622,0.7146530151367188,0.4552168846130371
BSD68,52,0.5,0.05,0.46989867091178894,23.19944946831212,0.6103723645210266,0.45008161664009094
BSD68,53,0.5,0.05,0.9356247782707214,28.46648242954867,0.7760484218597412,0.3123099207878113
BSD68,54,0.5,0.05,0.16896337270736694,29.476232351706994,0.7441732883453369,0.3518558442592621
BSD68,55,0.5,0.05,1.0379173755645752,24.406569955746793,0.7409749031066895,0.41494154930114746
BSD68,56,0.5,0.05,1.315354585647583,23.033895188413144,0.6269000172615051,0.3045618236064911
BSD68,57,0.5,0.05,0.8656392097473145,22.949913663683468,0.5372276902198792,0.5307676196098328
BSD68,58,0.5,0.05,0.8880861401557922,26.206898665193737,0.7276031374931335,0.3420288562774658
BSD68,59,0.5,0.05,0.4121139943599701,30.327673827580384,0.816275417804718,0.43015027046203613
BSD68,60,0.5,0.05,0.5022434592247009,29.633401496114754,0.8170463442802429,0.19768938422203064
BSD68,61,0.5,0.05,0.10000000149011612,29.146732969149998,0.75742107629776,0.3483818769454956
BSD68,62,0.5,0.05,1.3892300128936768,25.90408485698906,0.7405055165290833,0.3877098858356476
BSD68,63,0.5,0.05,0.9506741166114807,25.287998230624723,0.8610056042671204,0.19180430471897125
BSD68,64,0.5,0.05,0.8802706003189087,22.787848994297075,0.6020504832267761,0.5874310731887817
BSD68,65,0.5,0.05,1.1760340929031372,24.01392718435939,0.6304870843887329,0.4433325529098511
BSD68,66,0.5,0.05,1.5941678285598755,23.519345887785413,0.687455415725708,0.39661118388175964
BSD68,67,0.5,0.05,1.156678557395935,23.791472027481486,0.7362253069877625,0.4503309726715088
BSD68,0,0.5,0.1,0.5647977590560913,31.7934850952265,0.9280775189399719,0.12827067077159882
BSD68,1,0.5,0.1,0.33919402956962585,23.215354262428463,0.4879145324230194,0.6403226852416992
BSD68,2,0.5,0.1,0.33072346448898315,30.008292226123082,0.8352270126342773,0.23316064476966858
BSD68,3,0.5,0.1,1.2884091138839722,24.970271908836274,0.7305576205253601,0.3664022982120514
BSD68,4,0.5,0.1,1.124377727508545,23.839688892197426,0.6718509793281555,0.4465804100036621
BSD68,5,0.5,0.1,1.3265061378479004,23.58852466996826,0.7234336733818054,0.37088945508003235
BSD68,6,0.5,0.1,1.214382290840149,20.78712034920704,0.7620446085929871,0.3241901397705078
BSD68,7,0.5,0.1,1.1995465755462646,20.488606844971876,0.6690966486930847,0.5468941330909729
BSD68,8,0.5,0.1,0.6714205741882324,24.943407329822836,0.6656525731086731,0.2977076470851898
BSD68,9,0.5,0.1,1.1405445337295532,25.65009993157881,0.7265093326568604,0.30096644163131714
BSD68,10,0.5,0.1,1.020965814590454,24.616667483819896,0.7195398211479187,0.4358939826488495
BSD68,11,0.5,0.1,0.598121702671051,26.827332046126024,0.7250396609306335,0.3504931926727295
BSD68,12,0.5,0.1,0.9468203186988831,24.950000910196955,0.7135758399963379,0.387054979801178
BSD68,13,0.5,0.1,1.2364977598190308,27.474376201996492,0.7838010787963867,0.23401549458503723
BSD68,14,0.5,0.1,0.9101533889770508,23.441036739087984,0.6032698154449463,0.42159995436668396
BSD68,15,0.5,0.1,0.7339075803756714,23.864070216507947,0.5426836013793945,0.6075829267501831
BSD68,16,0.5,0.1,0.9968777894973755,24.24506518876524,0.7150981426239014,0.40834152698516846
BSD68,17,0.5,0.1,0.8436423540115356,25.65225046162576,0.6471759676933289,0.4478047490119934
BSD68,18,0.5,0.1,1.6395598649978638,21.131652740057575,0.6554050445556641,0.32562896609306335
BSD68,19,0.5,0.1,0.3571816384792328,26.095541288863338,0.669147253036499,0.48571354150772095
BSD68,20,0.5,0.1,1.1545108556747437,25.936032551942468,0.775057315826416,0.40148237347602844
BSD68,21,0.5,0.1,1.0313152074813843,25.110637413987924,0.7200058102607727,0.5092523097991943
BSD68,22,0.5,0.1,1.0643442869186401,21.157869854752953,0.6002704501152039,0.5157648921012878
BSD68,23,0.5,0.1,0.41017088294029236,27.458835718745547,0.8154159188270569,0.23955589532852173
BSD68,24,0.5,0.1,1.2773215770721436,24.814228842265564,0.7218039631843567,0.2875087857246399
BSD68,25,0.5,0.1,1.0227707624435425,23.408070135702168,0.7462384104728699,0.3412691354751587
BSD68,26,0.5,0.1,1.0798976421356201,21.878468908111294,0.6611297130584717,0.34963467717170715
BSD68,27,0.5,0.1,0.95920330286026,22.561770463095673,0.5903939604759216,0.46885889768600464
BSD68,28,0.5,0.1,1.0162450075149536,24.832904247209765,0.7254313826560974,0.26785606145858765
BSD68,29,0.5,0.1,1.258426308631897,24.104136565068153,0.7715389132499695,0.347968190908432
BSD68,30,0.5,0.1,0.6361836791038513,24.504504276799175,0.7809504866600037,0.3573596775531769
BSD68,31,0.5,0.1,0.2879738211631775,26.703169162753213,0.7083109021186829,0.5121563076972961
BSD68,32,0.5,0.1,1.332203984260559,28.494563671337538,0.7984640002250671,0.36521220207214355
BSD68,33,0.5,0.1,1.071067452430725,21.463790135946038,0.6264579892158508,0.5086906552314758
BSD68,34,0.5,0.1,0.26802220940589905,25.909396004434573,0.6476296186447144,0.4425028860569
BSD68,35,0.5,0.1,0.16844764351844788,23.178061693073772,0.44672441482543945,0.6366932988166809
BSD68,36,0.5,0.1,0.3568175435066223,22.856278940495223,0.5665140748023987,0.5044667720794678
BSD68,37,0.5,0.1,0.9106858372688293,24.848847256441772,0.819344699382782,0.25173813104629517
BSD68,38,0.5,0.1,1.1794755458831787,29.37828870248623,0.8671193718910217,0.13524216413497925
BSD68,39,0.5,0.1,0.10000000149011612,30.266633208424018,0.7370571494102478,0.44069501757621765
BSD68,40,0.5,0.1,0.9597728252410889,27.00873938405116,0.7369251251220703,0.40268927812576294
BSD68,41,0.5,0.1,0.7601834535598755,26.385951015995936,0.6733322739601135,0.3501092195510864
BSD68,42,0.5,0.1,1.3915066719055176,24.196204273737777,0.7319210171699524,0.2020726501941681
BSD68,43,0.5,0.1,0.982634425163269,24.262307276675834,0.7182350754737854,0.38919711112976074
BSD68,44,0.5,0.1,0.7831041812896729,26.282805355698695,0.7881119251251221,0.40735486149787903
BSD68,45,0.5,0.1,1.1842669248580933,23.426915955044446,0.73512202501297,0.32571345567703247
BSD68,46,0.5,0.1,0.4951134920120239,24.991055652554948,0.5766627192497253,0.4505235254764557
BSD68,47,0.5,0.1,0.10000000149011612,30.00981113335066,0.8118438720703125,0.28721868991851807
BSD68,48,0.5,0.1,1.1364250183105469,21.89548972797621,0.5909777283668518,0.5290768146514893
BSD68,49,0.5,0.1,0.30521926283836365,23.833332438146822,0.5731937885284424,0.5642959475517273
BSD68,50,0.5,0.1,0.8178718090057373,29.460050921416826,0.837578296661377,0.1899336874485016
BSD68,51,0.5,0.1,1.0804314613342285,25.044161748526207,0.7186050415039062,0.4499143362045288
BSD68,52,0.5,0.1,0.3062530755996704,23.416736145340828,0.6230687499046326,0.41996604204177856
BSD68,53,0.5,0.1,0.7139853835105896,28.569163176770598,0.7791875004768372,0.307407408952713
BSD68,54,0.5,0.1,0.1246691569685936,29.47374765540247,0.7445755004882812,0.3521456718444824
BSD68,55,0.5,0.1,0.9836224913597107,24.503925477516137,0.7451289296150208,0.4077199101448059
BSD68,56,0.5,0.1,1.2752410173416138,23.113911303329303,0.6303203701972961,0.302639365196228
BSD68,57,0.5,0.1,0.7256841659545898,23.064972130330137,0.5449675917625427,0.5221371054649353
BSD68,58,0.5,0.1,0.6715171337127686,26.320029061357907,0.734890878200531,0.33375802636146545
BSD68,59,0.5,0.1,0.1690475195646286,30.371718562973363,0.8179942965507507,0.4276629388332367
BSD68,60,0.5,0.1,0.2758174240589142,29.680665000758466,0.8195841908454895,0.2001838982105255
BSD68,61,0.5,0.1,0.10000000149011612,29.12689723489081,0.7573091387748718,0.34491610527038574
BSD68,62,0.5,0.1,1.3164796829223633,26.01953881528873,0.7425047755241394,0.38408705592155457
BSD68,63,0.5,0.1,0.9123306274414062,25.555055417762205,0.8647156357765198,0.18687233328819275
BSD68,64,0.5,0.1,0.7806639671325684,22.903565120240373,0.6115373969078064,0.5738277435302734
BSD68,65,0.5,0.1,1.1192846298217773,24.07468265813209,0.6330307126045227,0.43928736448287964
BSD68,66,0.5,0.1,1.5744050741195679,23.562130328501016,0.6882104873657227,0.3974277973175049
BSD68,67,0.5,0.1,1.0922132730484009,23.88276796834007,0.7411179542541504,0.44312724471092224
BSD68,0,1.0,0.01,1.3107669353485107,30.151952996252838,0.9105667471885681,0.17062793672084808
BSD68,1,1.0,0.01,0.8740840554237366,22.3457862513186,0.4051072597503662,0.7530186176300049
BSD68,2,1.0,0.01,1.233068823814392,29.094170517177208,0.810528039932251,0.27449852228164673
BSD68,3,1.0,0.01,1.5249525308609009,24.338861065065235,0.6925556659698486,0.42547550797462463
BSD68,4,1.0,0.01,1.4030240774154663,23.019836958374515,0.6295765042304993,0.4833381474018097
BSD68,5,1.0,0.01,1.5679681301116943,22.948665737268918,0.6914291381835938,0.4290282130241394
BSD68,6,1.0,0.01,1.42697274684906,19.393111627106666,0.6741890907287598,0.44975823163986206
BSD68,7,1.0,0.01,1.427532434463501,19.50438078201156,0.5706921219825745,0.6123519539833069
BSD68,8,1.0,0.01,1.1632322072982788,23.90855929144346,0.5929691791534424,0.3922649025917053
BSD68,9,1.0,0.01,1.4676759243011475,24.895074876726888,0.6946123242378235,0.36032894253730774
BSD68,10,1.0,0.01,1.339917540550232,23.389371504819913,0.661022424697876,0.4923848509788513
BSD68,11,1.0,0.01,1.188889503479004,25.704627889507357,0.6724207997322083,0.42568182945251465
BSD68,12,1.0,0.01,1.337587833404541,24.220395796490806,0.666573703289032,0.44041839241981506
BSD68,13,1.0,0.01,1.590350866317749,26.778938421451073,0.7558282017707825,0.29362952709198
BSD68,14,1.0,0.01,1.2445988655090332,22.305145832691732,0.5255454182624817,0.522746205329895
BSD68,15,1.0,0.01,1.211995005607605,23.146704596887425,0.49409666657447815,0.6987978219985962
BSD68,16,1.0,0.01,1.2964195013046265,23.30618627392472,0.6638137698173523,0.473346471786499
BSD68,17,1.0,0.01,1.2694257497787476,24.935248633692595,0.6023905873298645,0.5005085468292236
BSD68,18,1.0,0.01,1.8855375051498413,20.78804018392646,0.6360390186309814,0.3444057106971741
BSD68,19,1.0,0.01,1.0340888500213623,25.004388089427096,0.5960988998413086,0.5751171112060547
BSD68,20,1.0,0.01,1.4617724418640137,25.206290946690423,0.7497355341911316,0.4292736053466797
BSD68,21,1.0,0.01,1.378377914428711,24.441191447604496,0.6870661377906799,0.5676425099372864
BSD68,22,1.0,0.01,1.322800636291504,20.00134718528905,0.5078770518302917,0.5983642935752869
BSD68,23,1.0,0.01,1.171950340270996,26.273213066994817,0.7743023037910461,0.3282961845397949
BSD68,24,1.0,0.01,1.521470069885254,24.19191162522133,0.7008569240570068,0.3258243799209595
BSD68,25,1.0,0.01,1.3495553731918335,22.60237296147033,0.7110840678215027,0.38846123218536377
BSD68,26,1.0,0.01,1.397464394569397,21.13451920015686,0.6029348373413086,0.40022966265678406
BSD68,27,1.0,0.01,1.266168475151062,21.700542153239052,0.5275346636772156,0.5578582286834717
BSD68,28,1.0,0.01,1.332679271697998,23.892679845006874,0.6637548804283142,0.36885228753089905
BSD68,29,1.0,0.01,1.511324167251587,23.394481912139383,0.7340840697288513,0.3924008011817932
BSD68,30,1.0,0.01,1.0791709423065186,23.026711989635004,0.705622673034668,0.4510381519794464
BSD68,31,1.0,0.01,1.0161221027374268,25.398591822749786,0.6375851631164551,0.5928982496261597
BSD68,32,1.0,0.01,1.6015489101409912,27.873206553644746,0.7926445007324219,0.3755013048648834
BSD68,33,1.0,0.01,1.3263911008834839,20.48008581485518,0.5614818930625916,0.5400804281234741
BSD68,34,1.0,0.01,0.9380037188529968,24.89369736473229,0.5833365321159363,0.5303128957748413
BSD68,35,1.0,0.01,0.6729504466056824,22.60230226635036,0.3758114278316498,0.7118860483169556
BSD68,36,1.0,0.01,0.8360073566436768,21.723448678440356,0.4401625096797943,0.5985681414604187
BSD68,37,1.0,0.01,1.2387722730636597,23.615426306707867,0.7579662203788757,0.34545090794563293
BSD68,38,1.0,0.01,1.5299922227859497,28.45185221380371,0.8504540324211121,0.1582469791173935
BSD68,39,1.0,0.01,0.6011971831321716,29.247618173001687,0.718660831451416,0.4721350371837616
BSD68,40,1.0,0.01,1.353605031967163,25.898114817090402,0.7057576775550842,0.4621584415435791
BSD68,41,1.0,0.01,1.3291066884994507,25.64817505366848,0.6414029002189636,0.3651224970817566
BSD68,42,1.0,0.01,1.6411614418029785,23.43788549385391,0.7042542099952698,0.23114362359046936
BSD68,43,1.0,0.01,1.3304259777069092,23.116999271474022,0.668684184551239,0.45659372210502625
BSD68,44,1.0,0.01,1.2567627429962158,24.986339647449412,0.7467857003211975,0.45374375581741333
BSD68,45,1.0,0.01,1.400599718093872,21.85797797189427,0.66170334815979,0.3979189991950989
BSD68,46,1.0,0.01,1.069530725479126,24.118275498404543,0.4982362687587738,0.508574903011322
BSD68,47,1.0,0.01,0.7339101433753967,29.073350232919616,0.7804479002952576,0.34105437994003296
BSD68,48,1.0,0.01,1.4430588483810425,21.046993640435492,0.5334715247154236,0.627027153968811
BSD68,49,1.0,0.01,0.8730952143669128,22.77342126460336,0.4620591700077057,0.690692663192749
BSD68,50,1.0,0.01,1.331583023071289,28.720203776118606,0.821156919002533,0.22143438458442688
BSD68,51,1.0,0.01,1.4124281406402588,24.391014800363845,0.6796796917915344,0.5048810839653015
BSD68,52,1.0,0.01,0.7752028703689575,21.578406792521832,0.5049989819526672,0.6692607998847961
BSD68,53,1.0,0.01,1.3158514499664307,27.680284833374,0.750522792339325,0.37724101543426514
BSD68,54,1.0,0.01,0.9403474926948547,29.013905954343258,0.7276020050048828,0.3805171847343445
BSD68,55,1.0,0.01,1.3219847679138184,23.17254621223895,0.6698315739631653,0.49273398518562317
BSD68,56,1.0,0.01,1.5221151113510132,22.395936258237455,0.5780641436576843,0.3423078656196594
BSD68,57,1.0,0.01,1.1748541593551636,22.249050534229532,0.4870416224002838,0.570298433303833
BSD68,58,1.0,0.01,1.244462251663208,25.466442098239398,0.6955549120903015,0.39607563614845276
BSD68,59,1.0,0.01,1.1298445463180542,29.777300612568855,0.8004365563392639,0.4516732096672058
BSD68,60,1.0,0.01,1.0907479524612427,28.395516073185888,0.7876160740852356,0.23581737279891968
BSD68,61,1.0,0.01,0.7390602827072144,28.360097414953334,0.7264769077301025,0.39256539940834045
BSD68,62,1.0,0.01,1.6098778247833252,25.383172149180673,0.7261092066764832,0.4269402027130127
BSD68,63,1.0,0.01,1.1390025615692139,21.40487598579385,0.7662093043327332,0.3523707687854767
BSD68,64,1.0,0.01,1.1424716711044312,21.87740280035197,0.52195805311203,0.6613162755966187
BSD68,65,1.0,0.01,1.3958913087844849,23.444794164167536,0.5949934124946594,0.49887746572494507
BSD68,66,1.0,0.01,1.7863563299179077,23.330099951534713,0.6671814322471619,0.4283266067504883
BSD68,67,1.0,0.01,1.3911845684051514,23.030484145977418,0.6897403597831726,0.4959942698478699
BSD68,0,1.0,0.05,1.150631308555603,30.329323938977005,0.9129238724708557,0.16991958022117615
BSD68,1,1.0,0.05,0.6736544370651245,22.41967593453317,0.41350898146629333,0.7432504296302795
BSD68,2,1.0,0.05,1.0361340045928955,29.19303948126684,0.8126865029335022,0.27490776777267456
BSD68,3,1.0,0.05,1.508366584777832,24.3684671015263,0.6941871643066406,0.424140989780426
BSD68,4,1.0,0.05,1.3893768787384033,23.040963605071802,0.6308841109275818,0.4825686812400818
BSD68,5,1.0,0.05,1.5445351600646973,22.969551540681124,0.6923031806945801,0.42638781666755676
BSD68,6,1.0,0.05,1.4141387939453125,19.402067526620428,0.6742045879364014,0.4485924243927002
BSD68,7,1.0,0.05,1.4051605463027954,19.527163300828324,0.5723896026611328,0.6118425130844116
BSD68,8,1.0,0.05,1.1020931005477905,23.94490865860609,0.5965614318847656,0.38884544372558594
BSD68,9,1.0,0.05,1.4431171417236328,24.921386232095692,0.6957516074180603,0.3576931953430176
BSD68,10,1.0,0.05,1.3138706684112549,23.426996090101984,0.6630333065986633,0.48835289478302
BSD68,11,1.0,0.05,1.083095669746399,25.75602436662134,0.676167905330658,0.42089223861694336
BSD68,12,1.0,0.05,1.3028435707092285,24.247229346937623,0.668182373046875,0.4411356449127197
BSD68,13,1.0,0.05,1.5635782480239868,26.811962240095085,0.756829023361206,0.293013334274292
BSD68,14,1.0,0.05,1.19634211063385,22.33971862569859,0.5282526612281799,0.5161935687065125
BSD68,15,1.0,0.05,1.1384861469268799,23.183916737119613,0.49692344665527344,0.692893385887146
BSD68,16,1.0,0.05,1.251343846321106,23.357439488720146,0.6667571067810059,0.4682769775390625
BSD68,17,1.0,0.05,1.1923283338546753,24.965373794407213,0.6050249934196472,0.49680691957473755
BSD68,18,1.0,0.05,1.874046802520752,20.816517885244025,0.63698410987854,0.3449905216693878
BSD68,19,1.0,0.05,0.8843287229537964,25.046441311615013,0.6000269055366516,0.5688973069190979
BSD68,20,1.0,0.05,1.4301530122756958,25.230898915482033,0.7504374980926514,0.42906180024147034
BSD68,21,1.0,0.05,1.3325026035308838,24.475774303463204,0.6887510418891907,0.564765453338623
BSD68,22,1.0,0.05,1.3112598657608032,20.0055837290843,0.5082374215126038,0.5956019163131714
BSD68,23,1.0,0.05,1.032487154006958,26.409800527564936,0.7795491814613342,0.327580988407135
BSD68,24,1.0,0.05,1.5176831483840942,24.202480095975453,0.7014272809028625,0.32490772008895874
BSD68,25,1.0,0.05,1.3252899646759033,22.63990730902259,0.7127674221992493,0.39024466276168823
BSD68,26,1.0,0.05,1.3825328350067139,21.16176858071772,0.604875922203064,0.3996190130710602
BSD68,27,1.0,0.05,1.240991473197937,21.713659322168574,0.5284090638160706,0.5576051473617554
BSD68,28,1.0,0.05,1.3140205144882202,23.894846608802634,0.6653478145599365,0.36823731660842896
BSD68,29,1.0,0.05,1.4977895021438599,23.39861809416275,0.734408438205719,0.3913534879684448
BSD68,30,1.0,0.05,1.018514633178711,23.063413092758974,0.7077305912971497,0.4490664005279541
BSD68,31,1.0,0.05,0.7290698885917664,25.548091873011444,0.646569550037384,0.5845941305160522
BSD68,32,1.0,0.05,1.5876981019973755,27.87586751786694,0.7922794222831726,0.37688174843788147
BSD68,33,1.0,0.05,1.3181240558624268,20.489049088821297,0.5624760985374451,0.5399304628372192
BSD68,34,1.0,0.05,0.5932233333587646,25.01426267930317,0.59344482421875,0.5239489078521729
BSD68,35,1.0,0.05,0.2781163454055786,22.639858655527973,0.3820650577545166,0.7027090787887573
BSD68,36,1.0,0.05,0.6350446343421936,21.796656527402337,0.4493826925754547,0.5883472561836243
BSD68,37,1.0,0.05,1.1993598937988281,23.680461735915816,0.7601850032806396,0.34209299087524414
BSD68,38,1.0,0.05,1.4739784002304077,28.532324521020918,0.8520382046699524,0.15704332292079926
BSD68,39,1.0,0.05,0.10000000149011612,29.319287731446675,0.7206912636756897,0.4778633117675781
BSD68,40,1.0,0.05,1.3166366815567017,25.929585526535504,0.7067136168479919,0.4614611268043518
BSD68,41,1.0,0.05,1.2551039457321167,25.715787525602206,0.6446892619132996,0.36506378650665283
BSD68,42,1.0,0.05,1.6110917329788208,23.46352559870875,0.7050889134407043,0.2304713875055313
BSD68,43,1.0,0.05,1.3077119588851929,23.13677328854944,0.6695842742919922,0.45639532804489136
BSD68,44,1.0,0.05,1.2051219940185547,25.020846239447717,0.7476008534431458,0.45216673612594604
BSD68,45,1.0,0.05,1.390378475189209,21.888661396566185,0.6636254787445068,0.39478546380996704
BSD68,46,1.0,0.05,0.9637423753738403,24.148350030359435,0.5019084811210632,0.5065126419067383
BSD68,47,1.0,0.05,0.10000000149011612,28.979023307614522,0.7824427485466003,0.33526602387428284
BSD68,48,1.0,0.05,1.4287378787994385,21.057772175139682,0.5344202518463135,0.6259011626243591
BSD68,49,1.0,0.05,0.6328110694885254,22.850727839427382,0.4716239869594574,0.6789519786834717
BSD68,50,1.0,0.05,1.2719522714614868,28.775566234535614,0.8220331072807312,0.2218623012304306
BSD68,51,1.0,0.05,1.3909069299697876,24.391147650030543,0.6803037524223328,0.503876268863678
BSD68,52,1.0,0.05,0.4791317284107208,21.807226686928566,0.5219664573669434,0.6233131885528564
BSD68,53,1.0,0.05,1.2181077003479004,27.699380774892166,0.7518313527107239,0.37547537684440613
BSD68,54,1.0,0.05,0.26858678460121155,29.049377714310232,0.7313935160636902,0.37684038281440735
BSD68,55,1.0,0.05,1.2951245307922363,23.20948465789423,0.6718063950538635,0.4896220564842224
BSD68,56,1.0,0.05,1.4989519119262695,22.427042324480983,0.5793718695640564,0.34296369552612305
BSD68,57,1.0,0.05,1.1007405519485474,22.27511113231862,0.4890613257884979,0.567651629447937
BSD68,58,1.0,0.05,1.148521900177002,25.512713738030616,0.6982748508453369,0.3918129801750183
BSD68,59,1.0,0.05,0.7583798766136169,29.831668007407632,0.8036401867866516,0.4508228898048401
BSD68,60,1.0,0.05,0.8831202387809753,28.491041784397456,0.7918024063110352,0.2385062575340271
BSD68,61,1.0,0.05,0.10000000149011612,28.475462012526854,0.7334232330322266,0.38697052001953125
BSD68,62,1.0,0.05,1.5879720449447632,25.419808643347285,0.7269042134284973,0.42533111572265625
BSD68,63,1.0,0.05,1.11884605884552,21.446886495873567,0.7678136825561523,0.35404714941978455
BSD68,64,1.0,0.05,1.091091513633728,21.912661078119335,0.5251858234405518,0.6568838357925415
BSD68,65,1.0,0.05,1.3653244972229004,23.46501145929789,0.5961537957191467,0.49853605031967163
BSD68,66,1.0,0.05,1.7745321989059448,23.350220804135922,0.6674268245697021,0.42940136790275574
BSD68,67,1.0,0.05,1.3573389053344727,23.07837005597434,0.6915647387504578,0.4930902421474457
BSD68,0,1.0,0.1,0.5514076948165894,30.268236622096545,0.9149186015129089,0.17928624153137207
BSD68,1,1.0,0.1,0.2864736020565033,22.50468237422366,0.42611685395240784,0.7243154048919678
BSD68,2,1.0,0.1,0.4143349826335907,29.127724330142648,0.8131887912750244,0.2815062999725342
BSD68,3,1.0,0.1,1.4129040241241455,24.467711938892336,0.6990923881530762,0.41789692640304565
BSD68,4,1.0,0.1,1.3258260488510132,23.088497171337586,0.6335727572441101,0.47962135076522827
BSD68,5,1.0,0.1,1.485452651977539,23.028862696156498,0.6947863698005676,0.42270246148109436
BSD68,6,1.0,0.1,1.3948332071304321,19.414588894005515,0.6743039488792419,0.44638553261756897
BSD68,7,1.0,0.1,1.365571141242981,19.564130039478485,0.5754656195640564,0.6102455854415894
BSD68,8,1.0,0.1,0.867906391620636,24.038358709284587,0.607134997844696,0.3836148977279663
BSD68,9,1.0,0.1,1.33608877658844,24.99409744392176,0.6996889710426331,0.35246312618255615
BSD68,10,1.0,0.1,1.2079025506973267,23.525556077590405,0.6685304641723633,0.4775712490081787
BSD68,11,1.0,0.1,0.7054893970489502,25.82680820388202,0.684755802154541,0.4122619032859802
BSD68,12,1.0,0.1,1.0907751321792603,24.40480641650894,0.6773614883422852,0.44323238730430603
BSD68,13,1.0,0.1,1.4338877201080322,26.938846645627635,0.7608771920204163,0.28935936093330383
BSD68,14,1.0,0.1,1.0315061807632446,22.44961203662627,0.5371990203857422,0.5010655522346497
BSD68,15,1.0,0.1,0.8741151690483093,23.27724519824631,0.5046047568321228,0.6785506010055542
BSD68,16,1.0,0.1,1.1395947933197021,23.42758512815298,0.6712715029716492,0.4612036943435669
BSD68,17,1.0,0.1,0.88614422082901,25.068273170903524,0.6146576404571533,0.4863668978214264
BSD68,18,1.0,0.1,1.8572074174880981,20.852960935133172,0.6381863951683044,0.3452131450176239
BSD68,19,1.0,0.1,0.3221387565135956,25.07263941218742,0.6100930571556091,0.5538642406463623
BSD68,20,1.0,0.1,1.3025010824203491,25.306464436646657,0.7528438568115234,0.4264555275440216
BSD68,21,1.0,0.1,1.1922483444213867,24.564170838656313,0.6930272579193115,0.557734489440918
BSD68,22,1.0,0.1,1.2351608276367188,20.074892406374374,0.5138574242591858,0.5877327919006348
BSD68,23,1.0,0.1,0.510958731174469,26.599838062345885,0.7930850982666016,0.31495195627212524
BSD68,24,1.0,0.1,1.451184630393982,24.26845569966504,0.7032458782196045,0.3229277729988098
BSD68,25,1.0,0.1,1.2512803077697754,22.738539233187005,0.7168987393379211,0.3911380469799042
BSD68,26,1.0,0.1,1.3364486694335938,21.22545614810644,0.6089727878570557,0.397084504365921
BSD68,27,1.0,0.1,1.1438112258911133,21.764266113833827,0.5326352119445801,0.5552245378494263
BSD68,28,1.0,0.1,1.1953586339950562,23.95502487932042,0.6710192561149597,0.36488088965415955
BSD68,29,1.0,0.1,1.4439886808395386,23.434044853358735,0.7361760139465332,0.38812747597694397
BSD68,30,1.0,0.1,0.7192560434341431,23.229892042063298,0.7173938155174255,0.4381808042526245
BSD68,31,1.0,0.1,0.28129053115844727,25.678806015904815,0.655669629573822,0.573878288269043
BSD68,32,1.0,0.1,1.5368279218673706,27.917516692642156,0.7923216223716736,0.37818050384521484
BSD68,33,1.0,0.1,1.255432367324829,20.539454637829365,0.5658188462257385,0.5373343229293823
BSD68,34,1.0,0.1,0.17012491822242737,25.082857665949298,0.6008697152137756,0.5193760991096497
BSD68,35,1.0,0.1,0.1257372498512268,22.647161289472315,0.38448426127433777,0.7006009817123413
BSD68,36,1.0,0.1,0.28670811653137207,21.869262767889644,0.45977795124053955,0.5745837688446045
BSD68,37,1.0,0.1,1.0313303470611572,23.90042190856423,0.7676230072975159,0.3307832181453705
BSD68,38,1.0,0.1,1.3393446207046509,28.683688432268667,0.8553493618965149,0.1553962677717209
BSD68,39,1.0,0.1,0.10000000149011612,29.310293959287804,0.7203995585441589,0.4772239923477173
BSD68,40,1.0,0.1,1.1608858108520508,26.027897487313588,0.7107294201850891,0.4575538635253906
BSD68,41,1.0,0.1,1.027003526687622,25.86909168904141,0.6525684595108032,0.3665356934070587
BSD68,42,1.0,0.1,1.5581785440444946,23.50337295271521,0.7066571712493896,0.22911955416202545
BSD68,43,1.0,0.1,1.1855779886245728,23.248166721170406,0.6748574376106262,0.45361781120300293
BSD68,44,1.0,0.1,0.9999195337295532,25.19258210954717,0.7530595660209656,0.4519372582435608
BSD68,45,1.0,0.1,1.331963300704956,22.00415296839583,0.6700045466423035,0.3863462209701538
BSD68,46,1.0,0.1,0.5854989290237427,24.207935191428444,0.5131291747093201,0.4974425435066223
BSD68,47,1.0,0.1,0.10000000149011612,28.964984188716144,0.7823615670204163,0.33437058329582214
BSD68,48,1.0,0.1,1.3847566843032837,21.08558493884628,0.536739706993103,0.6227887868881226
BSD68,49,1.0,0.1,0.27254122495651245,22.937209482735952,0.48361936211586,0.6606510281562805
BSD68,50,1.0,0.1,1.031448483467102,28.922964677297145,0.8252320289611816,0.2219192534685135
BSD68,51,1.0,0.1,1.2691655158996582,24.457232732077223,0.6845040917396545,0.5001928210258484
BSD68,52,1.0,0.1,0.16756315529346466,21.89225024717342,0.5310085415840149,0.604195773601532
BSD68,53,1.0,0.1,0.9153046011924744,27.752532486034486,0.755531370639801,0.36815422773361206
BSD68,54,1.0,0.1,0.12117723375558853,29.043592509386656,0.732048511505127,0.3764379918575287
BSD68,55,1.0,0.1,1.1766762733459473,23.321278621351112,0.6785332560539246,0.48100152611732483
BSD68,56,1.0,0.1,1.4502828121185303,22.48630537410037,0.5820321440696716,0.3418028950691223
BSD68,57,1.0,0.1,0.8779053688049316,22.350671411329863,0.4956986904144287,0.5601276159286499
BSD68,58,1.0,0.1,0.8331961035728455,25.624930496694915,0.7056013941764832,0.37693509459495544
BSD68,59,1.0,0.1,0.2815074026584625,29.797714756135036,0.8054482936859131,0.45029717683792114
BSD68,60,1.0,0.1,0.2965107560157776,28.213371392217933,0.791658878326416,0.27178287506103516
BSD68,61,1.0,0.1,0.10000000149011612,28.47117718642375,0.733755886554718,0.3834134638309479
BSD68,62,1.0,0.1,1.4589416980743408,25.571401828734235,0.7304215431213379,0.417081743478775
BSD68,63,1.0,0.1,1.0400863885879517,21.585584930972992,0.7722613215446472,0.3530954420566559
BSD68,64,1.0,0.1,0.8983809947967529,22.017609672624392,0.5351158976554871,0.6411703824996948
BSD68,65,1.0,0.1,1.2856123447418213,23.514188708793245,0.5993220806121826,0.4958351254463196
BSD68,66,1.0,0.1,1.7248589992523193,23.430408098617,0.6695939898490906,0.42898374795913696
BSD68,67,1.0,0.1,1.2924600839614868,23.15430201079646,0.6944541931152344,0.4887860417366028
BSD68,0,1.5,0.01,1.5063209533691406,28.903747398350173,0.8938729763031006,0.2133399248123169
BSD68,1,1.5,0.01,1.0899467468261719,21.874756269895514,0.36642229557037354,0.809808075428009
BSD68,2,1.5,0.01,1.5425848960876465,28.43876687051077,0.7898291945457458,0.301315575838089
BSD68,3,1.5,0.01,1.6948108673095703,23.458048158753787,0.6447202563285828,0.4714478552341461
BSD68,4,1.5,0.01,1.6094107627868652,22.149839153387948,0.5746031403541565,0.525926411151886
BSD68,5,1.5,0.01,1.7351481914520264,22.272582183273244,0.6581961512565613,0.47872817516326904
BSD68,6,1.5,0.01,1.6130353212356567,18.21662731873912,0.5546230673789978,0.5734105706214905
BSD68,7,1.5,0.01,1.6027097702026367,18.693589630502572,0.4759353697299957,0.6779696941375732
BSD68,8,1.5,0.01,1.4294637441635132,22.902395143695514,0.5218963623046875,0.5057827234268188
BSD68,9,1.5,0.01,1.7342268228530884,24.16406698753353,0.6640089154243469,0.39709198474884033
BSD68,10,1.5,0.01,1.6029479503631592,22.49743516734531,0.6080604195594788,0.5571978092193604
BSD68,11,1.5,0.01,1.4292778968811035,24.713448905651553,0.6235065460205078,0.4809289276599884
BSD68,12,1.5,0.01,1.555206298828125,23.573876397474784,0.6259482502937317,0.49215051531791687
BSD68,13,1.5,0.01,1.8300750255584717,26.141326702393137,0.7330918908119202,0.34587961435317993
BSD68,14,1.5,0.01,1.4502853155136108,21.468321479409322,0.46234965324401855,0.5937085151672363
BSD68,15,1.5,0.01,1.4650651216506958,22.69129285087121,0.46331289410591125,0.7344446182250977
BSD68,16,1.5,0.01,1.4814180135726929,22.05858912942611,0.5963324904441833,0.5443621277809143
BSD68,17,1.5,0.01,1.4640499353408813,24.384663882018085,0.570744514465332,0.5381336808204651
BSD68,18,1.5,0.01,2.0957820415496826,20.563908944095296,0.6148313879966736,0.37395554780960083
BSD68,19,1.5,0.01,1.275931477546692,24.129095957796544,0.540090024471283,0.6359891891479492
BSD68,20,1.5,0.01,1.6583366394042969,24.192942833505402,0.7191371917724609,0.4608302116394043
BSD68,21,1.5,0.01,1.6026647090911865,23.79727437211947,0.6550992727279663,0.6081859469413757
BSD68,22,1.5,0.01,1.5214524269104004,19.077839523371022,0.42737826704978943,0.665690541267395
BSD68,23,1.5,0.01,1.4539222717285156,25.559461503028103,0.7471228241920471,0.37018314003944397
BSD68,24,1.5,0.01,1.7308083772659302,23.395282227407712,0.6738853454589844,0.3722341060638428
BSD68,25,1.5,0.01,1.6104381084442139,21.67264846434472,0.6783909797668457,0.47475773096084595
BSD68,26,1.5,0.01,1.6606284379959106,20.467829674507424,0.549110472202301,0.44524163007736206
BSD68,27,1.5,0.01,1.5273243188858032,21.03586697886196,0.4774697721004486,0.6267985105514526
BSD68,28,1.5,0.01,1.5670884847640991,23.02535940949412,0.6027302742004395,0.44245287775993347
BSD68,29,1.5,0.01,1.7422977685928345,22.532712453680602,0.6877443790435791,0.43689456582069397
BSD68,30,1.5,0.01,1.3230376243591309,22.24730244482044,0.6529199481010437,0.5109445452690125
BSD68,31,1.5,0.01,1.2657206058502197,24.721680856469497,0.5957291126251221,0.6411405205726624
BSD68,32,1.5,0.01,1.8286951780319214,27.271232238502936,0.7854929566383362,0.40372946858406067
BSD68,33,1.5,0.01,1.539812445640564,19.594637585472313,0.48909473419189453,0.5910581350326538
BSD68,34,1.5,0.01,1.192408561706543,24.22228489681316,0.5366321206092834,0.5718543529510498
BSD68,35,1.5,0.01,0.8836300373077393,22.201568854272114,0.33159467577934265,0.7657523155212402
BSD68,36,1.5,0.01,1.0035628080368042,21.032099098437477,0.3559699058532715,0.6745655536651611
BSD68,37,1.5,0.01,1.404505729675293,22.68745926631739,0.689060389995575,0.4030362367630005
BSD68,38,1.5,0.01,1.743009090423584,27.463356533385607,0.8302289843559265,0.20150846242904663
BSD68,39,1.5,0.01,0.6900768280029297,28.42123697029255,0.7018027305603027,0.492038369178772
BSD68,40,1.5,0.01,1.6174696683883667,24.756925073582366,0.6650547385215759,0.5159410834312439
BSD68,41,1.5,0.01,1.6472660303115845,25.13931343058041,0.6193740963935852,0.389237642288208
BSD68,42,1.5,0.01,1.8139002323150635,22.63490516665916,0.6728641390800476,0.29282766580581665
BSD68,43,1.5,0.01,1.5905009508132935,22.168872364306083,0.6154219508171082,0.5386518239974976
BSD68,44,1.5,0.01,1.5054106712341309,24.17322456410472,0.713864266872406,0.4793129861354828
BSD68,45,1.5,0.01,1.5623397827148438,20.48001624673548,0.5736596584320068,0.4844074547290802
BSD68,46,1.5,0.01,1.3908076286315918,23.735687482237118,0.46326303482055664,0.5438060164451599
BSD68,47,1.5,0.01,1.0705820322036743,27.994935549930947,0.7411921620368958,0.4154655933380127
BSD68,48,1.5,0.01,1.693807601928711,20.435286858925316,0.48771247267723083,0.6831622123718262
BSD68,49,1.5,0.01,1.0816291570663452,22.307224903514093,0.41179537773132324,0.7307349443435669
BSD68,50,1.5,0.01,1.6196202039718628,28.157117019693786,0.8060939908027649,0.2550314664840698
BSD68,51,1.5,0.01,1.6447746753692627,23.642298193250298,0.6385036706924438,0.5621836185455322
BSD68,52,1.5,0.01,0.9409842491149902,21.04078574117439,0.45654425024986267,0.7640154957771301
BSD68,53,1.5,0.01,1.581932783126831,27.081922685144058,0.7279087901115417,0.4119079113006592
BSD68,54,1.5,0.01,1.2923051118850708,28.543230877929496,0.7123432159423828,0.4056670665740967
BSD68,55,1.5,0.01,1.5490891933441162,22.217853163694254,0.6059741377830505,0.5871373414993286
BSD68,56,1.5,0.01,1.6953229904174805,21.90806860977656,0.5386750102043152,0.3663647174835205
BSD68,57,1.5,0.01,1.4241046905517578,21.694023189045186,0.4411066472530365,0.6010879874229431
BSD68,58,1.5,0.01,1.5296097993850708,24.901300661002715,0.6696532368659973,0.4378274083137512
BSD68,59,1.5,0.01,1.494605541229248,29.29061969550638,0.7875176072120667,0.4704640209674835
BSD68,60,1.5,0.01,1.428902268409729,26.945672408422162,0.745884120464325,0.3217296004295349
BSD68,61,1.5,0.01,1.0456643104553223,27.61895680845749,0.6963620781898499,0.44148391485214233
BSD68,62,1.5,0.01,1.807094931602478,24.728857957847993,0.7078050971031189,0.4789157211780548
BSD68,63,1.5,0.01,1.44881272315979,20.526199926568157,0.7145819664001465,0.44626492261886597
BSD68,64,1.5,0.01,1.3500990867614746,21.20342081522503,0.4543631374835968,0.7029878497123718
BSD68,65,1.5,0.01,1.5958044528961182,22.34187916303277,0.540026843547821,0.5540651082992554
BSD68,66,1.5,0.01,1.934668779373169,22.936270571719696,0.6426132321357727,0.4688307046890259
BSD68,67,1.5,0.01,1.6149792671203613,22.201724307625454,0.6455133557319641,0.5468611717224121
BSD68,0,1.5,0.05,1.302930474281311,28.93681338464472,0.8951840996742249,0.2130832076072693
BSD68,1,1.5,0.05,0.6430134773254395,21.94812781600858,0.3748840391635895,0.804071843624115
BSD68,2,1.5,0.05,1.369836688041687,28.46987390121086,0.7905676960945129,0.30447256565093994
BSD68,3,1.5,0.05,1.6606534719467163,23.48726804574472,0.6465980410575867,0.4704676866531372
BSD68,4,1.5,0.05,1.597005844116211,22.153036943532776,0.5751297473907471,0.5264192819595337
BSD68,5,1.5,0.05,1.7024950981140137,22.28754171122887,0.6593684554100037,0.47518599033355713
BSD68,6,1.5,0.05,1.600192904472351,18.219688377445312,0.5548657774925232,0.572611927986145
BSD68,7,1.5,0.05,1.5962939262390137,18.696161289875608,0.4762744903564453,0.6782976984977722
BSD68,8,1.5,0.05,1.3341892957687378,22.929630818898183,0.525209903717041,0.5030449628829956
BSD68,9,1.5,0.05,1.6928261518478394,24.189603710577362,0.6652109622955322,0.39525315165519714
BSD68,10,1.5,0.05,1.5601469278335571,22.519407151362813,0.6095359921455383,0.5540608167648315
BSD68,11,1.5,0.05,1.2965989112854004,24.74632596688817,0.6266549229621887,0.47879964113235474
BSD68,12,1.5,0.05,1.4804693460464478,23.59349059205924,0.6275120377540588,0.4927026927471161
BSD68,13,1.5,0.05,1.7781461477279663,26.17781071623433,0.7344434261322021,0.3445013761520386
BSD68,14,1.5,0.05,1.3612338304519653,21.48226627218874,0.464114785194397,0.5910601019859314
BSD68,15,1.5,0.05,1.3610912561416626,22.715458124717212,0.4654877185821533,0.7297934889793396
BSD68,16,1.5,0.05,1.409949779510498,22.097934786694452,0.59930419921875,0.5410319566726685
BSD68,17,1.5,0.05,1.320146918296814,24.40063968010877,0.5732389092445374,0.5351037979125977
BSD68,18,1.5,0.05,2.0895256996154785,20.57572379152937,0.6153478026390076,0.3745439648628235
BSD68,19,1.5,0.05,1.019275426864624,24.15578159356528,0.5444974303245544,0.6286004185676575
BSD68,20,1.5,0.05,1.591776728630066,24.29668488128591,0.7206606864929199,0.46113306283950806
BSD68,21,1.5,0.05,1.5347219705581665,23.82017507106908,0.6567752957344055,0.6060566902160645
BSD68,22,1.5,0.05,1.473644733428955,19.08581018703361,0.4281249940395355,0.6622512936592102
BSD68,23,1.5,0.05,1.2735040187835693,25.620199322431517,0.7516832947731018,0.36823004484176636
BSD68,24,1.5,0.05,1.6993358135223389,23.40686108261247,0.674767792224884,0.371837317943573
BSD68,25,1.5,0.05,1.5932625532150269,21.687165334818296,0.6791402697563171,0.47611045837402344
BSD68,26,1.5,0.05,1.630812644958496,20.495039431590186,0.5509259104728699,0.4442419111728668
BSD68,27,1.5,0.05,1.4736541509628296,21.04570493490265,0.4784909188747406,0.6279212236404419
BSD68,28,1.5,0.05,1.5290278196334839,23.027252002723397,0.6042988896369934,0.44143375754356384
BSD68,29,1.5,0.05,1.7195478677749634,22.541596520190158,0.688529908657074,0.436774343252182
BSD68,30,1.5,0.05,1.2109688520431519,22.269147179302834,0.6544272899627686,0.509093165397644
BSD68,31,1.5,0.05,0.8775020241737366,24.813082860408247,0.6026565432548523,0.6345825791358948
BSD68,32,1.5,0.05,1.8122152090072632,27.27171048337921,0.7850545048713684,0.40424448251724243
BSD68,33,1.5,0.05,1.521615743637085,19.605430710882942,0.4904029667377472,0.5901169776916504
BSD68,34,1.5,0.05,0.7332959771156311,24.286262039925614,0.5443641543388367,0.5683660507202148
BSD68,35,1.5,0.05,0.16976036131381989,22.21935142111746,0.3364158868789673,0.757418692111969
BSD68,36,1.5,0.05,0.47924283146858215,21.1058934668244,0.3669631779193878,0.660832405090332
BSD68,37,1.5,0.05,1.3216527700424194,22.707128816732755,0.6902490258216858,0.39981183409690857
BSD68,38,1.5,0.05,1.6934725046157837,27.48301573660717,0.8310561180114746,0.20165738463401794
BSD68,39,1.5,0.05,0.10000000149011612,28.46809913300026,0.7034323811531067,0.497707724571228
BSD68,40,1.5,0.05,1.5747523307800293,24.765293242425734,0.6654922366142273,0.5151417851448059
BSD68,41,1.5,0.05,1.576991319656372,25.17991914944023,0.6221833229064941,0.3915267884731293
BSD68,42,1.5,0.05,1.7778180837631226,22.65242638251641,0.6736484169960022,0.29014852643013
BSD68,43,1.5,0.05,1.5255337953567505,22.194515852690735,0.61716228723526,0.5364229679107666
BSD68,44,1.5,0.05,1.4216065406799316,24.182038607909572,0.7141768932342529,0.4785485863685608
BSD68,45,1.5,0.05,1.529828429222107,20.505496560456674,0.5759208798408508,0.4814055562019348
BSD68,46,1.5,0.05,1.2430648803710938,23.747233485690266,0.46602675318717957,0.5436266660690308
BSD68,47,1.5,0.05,0.10000000149011612,27.909099798493706,0.7463698387145996,0.3996061086654663
BSD68,48,1.5,0.05,1.6605058908462524,20.442794935045786,0.48857006430625916,0.6828497648239136
BSD68,49,1.5,0.05,0.5840052366256714,22.357350814544553,0.42063209414482117,0.7246065139770508
BSD68,50,1.5,0.05,1.544404149055481,28.18194252102762,0.8065782189369202,0.25606489181518555
BSD68,51,1.5,0.05,1.6024630069732666,23.64827316351837,0.6394135355949402,0.5620242357254028
BSD68,52,1.5,0.05,0.2701702117919922,21.108325566131704,0.46428346633911133,0.7525634765625
BSD68,53,1.5,0.05,1.4524667263031006,27.090816037503593,0.7290708422660828,0.41044044494628906
BSD68,54,1.5,0.05,0.438403844833374,28.575704390897805,0.7167297005653381,0.40272122621536255
BSD68,55,1.5,0.05,1.504427194595337,22.241272510131367,0.6074729561805725,0.5854005813598633
BSD68,56,1.5,0.05,1.6661161184310913,21.930831399104193,0.539596438407898,0.3672713041305542
BSD68,57,1.5,0.05,1.3180772066116333,21.709798857068037,0.44275256991386414,0.5997924208641052
BSD68,58,1.5,0.05,1.410879373550415,24.911437417618075,0.6712988018989563,0.4363653063774109
BSD68,59,1.5,0.05,1.1105879545211792,29.288746651498705,0.789567768573761,0.4693131446838379
BSD68,60,1.5,0.05,1.2339166402816772,26.947363879021687,0.7477495074272156,0.3297703266143799
BSD68,61,1.5,0.05,0.16790391504764557,27.677945386971462,0.7019718289375305,0.4407971501350403
BSD68,62,1.5,0.05,1.7441799640655518,24.79011346199945,0.7095324397087097,0.47703972458839417
BSD68,63,1.5,0.05,1.4064207077026367,20.53388435017052,0.7156204581260681,0.445404052734375
BSD68,64,1.5,0.05,1.2542709112167358,21.228238701833497,0.45712390542030334,0.7040066123008728
BSD68,65,1.5,0.05,1.544541597366333,22.355204482169967,0.5414248108863831,0.5535929203033447
BSD68,66,1.5,0.05,1.9221572875976562,22.948450407530544,0.6427211165428162,0.46917998790740967
BSD68,67,1.5,0.05,1.589145541191101,22.21235263951494,0.6459945440292358,0.5449479818344116
BSD68,0,1.5,0.1,0.4733501374721527,28.54024151536748,0.8936392664909363,0.23690761625766754
BSD68,1,1.5,0.1,0.16792899370193481,21.958687852978997,0.3802340030670166,0.8019660115242004
BSD68,2,1.5,0.1,0.6817958950996399,28.297065567379786,0.7888181209564209,0.318909227848053
BSD68,3,1.5,0.1,1.493984341621399,23.576074983405512,0.6526033282279968,0.4639166295528412
BSD68,4,1.5,0.1,1.4431077241897583,22.18178380184699,0.5781875252723694,0.5242598652839661
BSD68,5,1.5,0.1,1.6189433336257935,22.3183642668973,0.6617622375488281,0.47137659788131714
BSD68,6,1.5,0.1,1.5732263326644897,18.22796835928981,0.5557310581207275,0.5707380175590515
BSD68,7,1.5,0.1,1.5083286762237549,18.73582569879129,0.4803778827190399,0.6759989857673645
BSD68,8,1.5,0.1,1.0035502910614014,22.972813588908323,0.5348995327949524,0.4999309480190277
BSD68,9,1.5,0.1,1.55075204372406,24.223812440144986,0.668446958065033,0.3908408284187317
BSD68,10,1.5,0.1,1.3797528743743896,22.5717645339099,0.6139875054359436,0.5464600324630737
BSD68,11,1.5,0.1,0.7025951147079468,24.74412139838889,0.6340968608856201,0.4751853942871094
BSD68,12,1.5,0.1,1.1640971899032593,23.629918001522505,0.6320533752441406,0.4939039349555969
BSD68,13,1.5,0.1,1.6072486639022827,26.25223346039381,0.7379838824272156,0.34100496768951416
BSD68,14,1.5,0.1,1.0737160444259644,21.53238006809902,0.4702742397785187,0.5851573348045349
BSD68,15,1.5,0.1,0.8957524299621582,22.756498570867116,0.4711376428604126,0.7214421033859253
BSD68,16,1.5,0.1,1.143109679222107,22.211487712253163,0.6069373488426208,0.5339541435241699
BSD68,17,1.5,0.1,0.7484477162361145,24.42388974724846,0.580747127532959,0.5301414728164673
BSD68,18,1.5,0.1,2.0440304279327393,20.644543781493503,0.6173446178436279,0.3746889531612396
BSD68,19,1.5,0.1,0.2867010533809662,24.079925659346078,0.5497594475746155,0.6219804286956787
BSD68,20,1.5,0.1,1.3909193277359009,24.39288285081976,0.7231066823005676,0.45989298820495605
BSD68,21,1.5,0.1,1.3151824474334717,23.84804818124293,0.6600971817970276,0.6016651391983032
BSD68,22,1.5,0.1,1.3585091829299927,19.113536680117505,0.4310239255428314,0.6547185182571411
BSD68,23,1.5,0.1,0.5896621346473694,25.538823153870304,0.7612003684043884,0.37873178720474243
BSD68,24,1.5,0.1,1.6080158948898315,23.413498622552353,0.6758208870887756,0.3716049790382385
BSD68,25,1.5,0.1,1.4652618169784546,21.765138098988412,0.6827834248542786,0.4759376645088196
BSD68,26,1.5,0.1,1.5566648244857788,20.532314463929623,0.5539148449897766,0.44317635893821716
BSD68,27,1.5,0.1,1.2906525135040283,21.068893091371066,0.48161032795906067,0.6311274766921997
BSD68,28,1.5,0.1,1.3387832641601562,23.041924612615063,0.6097154021263123,0.43706926703453064
BSD68,29,1.5,0.1,1.6384141445159912,22.562130881083228,0.6906185150146484,0.4349631071090698
BSD68,30,1.5,0.1,0.7213433384895325,22.330804955214223,0.6593716740608215,0.5042526721954346
BSD68,31,1.5,0.1,0.27567607164382935,24.876207240975404,0.6084500551223755,0.6305367946624756
BSD68,32,1.5,0.1,1.7382469177246094,27.27080259131713,0.7846053242683411,0.40724846720695496
BSD68,33,1.5,0.1,1.4159303903579712,19.638427834975186,0.4939222037792206,0.5873871445655823
BSD68,34,1.5,0.1,0.16928419470787048,24.30763333324407,0.5495197176933289,0.5673613548278809
BSD68,35,1.5,0.1,0.12290902435779572,22.22268618257197,0.3376476466655731,0.7561384439468384
BSD68,36,1.5,0.1,0.12415851652622223,21.11837318238414,0.36992278695106506,0.6531647443771362
BSD68,37,1.5,0.1,0.9421839714050293,22.699714944509427,0.6939597129821777,0.39149388670921326
BSD68,38,1.5,0.1,1.4834401607513428,27.496557731850558,0.8337741494178772,0.2136618047952652
BSD68,39,1.5,0.1,0.10000000149011612,28.466400029671895,0.7031685709953308,0.49780914187431335
BSD68,40,1.5,0.1,1.3330433368682861,24.811485545847365,0.6700075268745422,0.5123628377914429
BSD68,41,1.5,0.1,1.266960620880127,25.244489585791115,0.6292822957038879,0.4053799510002136
BSD68,42,1.5,0.1,1.7029563188552856,22.68173941423404,0.6752734184265137,0.28559598326683044
BSD68,43,1.5,0.1,1.3313138484954834,22.251952334183912,0.6215699911117554,0.5322582125663757
BSD68,44,1.5,0.1,1.1107378005981445,24.26737129053206,0.718174934387207,0.49865350127220154
BSD68,45,1.5,0.1,1.4303290843963623,20.571645215307544,0.5812770128250122,0.47357454895973206
BSD68,46,1.5,0.1,0.7186040878295898,23.68737902321435,0.47161778807640076,0.542466938495636
BSD68,47,1.5,0.1,0.10000000149011612,27.88899223864823,0.7458421587944031,0.40035736560821533
BSD68,48,1.5,0.1,1.5540413856506348,20.464489361140608,0.4910956621170044,0.6798429489135742
BSD68,49,1.5,0.1,0.12544368207454681,22.370990469255972,0.4254244565963745,0.7181508541107178
BSD68,50,1.5,0.1,1.2485988140106201,28.206331313576435,0.8083450794219971,0.26158827543258667
BSD68,51,1.5,0.1,1.4301344156265259,23.671273530759393,0.6425148844718933,0.561792254447937
BSD68,52,1.5,0.1,0.12339066714048386,21.130951311236682,0.46628162264823914,0.7481378316879272
BSD68,53,1.5,0.1,1.0235384702682495,27.061492053732003,0.7320754528045654,0.40461570024490356
BSD68,54,1.5,0.1,0.1036849096417427,28.542488766047036,0.7173789143562317,0.4026450216770172
BSD68,55,1.5,0.1,1.3063219785690308,22.30030986896347,0.6125386357307434,0.5780549645423889
BSD68,56,1.5,0.1,1.5677125453948975,21.98737317407389,0.5422922968864441,0.3681134581565857
BSD68,57,1.5,0.1,0.9027981758117676,21.753086709546125,0.4486505091190338,0.5952451229095459
BSD68,58,1.5,0.1,0.954517126083374,24.87809094202586,0.6743895411491394,0.4322798550128937
BSD68,59,1.5,0.1,0.2807178497314453,29.05324435962551,0.7892286777496338,0.47205260396003723
BSD68,60,1.5,0.1,0.5094044804573059,26.640613096722458,0.7432146668434143,0.35740408301353455
BSD68,61,1.5,0.1,0.114395372569561,27.678174061465633,0.7024368643760681,0.4366217851638794
BSD68,62,1.5,0.1,1.5593682527542114,24.9223321759002,0.7136173248291016,0.473021537065506
BSD68,63,1.5,0.1,1.2471805810928345,20.54485233087562,0.7168111205101013,0.44485393166542053
BSD68,64,1.5,0.1,0.8536628484725952,21.28348687892713,0.4647916257381439,0.6986545920372009
BSD68,65,1.5,0.1,1.404151439666748,22.37436655917233,0.5445418953895569,0.5520914793014526
BSD68,66,1.5,0.1,1.863542914390564,22.990027362355864,0.6439832448959351,0.4681346118450165
BSD68,67,1.5,0.1,1.4816396236419678,22.245938670361024,0.6478304266929626,0.5412348508834839
BSD68,0,2.0,0.01,1.7211542129516602,27.62226614078474,0.8735793232917786,0.26128947734832764
BSD68,1,2.0,0.01,1.2789084911346436,21.561856306152244,0.34042516350746155,0.8431550860404968
BSD68,2,2.0,0.01,1.8726915121078491,27.77770276579426,0.7678034901618958,0.3304719030857086
BSD68,3,2.0,0.01,1.8358887434005737,22.56473787082742,0.5965263247489929,0.5171296000480652
BSD68,4,2.0,0.01,1.7931326627731323,21.341937165338646,0.5187444686889648,0.5750269889831543
BSD68,5,2.0,0.01,1.907402515411377,21.394369009744345,0.6101359724998474,0.5566235780715942
BSD68,6,2.0,0.01,1.8200087547302246,17.350431756198077,0.4533446729183197,0.6719728112220764
BSD68,7,2.0,0.01,1.729689359664917,17.961551728347246,0.3888589143753052,0.73893803358078
BSD68,8,2.0,0.01,1.7126237154006958,22.166169725432518,0.4694858491420746,0.5805324912071228
BSD68,9,2.0,0.01,1.9793226718902588,23.509695091669364,0.6379600167274475,0.4282342791557312
BSD68,10,2.0,0.01,1.8528012037277222,21.696898972363723,0.5577218532562256,0.6281124353408813
BSD68,11,2.0,0.01,1.6373157501220703,23.854817273700956,0.574453592300415,0.5229507088661194
BSD68,12,2.0,0.01,1.748575210571289,22.914298221728984,0.5862554907798767,0.5325342416763306
BSD68,13,2.0,0.01,2.0835351943969727,25.51382179200109,0.7095332741737366,0.3825188875198364
BSD68,14,2.0,0.01,1.629023790359497,20.895200872234444,0.4185667335987091,0.624884843826294
BSD68,15,2.0,0.01,1.6958131790161133,22.29260792173969,0.43721047043800354,0.7544219493865967
BSD68,16,2.0,0.01,1.6657676696777344,21.363669357309067,0.5482786297798157,0.5938438177108765
BSD68,17,2.0,0.01,1.607073187828064,23.838609503271243,0.5413831472396851,0.5682715773582458
BSD68,18,2.0,0.01,2.248789072036743,20.233910195948784,0.5928822755813599,0.4266592264175415
BSD68,19,2.0,0.01,1.4958679676055908,23.418107003505774,0.490214467048645,0.6896241307258606
BSD68,20,2.0,0.01,1.8573486804962158,23.18739614440769,0.6842004656791687,0.515612781047821
BSD68,21,2.0,0.01,1.8117274045944214,22.902346220682155,0.6134962439537048,0.6520602703094482
BSD68,22,2.0,0.01,1.6716272830963135,18.499225628506238,0.3712727725505829,0.7314786911010742
BSD68,23,2.0,0.01,1.7055509090423584,24.91135721211876,0.7241482138633728,0.40396541357040405
BSD68,24,2.0,0.01,1.9475574493408203,22.3308001127911,0.6373881101608276,0.4251207113265991
BSD68,25,2.0,0.01,1.922283411026001,21.121804016555892,0.652863085269928,0.5201377272605896
BSD68,26,2.0,0.01,1.8988944292068481,19.69175325732554,0.4896003305912018,0.5282397866249084
BSD68,27,2.0,0.01,1.772006869316101,20.523786727889085,0.437113493680954,0.6842399835586548
BSD68,28,2.0,0.01,1.8156647682189941,22.028638981137153,0.5250764489173889,0.5235494375228882
BSD68,29,2.0,0.01,1.9542279243469238,21.620505269601445,0.6357749104499817,0.4620453119277954
BSD68,30,2.0,0.01,1.5549449920654297,21.716737014559655,0.613596498966217,0.554868757724762
BSD68,31,2.0,0.01,1.483304738998413,24.21928244611141,0.5622645020484924,0.6868337988853455
BSD68,32,2.0,0.01,2.073652744293213,26.285765726651178,0.7728232741355896,0.4268226623535156
BSD68,33,2.0,0.01,1.7270056009292603,18.767250408576857,0.41727128624916077,0.6525610685348511
BSD68,34,2.0,0.01,1.4184942245483398,23.68723248641043,0.4980883300304413,0.6055184602737427
BSD68,35,2.0,0.01,1.087724208831787,21.872769628495984,0.29690733551979065,0.8066097497940063
BSD68,36,2.0,0.01,1.1414439678192139,20.570961519398434,0.3006061613559723,0.7289915680885315
BSD68,37,2.0,0.01,1.542225956916809,21.430412150590126,0.598339319229126,0.5255541801452637
BSD68,38,2.0,0.01,1.966019868850708,26.29286198001666,0.8031783699989319,0.2549537122249603
BSD68,39,2.0,0.01,0.5235246419906616,27.622898419222587,0.6807839274406433,0.4876413345336914
BSD68,40,2.0,0.01,1.872115135192871,23.918846365742432,0.6303314566612244,0.5565708875656128
BSD68,41,2.0,0.01,1.9291777610778809,24.568516071335264,0.5950341820716858,0.43081408739089966
BSD68,42,2.0,0.01,1.9288930892944336,21.61510482964166,0.6300762295722961,0.3883861005306244
BSD68,43,2.0,0.01,1.8591059446334839,21.465542363674636,0.5709646344184875,0.5916604399681091
BSD68,44,2.0,0.01,1.7608269453048706,23.46553380908688,0.6830312609672546,0.5887516140937805
BSD68,45,2.0,0.01,1.717719316482544,19.57518604235361,0.5012369751930237,0.5565596222877502
BSD68,46,2.0,0.01,1.6942628622055054,23.478172426159375,0.44193458557128906,0.5657824277877808
BSD68,47,2.0,0.01,1.3381056785583496,27.304346069492794,0.7123510241508484,0.4812389314174652
BSD68,48,2.0,0.01,1.8948938846588135,19.870902828531875,0.4462919533252716,0.7368953824043274
BSD68,49,2.0,0.01,1.2806540727615356,21.94640238435603,0.37478411197662354,0.7641717791557312
BSD68,50,2.0,0.01,1.899315595626831,27.496527618811516,0.7873712182044983,0.3111107349395752
BSD68,51,2.0,0.01,1.8718864917755127,22.937415903353422,0.6027278304100037,0.590130090713501
BSD68,52,2.0,0.01,1.1758053302764893,20.85846278545852,0.42865559458732605,0.772145688533783
BSD68,53,2.0,0.01,1.8233567476272583,26.564593040135648,0.7104759216308594,0.42889603972435
BSD68,54,2.0,0.01,1.5470948219299316,28.024775018735347,0.6963047981262207,0.43029502034187317
BSD68,55,2.0,0.01,1.7751189470291138,21.4601952393129,0.5522335171699524,0.6510981321334839
BSD68,56,2.0,0.01,1.8710612058639526,21.265497887148108,0.4965994358062744,0.3968826234340668
BSD68,57,2.0,0.01,1.6595195531845093,21.201394625214554,0.399973601102829,0.6340963840484619
BSD68,58,2.0,0.01,1.8126140832901,24.419486738110617,0.6477997899055481,0.4699239730834961
BSD68,59,2.0,0.01,1.7886251211166382,28.726018481963727,0.773808479309082,0.4857511818408966
BSD68,60,2.0,0.01,1.7415740489959717,25.73653271745808,0.6988545060157776,0.39708125591278076
BSD68,61,2.0,0.01,1.322632908821106,26.99821059870345,0.670768678188324,0.477561891078949
BSD68,62,2.0,0.01,1.9870682954788208,24.012568747723453,0.6900627017021179,0.5122054815292358
BSD68,63,2.0,0.01,1.8428484201431274,20.188430943830458,0.6826344132423401,0.48622673749923706
BSD68,64,2.0,0.01,1.5629138946533203,20.676696190505016,0.3990829885005951,0.7353430986404419
BSD68,65,2.0,0.01,1.8002958297729492,21.377564329465976,0.48813536763191223,0.6059271097183228
BSD68,66,2.0,0.01,2.0932776927948,22.198636428435222,0.6099262237548828,0.5027002692222595
BSD68,67,2.0,0.01,1.87492036819458,21.70800221636306,0.6103872060775757,0.5881465077400208
BSD68,0,2.0,0.05,1.4362726211547852,27.628085874770957,0.8745896220207214,0.2614102363586426
BSD68,1,2.0,0.05,0.4993124008178711,21.58293010007497,0.3468679189682007,0.8469170331954956
BSD68,2,2.0,0.05,1.6815974712371826,27.77236507986458,0.7679762840270996,0.3351753354072571
BSD68,3,2.0,0.05,1.7814925909042358,22.585887272448282,0.5983271598815918,0.5160802602767944
BSD68,4,2.0,0.05,1.7256959676742554,21.341722316988765,0.5195369124412537,0.5749068260192871
BSD68,5,2.0,0.05,1.865628957748413,21.393875563394754,0.611102283000946,0.5544569492340088
BSD68,6,2.0,0.05,1.8034781217575073,17.348826564064353,0.4531659185886383,0.6720505952835083
BSD68,7,2.0,0.05,1.689048409461975,17.96969584177796,0.38986513018608093,0.7379655838012695
BSD68,8,2.0,0.05,1.6009254455566406,22.174841248090196,0.4716469943523407,0.5782250165939331
BSD68,9,2.0,0.05,1.926491379737854,23.50713982672684,0.638454794883728,0.4276200234889984
BSD68,10,2.0,0.05,1.7742931842803955,21.704302471390662,0.5587815642356873,0.6254699230194092
BSD68,11,2.0,0.05,1.4230409860610962,23.86830735583962,0.5778370499610901,0.5233821272850037
BSD68,12,2.0,0.05,1.652235746383667,22.911433255854185,0.5868527889251709,0.5328490734100342
BSD68,13,2.0,0.05,2.0067718029022217,25.531246622094258,0.7108259201049805,0.3811250925064087
BSD68,14,2.0,0.05,1.5059622526168823,20.896225423624646,0.41947925090789795,0.6247892379760742
BSD68,15,2.0,0.05,1.518479347229004,22.306739869945304,0.43902695178985596,0.7527324557304382
BSD68,16,2.0,0.05,1.5454211235046387,21.381390251371343,0.5503512620925903,0.5931788086891174
BSD68,17,2.0,0.05,1.32805597782135,23.832987314168285,0.5434189438819885,0.5663822889328003
BSD68,18,2.0,0.05,2.2342913150787354,20.237747993650338,0.5931353569030762,0.43067532777786255
BSD68,19,2.0,0.05,1.1698209047317505,23.387530988142913,0.4915638267993927,0.6956480741500854
BSD68,20,2.0,0.05,1.7576559782028198,23.213486416848014,0.6851589679718018,0.5160000920295715
BSD68,21,2.0,0.05,1.711368203163147,22.90840265782274,0.6149923801422119,0.650307297706604
BSD68,22,2.0,0.05,1.5965545177459717,18.495632737320747,0.3711523711681366,0.7307350039482117
BSD68,23,2.0,0.05,1.4936366081237793,24.972547004734444,0.7289642691612244,0.4058055281639099
BSD68,24,2.0,0.05,1.9117828607559204,22.32366755353577,0.6378797888755798,0.4247666597366333
BSD68,25,2.0,0.05,1.8663066625595093,21.12777071821773,0.6534587740898132,0.5229586958885193
BSD68,26,2.0,0.05,1.864931583404541,19.70151616567275,0.4907561242580414,0.5294985175132751
BSD68,27,2.0,0.05,1.6944618225097656,20.521607922265893,0.4374997317790985,0.6863971948623657
BSD68,28,2.0,0.05,1.7542973756790161,22.03700017680712,0.5278573036193848,0.522169828414917
BSD68,29,2.0,0.05,1.922013759613037,21.619794865728636,0.6363007426261902,0.46262770891189575
BSD68,30,2.0,0.05,1.37890625,21.72284903307011,0.6142567992210388,0.5539132356643677
BSD68,31,2.0,0.05,0.9740981459617615,24.262322925580825,0.5670735836029053,0.6823049187660217
BSD68,32,2.0,0.05,2.05353045463562,26.2718328968837,0.7721166610717773,0.42864733934402466
BSD68,33,2.0,0.05,1.6841753721237183,18.772044301183104,0.41829097270965576,0.6518834233283997
BSD68,34,2.0,0.05,0.8207376599311829,23.710318535513622,0.5038124918937683,0.6046319603919983
BSD68,35,2.0,0.05,0.16856321692466736,21.86684281590108,0.29934337735176086,0.8058457374572754
BSD68,36,2.0,0.05,0.2990991473197937,20.6086929754808,0.30779850482940674,0.7259203195571899
BSD68,37,2.0,0.05,1.35977303981781,21.454517148701036,0.6019865870475769,0.5112246870994568
BSD68,38,2.0,0.05,1.895308017730713,26.26610430954234,0.8031681180000305,0.2587648630142212
BSD68,39,2.0,0.05,0.10000000149011612,27.655477980863452,0.6821820139884949,0.49776512384414673
BSD68,40,2.0,0.05,1.791582703590393,23.905840827866783,0.6303497552871704,0.5562546253204346
BSD68,41,2.0,0.05,1.8252184391021729,24.577739779919597,0.5973241329193115,0.43552836775779724
BSD68,42,2.0,0.05,1.8797564506530762,21.6247392661208,0.6308916211128235,0.38530972599983215
BSD68,43,2.0,0.05,1.777307391166687,21.47106974138843,0.5717793107032776,0.5906628370285034
BSD68,44,2.0,0.05,1.6588689088821411,23.461665958389887,0.6830165982246399,0.5877382755279541
BSD68,45,2.0,0.05,1.6608011722564697,19.589652351996424,0.5029667019844055,0.5556076765060425
BSD68,46,2.0,0.05,1.5338568687438965,23.46955166907838,0.443320631980896,0.566005289554596
BSD68,47,2.0,0.05,0.26499485969543457,27.098670168795476,0.7146034836769104,0.46754854917526245
BSD68,48,2.0,0.05,1.8521021604537964,19.86988016841782,0.4467794895172119,0.7368828058242798
BSD68,49,2.0,0.05,0.4990519881248474,21.96406620320252,0.3818366527557373,0.7618933916091919
BSD68,50,2.0,0.05,1.8053815364837646,27.48909381711702,0.7876896262168884,0.3122859001159668
BSD68,51,2.0,0.05,1.8083109855651855,22.938288626098323,0.6036363244056702,0.5914172530174255
BSD68,52,2.0,0.05,0.26580747961997986,20.874234582381025,0.433522492647171,0.7737631797790527
BSD68,53,2.0,0.05,1.6746505498886108,26.55562831019357,0.7106649875640869,0.4287680387496948
BSD68,54,2.0,0.05,0.5741257071495056,28.04993649833813,0.7008519768714905,0.4289495348930359
BSD68,55,2.0,0.05,1.6964459419250488,21.473854101252947,0.5533345341682434,0.6504949331283569
BSD68,56,2.0,0.05,1.807321310043335,21.272380765423833,0.4974016845226288,0.39781367778778076
BSD68,57,2.0,0.05,1.5006855726242065,21.217308400051728,0.40197113156318665,0.6338357329368591
BSD68,58,2.0,0.05,1.665975570678711,24.381211822886453,0.6470127105712891,0.4717411398887634
BSD68,59,2.0,0.05,1.3769922256469727,28.682725191533137,0.7746367454528809,0.4843234717845917
BSD68,60,2.0,0.05,1.5467016696929932,25.733592629689795,0.7006596922874451,0.40439364314079285
BSD68,61,2.0,0.05,0.1705484241247177,27.068587621000862,0.6770475506782532,0.4776099920272827
BSD68,62,2.0,0.05,1.901530385017395,24.050349198442976,0.6912562251091003,0.511042058467865
BSD68,63,2.0,0.05,1.7851526737213135,20.187253020150596,0.6830384135246277,0.48579880595207214
BSD68,64,2.0,0.05,1.3855791091918945,20.686641109987974,0.4007534980773926,0.7374439835548401
BSD68,65,2.0,0.05,1.729228138923645,21.384181938605007,0.489215612411499,0.6063854098320007
BSD68,66,2.0,0.05,2.064431667327881,22.241266750027297,0.6116496920585632,0.5032716989517212
BSD68,67,2.0,0.05,1.8187222480773926,21.713982507946056,0.6107122898101807,0.5862159132957458
BSD68,0,2.0,0.1,0.3988066613674164,27.220633339583294,0.8712285161018372,0.27928417921066284
BSD68,1,2.0,0.1,0.10000000149011612,21.565008601835103,0.3489229381084442,0.8473272323608398
BSD68,2,2.0,0.1,0.927918016910553,27.51212996454123,0.7644115090370178,0.35553866624832153
BSD68,3,2.0,0.1,1.510233759880066,22.617960582140878,0.6029958724975586,0.5113660097122192
BSD68,4,2.0,0.1,1.4910917282104492,21.32030002441645,0.5208582878112793,0.5743712782859802
BSD68,5,2.0,0.1,1.7205862998962402,21.36374354978852,0.6126153469085693,0.5530181527137756
BSD68,6,2.0,0.1,1.697562336921692,17.364996968145824,0.4555668532848358,0.6712844371795654
BSD68,7,2.0,0.1,1.5122572183609009,17.988919250277814,0.3927421569824219,0.7361410856246948
BSD68,8,2.0,0.1,1.1392557621002197,22.139323806130754,0.4760209619998932,0.5791665315628052
BSD68,9,2.0,0.1,1.7568438053131104,23.466637552612557,0.6394868493080139,0.4267202913761139
BSD68,10,2.0,0.1,1.4948515892028809,21.709706519074984,0.5618188977241516,0.6193746328353882
BSD68,11,2.0,0.1,0.6310577392578125,23.79435624238775,0.5824485421180725,0.5268664360046387
BSD68,12,2.0,0.1,1.1749112606048584,22.84701039749789,0.5871822834014893,0.5328624248504639
BSD68,13,2.0,0.1,1.774828553199768,25.5302540589555,0.713664710521698,0.37788334488868713
BSD68,14,2.0,0.1,0.9217646718025208,20.89965428316068,0.42351794242858887,0.6263779997825623
BSD68,15,2.0,0.1,0.8178258538246155,22.28307457670943,0.44211211800575256,0.7491360902786255
BSD68,16,2.0,0.1,1.0720819234848022,21.415042578830196,0.5550935864448547,0.5943936109542847
BSD68,17,2.0,0.1,0.4662022888660431,23.767536623074403,0.5461446046829224,0.5708065032958984
BSD68,18,2.0,0.1,2.180454969406128,20.249723442637162,0.5935060381889343,0.44237735867500305
BSD68,19,2.0,0.1,0.28070786595344543,23.229854603045197,0.4923660457134247,0.7103956341743469
BSD68,20,2.0,0.1,1.3861740827560425,23.237563634923163,0.6863756775856018,0.5190169215202332
BSD68,21,2.0,0.1,1.326843500137329,22.87157263485178,0.6174993515014648,0.6499190330505371
BSD68,22,2.0,0.1,1.3220759630203247,18.501855430631558,0.37327900528907776,0.7267051339149475
BSD68,23,2.0,0.1,0.6311463713645935,24.669825140399062,0.7279730439186096,0.44767260551452637
BSD68,24,2.0,0.1,1.7603557109832764,22.26977843766609,0.6377443671226501,0.42553308606147766
BSD68,25,2.0,0.1,1.6585439443588257,21.13534544049766,0.654043972492218,0.5280743837356567
BSD68,26,2.0,0.1,1.753440499305725,19.701633601961678,0.49237266182899475,0.5322611927986145
BSD68,27,2.0,0.1,1.4016286134719849,20.494172803143726,0.4378548562526703,0.6938929557800293
BSD68,28,2.0,0.1,1.4960455894470215,22.055262731502722,0.5366752743721008,0.516582727432251
BSD68,29,2.0,0.1,1.7884479761123657,21.594342662383234,0.6375051140785217,0.46374791860580444
BSD68,30,2.0,0.1,0.5857304334640503,21.697795803005846,0.614008903503418,0.5569329261779785
BSD68,31,2.0,0.1,0.2696256935596466,24.278973159759456,0.5702272057533264,0.6789307594299316
BSD68,32,2.0,0.1,1.9467922449111938,26.118114705081354,0.7678489685058594,0.44203466176986694
BSD68,33,2.0,0.1,1.486280918121338,18.776319818654652,0.42074501514434814,0.6484776139259338
BSD68,34,2.0,0.1,0.16795188188552856,23.703387891764585,0.5069461464881897,0.6058279275894165
BSD68,35,2.0,0.1,0.1199655830860138,21.870451006050843,0.3004014194011688,0.8039527535438538
BSD68,36,2.0,0.1,0.11827898770570755,20.612208976658124,0.3088077902793884,0.7216451168060303
BSD68,37,2.0,0.1,0.5935965180397034,21.40209191588463,0.6101180911064148,0.4746559262275696
BSD68,38,2.0,0.1,1.600502610206604,26.055575704268144,0.8015616536140442,0.2853837013244629
BSD68,39,2.0,0.1,0.10000000149011612,27.65713819845746,0.6817134022712708,0.4962593913078308
BSD68,40,2.0,0.1,1.4702705144882202,23.84205322608913,0.6313862800598145,0.5578153133392334
BSD68,41,2.0,0.1,1.4801238775253296,24.52141331306151,0.601360559463501,0.45982998609542847
BSD68,42,2.0,0.1,1.722786784172058,21.639723741908643,0.6331002116203308,0.3815106451511383
BSD68,43,2.0,0.1,1.5143134593963623,21.479058874710255,0.5737752914428711,0.587251603603363
BSD68,44,2.0,0.1,1.2229293584823608,23.344471082151156,0.6793166995048523,0.6008566617965698
BSD68,45,2.0,0.1,1.458221673965454,19.626867635449802,0.5072409510612488,0.5521881580352783
BSD68,46,2.0,0.1,0.915290355682373,23.310460641849254,0.44331178069114685,0.5676410794258118
BSD68,47,2.0,0.1,0.11376138031482697,27.05788004852537,0.7141688466072083,0.46706050634384155
BSD68,48,2.0,0.1,1.695906639099121,19.866424535030017,0.44837960600852966,0.7361282110214233
BSD68,49,2.0,0.1,0.10956631600856781,21.961321236945317,0.3839561939239502,0.7564455270767212
BSD68,50,2.0,0.1,1.4219738245010376,27.375382545227712,0.7871852517127991,0.3183085322380066
BSD68,51,2.0,0.1,1.541318416595459,22.907928972192547,0.605663537979126,0.5942277312278748
BSD68,52,2.0,0.1,0.1208692193031311,20.87339621247032,0.4345168173313141,0.7740801572799683
BSD68,53,2.0,0.1,1.0626553297042847,26.361305523204056,0.707662045955658,0.4274718463420868
BSD68,54,2.0,0.1,0.10000000149011612,27.992998068506022,0.7013013362884521,0.43014806509017944
BSD68,55,2.0,0.1,1.3995481729507446,21.485894013925424,0.5562713742256165,0.648863673210144
BSD68,56,2.0,0.1,1.6189368963241577,21.26523238993489,0.49893155694007874,0.4019058346748352
BSD68,57,2.0,0.1,0.8669854998588562,21.22888597556556,0.40697646141052246,0.6326777338981628
BSD68,58,2.0,0.1,1.0722874402999878,24.183390436006746,0.642615556716919,0.4773818850517273
BSD68,59,2.0,0.1,0.2953988015651703,28.26447575580201,0.7708004117012024,0.4907357096672058
BSD68,60,2.0,0.1,0.7222762703895569,25.48687517055063,0.6979939341545105,0.42762741446495056
BSD68,61,2.0,0.1,0.12108016759157181,27.072823321754683,0.6775795817375183,0.47361958026885986
BSD68,62,2.0,0.1,1.5915131568908691,24.107340298227523,0.6939266324043274,0.5084214210510254
BSD68,63,2.0,0.1,1.5653631687164307,20.163618589303447,0.6822733283042908,0.4867066442966461
BSD68,64,2.0,0.1,0.7186837196350098,20.668395139011903,0.40363016724586487,0.7388798594474792
BSD68,65,2.0,0.1,1.4963277578353882,21.378609246754266,0.4914434850215912,0.608643651008606
BSD68,66,2.0,0.1,1.964327096939087,22.256439576655467,0.6125481724739075,0.5040610432624817
BSD68,67,2.0,0.1,1.6629459857940674,21.70856025239964,0.6110221743583679,0.583795964717865
BSD68,0,3.0,0.01,2.027628183364868,25.84319912346697,0.8356397747993469,0.32171380519866943
BSD68,1,3.0,0.01,1.6071826219558716,21.14381703176082,0.3100530207157135,0.8712731003761292
BSD68,2,3.0,0.01,2.383413553237915,26.517553157532767,0.7296628355979919,0.3913658857345581
BSD68,3,3.0,0.01,2.12579083442688,21.070062948442015,0.5123497843742371,0.577984094619751
BSD68,4,3.0,0.01,2.072270393371582,20.013034617633103,0.4222327768802643,0.6383041739463806
BSD68,5,3.0,0.01,2.2599847316741943,19.495203333309664,0.4992727041244507,0.7414679527282715
BSD68,6,3.0,0.01,2.17292857170105,16.276304095616503,0.32728931307792664,0.796290397644043
BSD68,7,3.0,0.01,1.8994547128677368,16.82024255620881,0.2574629783630371,0.8661714792251587
BSD68,8,3.0,0.01,2.2178280353546143,21.02720604333921,0.39258861541748047,0.658091127872467
BSD68,9,3.0,0.01,2.4771578311920166,22.305117980931023,0.5909628868103027,0.4796678125858307
BSD68,10,3.0,0.01,2.29304838180542,20.76391171301197,0.4997932016849518,0.6807475090026855
BSD68,11,3.0,0.01,1.9909460544586182,22.548613086944833,0.4945557117462158,0.6082477569580078
BSD68,12,3.0,0.01,2.1408824920654297,21.77818136728534,0.5147579312324524,0.5707904100418091
BSD68,13,3.0,0.01,2.4539201259613037,24.29374009120422,0.6703336834907532,0.4132501482963562
BSD68,14,3.0,0.01,1.91165292263031,20.09650352856358,0.36032500863075256,0.6719679832458496
BSD68,15,3.0,0.01,2.033578395843506,21.551393187349102,0.39393672347068787,0.7720212340354919
BSD68,16,3.0,0.01,2.0347585678100586,20.472022434966117,0.48343148827552795,0.662344753742218
BSD68,17,3.0,0.01,1.80415678024292,22.860354809218606,0.4886488914489746,0.6344444751739502
BSD68,18,3.0,0.01,2.426873207092285,18.731110554301388,0.5094010233879089,0.5737259984016418
BSD68,19,3.0,0.01,1.9751323461532593,22.45803121354465,0.42222365736961365,0.7735462188720703
BSD68,20,3.0,0.01,2.24900221824646,22.033693174366583,0.637480616569519,0.5912147164344788
BSD68,21,3.0,0.01,2.136981725692749,21.479831072773663,0.5455434322357178,0.7007756233215332
BSD68,22,3.0,0.01,1.9214469194412231,17.606958735087673,0.28653302788734436,0.8178440928459167
BSD68,23,3.0,0.01,2.1786351203918457,23.822952590084142,0.6816797852516174,0.47725775837898254
BSD68,24,3.0,0.01,2.40403151512146,20.472096384293877,0.5603418946266174,0.5095189809799194
BSD68,25,3.0,0.01,2.47072696685791,20.350841077754758,0.6107569336891174,0.5755044221878052
BSD68,26,3.0,0.01,2.3791446685791016,18.35614888527108,0.3896922171115875,0.6199734807014465
BSD68,27,3.0,0.01,2.205601930618286,19.63674898313689,0.3723684549331665,0.775645911693573
BSD68,28,3.0,0.01,2.250413656234741,20.7189680219796,0.4351562559604645,0.6363909244537354
BSD68,29,3.0,0.01,2.3323559761047363,19.867664511340323,0.5300523638725281,0.5305352210998535
BSD68,30,3.0,0.01,1.9719160795211792,20.98899165394245,0.5596063733100891,0.6244194507598877
BSD68,31,3.0,0.01,1.871755838394165,23.454618854745625,0.5142900347709656,0.7130234837532043
BSD68,32,3.0,0.01,2.660310983657837,24.149674322584104,0.7340138554573059,0.5047171711921692
BSD68,33,3.0,0.01,2.051501989364624,17.653495570056922,0.3183525502681732,0.7544756531715393
BSD68,34,3.0,0.01,1.8217873573303223,22.890107546647656,0.4444037675857544,0.6421529054641724
BSD68,35,3.0,0.01,1.4017589092254639,21.362271010794906,0.2476959228515625,0.8611900806427002
BSD68,36,3.0,0.01,1.407923698425293,19.961194568632965,0.23400439321994781,0.7863988280296326
BSD68,37,3.0,0.01,1.8235971927642822,20.188729593392324,0.5217045545578003,0.5780234336853027
BSD68,38,3.0,0.01,2.402662754058838,24.056171619442978,0.7278438210487366,0.3353269696235657
BSD68,39,3.0,0.01,0.10000000149011612,26.810270773284,0.6517699360847473,0.5365140438079834
BSD68,40,3.0,0.01,2.3164045810699463,22.557175202942837,0.5649932026863098,0.6246558427810669
BSD68,41,3.0,0.01,2.383945941925049,23.45114077286659,0.5504705309867859,0.5257172584533691
BSD68,42,3.0,0.01,2.0419416427612305,19.591781394877533,0.5133100748062134,0.561565637588501
BSD68,43,3.0,0.01,2.3514013290405273,20.48798044764495,0.5067433714866638,0.654358983039856
BSD68,44,3.0,0.01,2.251542329788208,22.29245672366277,0.6270712018013,0.6453542113304138
BSD68,45,3.0,0.01,1.960500717163086,18.460304432303616,0.39524969458580017,0.6363094449043274
BSD68,46,3.0,0.01,2.364086389541626,23.112879155257424,0.41658905148506165,0.5846253037452698
BSD68,47,3.0,0.01,1.8096388578414917,26.3722851835392,0.6752199530601501,0.5693122744560242
BSD68,48,3.0,0.01,2.2420873641967773,18.83094512929624,0.37839722633361816,0.8022710084915161
BSD68,49,3.0,0.01,1.6603474617004395,21.39026869621128,0.32392314076423645,0.8059298992156982
BSD68,50,3.0,0.01,2.514040470123291,26.226719920733885,0.749171257019043,0.37239277362823486
BSD68,51,3.0,0.01,2.2568044662475586,21.593743941459408,0.5374412536621094,0.6296066045761108
BSD68,52,3.0,0.01,1.6032673120498657,20.58303659310458,0.3910718858242035,0.7852624654769897
BSD68,53,3.0,0.01,2.3752059936523438,25.684716596535534,0.6833861470222473,0.44370925426483154
BSD68,54,3.0,0.01,1.896679162979126,27.035926452014934,0.6652685403823853,0.46992388367652893
BSD68,55,3.0,0.01,2.105846881866455,20.250983142550645,0.46272239089012146,0.7411697506904602
BSD68,56,3.0,0.01,2.0831120014190674,19.592304981276282,0.400527685880661,0.5613734126091003
BSD68,57,3.0,0.01,2.055912971496582,20.4708195824912,0.34643808007240295,0.6830490827560425
BSD68,58,3.0,0.01,2.2593655586242676,23.376456712633246,0.6019367575645447,0.5210508108139038
BSD68,59,3.0,0.01,2.203078269958496,27.341796834728864,0.7386767864227295,0.508760392665863
BSD68,60,3.0,0.01,2.2500874996185303,24.247808807164255,0.6346335411071777,0.5030535459518433
BSD68,61,3.0,0.01,1.7685160636901855,26.14347519996202,0.6383858323097229,0.5232388973236084
BSD68,62,3.0,0.01,2.2498459815979004,22.7877548485465,0.6594300866127014,0.5294496417045593
BSD68,63,3.0,0.01,2.4476120471954346,19.606985914888643,0.6302338242530823,0.5291181206703186
BSD68,64,3.0,0.01,1.8832454681396484,19.87973323276348,0.3225454092025757,0.7901530861854553
BSD68,65,3.0,0.01,2.195068120956421,19.96049670948489,0.4076493978500366,0.6683621406555176
BSD68,66,3.0,0.01,2.3136844635009766,20.35479989598646,0.5248886942863464,0.5459043979644775
BSD68,67,3.0,0.01,2.4005320072174072,20.902958376534208,0.5587656497955322,0.6575859785079956
BSD68,0,3.0,0.05,1.3956793546676636,25.696193704655673,0.834818422794342,0.3257102072238922
BSD68,1,3.0,0.05,0.27196526527404785,21.062003488186576,0.3123629093170166,0.8755860924720764
BSD68,2,3.0,0.05,2.1727075576782227,26.47306373817886,0.7287843227386475,0.3955645263195038
BSD68,3,3.0,0.05,1.970035195350647,21.062214232318368,0.5133447051048279,0.5785067677497864
BSD68,4,3.0,0.05,1.924307942390442,19.987092491626324,0.4222075939178467,0.6399138569831848
BSD68,5,3.0,0.05,2.1786303520202637,19.49026901495271,0.5003184676170349,0.7396138310432434
BSD68,6,3.0,0.05,2.0883629322052,16.265895369244703,0.326651930809021,0.7984733581542969
BSD68,7,3.0,0.05,1.7308319807052612,16.82929483964783,0.25874266028404236,0.8642217516899109
BSD68,8,3.0,0.05,2.028988838195801,21.00272784010273,0.39307674765586853,0.657995343208313
BSD68,9,3.0,0.05,2.399627208709717,22.25698159479488,0.5901274085044861,0.48169195652008057
BSD68,10,3.0,0.05,2.180088996887207,20.73832746202332,0.4994080066680908,0.6802748441696167
BSD68,11,3.0,0.05,1.5462675094604492,22.518693400883187,0.4977327883243561,0.6183367371559143
BSD68,12,3.0,0.05,1.9421296119689941,21.74099861333112,0.5138993859291077,0.5721242427825928
BSD68,13,3.0,0.05,2.341146945953369,24.245751065280015,0.6709043383598328,0.4124743342399597
BSD68,14,3.0,0.05,1.5232166051864624,20.080143073579897,0.3605487644672394,0.6755528450012207
BSD68,15,3.0,0.05,1.6414347887039185,21.526788815404313,0.3944484293460846,0.7748578786849976
BSD68,16,3.0,0.05,1.7838107347488403,20.458276676975004,0.48379239439964294,0.667958676815033
BSD68,17,3.0,0.05,0.9907895922660828,22.781430624019706,0.48769593238830566,0.6418366432189941
BSD68,18,3.0,0.05,2.3777260780334473,18.697075978142593,0.5082501769065857,0.576867401599884
BSD68,19,3.0,0.05,1.469132423400879,22.389553135492424,0.4226093292236328,0.7880804538726807
BSD68,20,3.0,0.05,2.08058762550354,22.021620779920887,0.637150228023529,0.5931246876716614
BSD68,21,3.0,0.05,1.9256861209869385,21.44967261413248,0.5456251502037048,0.7013545036315918
BSD68,22,3.0,0.05,1.7010811567306519,17.59134259953996,0.28608372807502747,0.8225223422050476
BSD68,23,3.0,0.05,1.8351458311080933,23.75251534626187,0.6803796887397766,0.49293333292007446
BSD68,24,3.0,0.05,2.3413004875183105,20.445744793937163,0.5599064826965332,0.5095088481903076
BSD68,25,3.0,0.05,2.393378496170044,20.33388370809798,0.6098697781562805,0.5778458714485168
BSD68,26,3.0,0.05,2.3093206882476807,18.34625337023805,0.39003846049308777,0.627278208732605
BSD68,27,3.0,0.05,2.061716079711914,19.61745535667522,0.37146762013435364,0.7774427533149719
BSD68,28,3.0,0.05,2.138880968093872,20.70555308233321,0.4362630844116211,0.6369074583053589
BSD68,29,3.0,0.05,2.2744977474212646,19.849947399899776,0.5298047065734863,0.532065212726593
BSD68,30,3.0,0.05,1.5324283838272095,20.951140295629482,0.5576298236846924,0.6267480254173279
BSD68,31,3.0,0.05,1.0788038969039917,23.436139854370662,0.5154876112937927,0.7158823013305664
BSD68,32,3.0,0.05,2.642549991607666,24.10308513148844,0.7328726649284363,0.508682370185852
BSD68,33,3.0,0.05,1.926200270652771,17.636536370596453,0.31808722019195557,0.7560550570487976
BSD68,34,3.0,0.05,0.880678653717041,22.846808618873823,0.4468989670276642,0.6525149941444397
BSD68,35,3.0,0.05,0.10000000149011612,21.331794703137493,0.24776160717010498,0.8705081939697266
BSD68,36,3.0,0.05,0.17056536674499512,19.96457401729716,0.23686106503009796,0.791059672832489
BSD68,37,3.0,0.05,1.2771811485290527,20.251287410577167,0.5261839032173157,0.5738177299499512
BSD68,38,3.0,0.05,2.289578676223755,23.970552560705755,0.7262405753135681,0.34263619780540466
BSD68,39,3.0,0.05,0.10000000149011612,26.808667738902795,0.6510584950447083,0.5314367413520813
BSD68,40,3.0,0.05,2.194693088531494,22.517883349521885,0.5641017556190491,0.6288819909095764
BSD68,41,3.0,0.05,2.25253963470459,23.399419172077632,0.5509218573570251,0.5352901220321655
BSD68,42,3.0,0.05,1.9204483032226562,19.585352910483845,0.513699471950531,0.5607010126113892
BSD68,43,3.0,0.05,2.2517166137695312,20.473616682716962,0.5064697861671448,0.6548130512237549
BSD68,44,3.0,0.05,2.1037471294403076,22.251066580478607,0.6253778338432312,0.6529070138931274
BSD68,45,3.0,0.05,1.774096131324768,18.455790831818216,0.39613470435142517,0.6378224492073059
BSD68,46,3.0,0.05,2.187958002090454,23.074855358197187,0.4163585603237152,0.5871484875679016
BSD68,47,3.0,0.05,0.17003174126148224,25.975920094322802,0.672785758972168,0.5660500526428223
BSD68,48,3.0,0.05,2.1403400897979736,18.81404652240402,0.37846922874450684,0.8038958311080933
BSD68,49,3.0,0.05,0.48740923404693604,21.353120913474847,0.326578289270401,0.8117064237594604
BSD68,50,3.0,0.05,2.393205404281616,26.198933221440434,0.7490196228027344,0.3715173006057739
BSD68,51,3.0,0.05,2.1160125732421875,21.566955326746225,0.5379289388656616,0.6327929496765137
BSD68,52,3.0,0.05,0.17034730315208435,20.57457774752293,0.39471685886383057,0.789097249507904
BSD68,53,3.0,0.05,2.185953140258789,25.648401509293706,0.6825969219207764,0.444556325674057
BSD68,54,3.0,0.05,0.4270879924297333,26.97604877097322,0.6689713597297668,0.47545090317726135
BSD68,55,3.0,0.05,1.9307254552841187,20.236363142784516,0.4627915322780609,0.7415696382522583
BSD68,56,3.0,0.05,1.936072587966919,19.56994208631614,0.4007778465747833,0.5635716319084167
BSD68,57,3.0,0.05,1.7876722812652588,20.459056148357632,0.34650397300720215,0.6850907206535339
BSD68,58,3.0,0.05,2.0386364459991455,23.315757993725583,0.6010077595710754,0.5227944850921631
BSD68,59,3.0,0.05,1.6429506540298462,27.27466662804516,0.7392993569374084,0.5058196783065796
BSD68,60,3.0,0.05,1.978583574295044,24.20769912192444,0.6355053782463074,0.5075283646583557
BSD68,61,3.0,0.05,0.16853676736354828,26.133687247915272,0.6419026851654053,0.5309991836547852
BSD68,62,3.0,0.05,2.043184518814087,22.77883064964607,0.6595445275306702,0.5282170176506042
BSD68,63,3.0,0.05,2.3393235206604004,19.585422026872408,0.6289889812469482,0.5296913385391235
BSD68,64,3.0,0.05,1.4690136909484863,19.847571226205112,0.321260005235672,0.7953242659568787
BSD68,65,3.0,0.05,2.085548162460327,19.953472657930334,0.40793856978416443,0.6684525012969971
BSD68,66,3.0,0.05,2.2278170585632324,20.33084122046969,0.5236218571662903,0.5463865399360657
BSD68,67,3.0,0.05,2.33540940284729,20.884099430035775,0.5578932166099548,0.6594088673591614
BSD68,0,3.0,0.1,0.2845122218132019,25.42895890640746,0.8308958411216736,0.34023118019104004
BSD68,1,3.0,0.1,0.12284483015537262,21.04809840251789,0.31270289421081543,0.8742352724075317
BSD68,2,3.0,0.1,1.1486629247665405,25.988797717662067,0.7181039452552795,0.41811197996139526
BSD68,3,3.0,0.1,1.326867938041687,20.945239774951496,0.5116235613822937,0.5856502056121826
BSD68,4,3.0,0.1,1.2347984313964844,19.83989768290432,0.41880908608436584,0.648780107498169
BSD68,5,3.0,0.1,1.8109474182128906,19.42184623732837,0.5014510750770569,0.74091637134552
BSD68,6,3.0,0.1,1.82001531124115,16.23008633761374,0.3248198330402374,0.8047820925712585
BSD68,7,3.0,0.1,1.0252141952514648,16.82139839997583,0.2603095471858978,0.8603606224060059
BSD68,8,3.0,0.1,1.345314383506775,20.8798020994017,0.39191463589668274,0.6644590497016907
BSD68,9,3.0,0.1,2.103689670562744,22.048730367209455,0.5859782099723816,0.4890674948692322
BSD68,10,3.0,0.1,1.6627609729766846,20.599339841770256,0.4959779679775238,0.6803889274597168
BSD68,11,3.0,0.1,0.36050668358802795,22.388313596944677,0.4990147650241852,0.6414021253585815
BSD68,12,3.0,0.1,1.1029607057571411,21.53751517203062,0.5073058009147644,0.5793337225914001
BSD68,13,3.0,0.1,1.9204131364822388,23.97988678637396,0.6666560769081116,0.41441941261291504
BSD68,14,3.0,0.1,0.3814849555492401,20.028715806138916,0.3597658574581146,0.683344304561615
BSD68,15,3.0,0.1,0.40297073125839233,21.420490028746173,0.3941914737224579,0.7800134420394897
BSD68,16,3.0,0.1,0.7290870547294617,20.36797277394956,0.4818018972873688,0.6886119842529297
BSD68,17,3.0,0.1,0.12066852301359177,22.71374383855178,0.48623645305633545,0.6455104947090149
BSD68,18,3.0,0.1,2.249168634414673,18.612140644286846,0.5054275393486023,0.584540605545044
BSD68,19,3.0,0.1,0.2825174629688263,22.16989982822312,0.4203241765499115,0.8139702081680298
BSD68,20,3.0,0.1,1.2877967357635498,21.890033079350538,0.6323911547660828,0.604706883430481
BSD68,21,3.0,0.1,1.0678058862686157,21.296944065738515,0.5426697731018066,0.7106266021728516
BSD68,22,3.0,0.1,0.8355481028556824,17.503037002156493,0.2826896607875824,0.8372082114219666
BSD68,23,3.0,0.1,0.6794155836105347,23.402276565305876,0.6681411862373352,0.5299288034439087
BSD68,24,3.0,0.1,2.053838014602661,20.3250729852715,0.5571832060813904,0.5122709274291992
BSD68,25,3.0,0.1,2.0836868286132812,20.237738594654623,0.6043348908424377,0.5857723951339722
BSD68,26,3.0,0.1,2.089385747909546,18.30682486371712,0.3919340670108795,0.6474608778953552
BSD68,27,3.0,0.1,1.4661588668823242,19.50794127032772,0.36641573905944824,0.7872246503829956
BSD68,28,3.0,0.1,1.6631488800048828,20.629741095449063,0.43945398926734924,0.6389197707176208
BSD68,29,3.0,0.1,2.0179898738861084,19.742563596167503,0.5278651714324951,0.5386205911636353
BSD68,30,3.0,0.1,0.33258265256881714,20.810878268130747,0.5486981272697449,0.6408602595329285
BSD68,31,3.0,0.1,0.16760894656181335,23.409734907218144,0.515380322933197,0.717583417892456
BSD68,32,3.0,0.1,2.517345905303955,23.788397157538654,0.7269573211669922,0.5244656801223755
BSD68,33,3.0,0.1,1.3492575883865356,17.549430139643096,0.31557711958885193,0.7601607441902161
BSD68,34,3.0,0.1,0.10032594203948975,22.813840804649644,0.44760164618492126,0.6579105854034424
BSD68,35,3.0,0.1,0.10000000149011612,21.33597163795267,0.2485419511795044,0.8682629466056824
BSD68,36,3.0,0.1,0.12157310545444489,19.968245986721232,0.2374313622713089,0.7886558771133423
BSD68,37,3.0,0.1,0.2849116623401642,20.18162249214562,0.5249719619750977,0.5752667188644409
BSD68,38,3.0,0.1,1.8686003684997559,23.671836361546227,0.7209656238555908,0.36848199367523193
BSD68,39,3.0,0.1,0.10000000149011612,26.803473705633202,0.6493044495582581,0.52268385887146
BSD68,40,3.0,0.1,1.6670931577682495,22.335458943869728,0.5611216425895691,0.642816960811615
BSD68,41,3.0,0.1,1.6523593664169312,23.084591609251255,0.5472577214241028,0.5840945839881897
BSD68,42,3.0,0.1,1.3285759687423706,19.52211175873662,0.5126327872276306,0.5664377212524414
BSD68,43,3.0,0.1,1.7688722610473633,20.407655547104145,0.5045626759529114,0.6585056781768799
BSD68,44,3.0,0.1,1.4084025621414185,21.948268122566,0.6095040440559387,0.6993309259414673
BSD68,45,3.0,0.1,0.991698682308197,18.4096277441064,0.3966306149959564,0.6466657519340515
BSD68,46,3.0,0.1,1.4262052774429321,22.791934964294587,0.4106696844100952,0.5968683362007141
BSD68,47,3.0,0.1,0.1219252347946167,25.971524311309015,0.6726713180541992,0.5655754208564758
BSD68,48,3.0,0.1,1.7297056913375854,18.73262168334932,0.37796786427497864,0.811553955078125
BSD68,49,3.0,0.1,0.10998065024614334,21.34378943359351,0.32725849747657776,0.8076123595237732
BSD68,50,3.0,0.1,1.9497668743133545,25.969117439150363,0.743614137172699,0.3710120618343353
BSD68,51,3.0,0.1,1.531314730644226,21.38536477597226,0.5349744558334351,0.6429673433303833
BSD68,52,3.0,0.1,0.11971709132194519,20.571724571601525,0.39504507184028625,0.7889819145202637
BSD68,53,3.0,0.1,1.402899146080017,25.160380314209057,0.6676828861236572,0.4521406590938568
BSD68,54,3.0,0.1,0.12190380692481995,26.934118562907344,0.6691162586212158,0.47650736570358276
BSD68,55,3.0,0.1,1.2347222566604614,20.140760447191973,0.4619026184082031,0.7495496273040771
BSD68,56,3.0,0.1,1.257662057876587,19.43499620487267,0.3989746570587158,0.5815503597259521
BSD68,57,3.0,0.1,0.7494707703590393,20.390955484299766,0.34639906883239746,0.6927670240402222
BSD68,58,3.0,0.1,1.0851998329162598,23.02375163747261,0.5954023003578186,0.529694676399231
BSD68,59,3.0,0.1,0.30587947368621826,26.753183874116075,0.7308449149131775,0.5167465209960938
BSD68,60,3.0,0.1,0.9342934489250183,23.90975770605152,0.6306117177009583,0.5243430137634277
BSD68,61,3.0,0.1,0.1214161291718483,26.132639564328578,0.6419105529785156,0.5295083522796631
BSD68,62,3.0,0.1,1.195612907409668,22.597996084909756,0.6551744341850281,0.5247682332992554
BSD68,63,3.0,0.1,1.9398877620697021,19.48298521519987,0.6227591037750244,0.5347964763641357
BSD68,64,3.0,0.1,0.3473820090293884,19.748031386579676,0.3179434835910797,0.7993792295455933
BSD68,65,3.0,0.1,1.5419914722442627,19.87548518177467,0.40710482001304626,0.6773675680160522
BSD68,66,3.0,0.1,1.969368815422058,20.240247566707485,0.5192407965660095,0.5492294430732727
BSD68,67,3.0,0.1,2.0344021320343018,20.761195544940072,0.5523281097412109,0.6738147735595703
BSD68,0,4.0,0.01,2.101576089859009,24.547351821691908,0.8036254048347473,0.3713687062263489
BSD68,1,4.0,0.01,1.9308466911315918,20.839463921944116,0.2929493486881256,0.8828755021095276
BSD68,2,4.0,0.01,2.645876169204712,25.346353466910134,0.6962576508522034,0.42027515172958374
BSD68,3,4.0,0.01,2.320981740951538,20.037425360799652,0.44927239418029785,0.609638512134552
BSD68,4,4.0,0.01,2.2406885623931885,19.04244572012333,0.35755062103271484,0.6835365891456604
BSD68,5,4.0,0.01,2.4813339710235596,18.376201225221863,0.43177369236946106,0.8283160328865051
BSD68,6,4.0,0.01,2.380906581878662,15.58853553241056,0.2632594108581543,0.8536580204963684
BSD68,7,4.0,0.01,1.9776722192764282,16.171593278604192,0.18545348942279816,0.9301701784133911
BSD68,8,4.0,0.01,2.469698905944824,20.109039958733526,0.3399011194705963,0.7062225937843323
BSD68,9,4.0,0.01,2.668447494506836,20.93015539851283,0.5395992398262024,0.534453809261322
BSD68,10,4.0,0.01,2.542379379272461,19.979689160345334,0.4579998552799225,0.7011989951133728
BSD68,11,4.0,0.01,2.2128872871398926,21.643975049033735,0.4411015212535858,0.6947075724601746
BSD68,12,4.0,0.01,2.3781895637512207,20.7589425208141,0.4491001069545746,0.6006386876106262
BSD68,13,4.0,0.01,2.5914387702941895,22.647648667828687,0.6057621240615845,0.4634760022163391
BSD68,14,4.0,0.01,2.006072521209717,19.496631304228487,0.320308655500412,0.7255624532699585
BSD68,15,4.0,0.01,2.2036049365997314,20.86865887875129,0.36007997393608093,0.7825562357902527
BSD68,16,4.0,0.01,2.2990081310272217,19.785523091926446,0.4374685287475586,0.6973389387130737
BSD68,17,4.0,0.01,2.002775192260742,22.100681554346625,0.4476868808269501,0.6984314322471619
BSD68,18,4.0,0.01,2.4354708194732666,16.903205697389204,0.41780611872673035,0.674278199672699
BSD68,19,4.0,0.01,2.232504367828369,21.706469334954875,0.37792325019836426,0.8217496275901794
BSD68,20,4.0,0.01,2.5000932216644287,21.194560142581004,0.6037020683288574,0.6234736442565918
BSD68,21,4.0,0.01,2.3176097869873047,20.541064674374347,0.499530553817749,0.7256892323493958
BSD68,22,4.0,0.01,2.07777738571167,16.964702469099542,0.22589142620563507,0.8790669441223145
BSD68,23,4.0,0.01,2.4405715465545654,22.949056946944264,0.6425376534461975,0.5296646356582642
BSD68,24,4.0,0.01,2.5939300060272217,19.189466984959985,0.49980512261390686,0.5503696203231812
BSD68,25,4.0,0.01,2.702845335006714,19.59699429782968,0.5684580206871033,0.6134876608848572
BSD68,26,4.0,0.01,2.574021339416504,17.402727062480153,0.32835862040519714,0.6879589557647705
BSD68,27,4.0,0.01,2.446582078933716,18.840865931133084,0.3181796073913574,0.8127458691596985
BSD68,28,4.0,0.01,2.4776182174682617,19.801464254305927,0.3920126259326935,0.6852697730064392
BSD68,29,4.0,0.01,2.5733137130737305,18.47907522252139,0.4453338384628296,0.6012997627258301
BSD68,30,4.0,0.01,2.1992814540863037,20.428070264041366,0.5217218399047852,0.6823102831840515
BSD68,31,4.0,0.01,2.0988433361053467,22.811501857046473,0.47789159417152405,0.705733597278595
BSD68,32,4.0,0.01,2.9492437839508057,21.654142630542363,0.6862061023712158,0.5905892848968506
BSD68,33,4.0,0.01,2.2501728534698486,16.879257090271615,0.2592279016971588,0.8299527764320374
BSD68,34,4.0,0.01,2.0675230026245117,22.297318268732724,0.4113387167453766,0.6687545776367188
BSD68,35,4.0,0.01,1.5907052755355835,20.975107902945602,0.21700821816921234,0.8993818759918213
BSD68,36,4.0,0.01,1.593146800994873,19.581808494131423,0.19921426475048065,0.8365446329116821
BSD68,37,4.0,0.01,2.1815574169158936,19.74960567734824,0.49451935291290283,0.5940413475036621
BSD68,38,4.0,0.01,2.639611005783081,22.317139361402635,0.6563685536384583,0.3993910253047943
BSD68,39,4.0,0.01,0.10000000149011612,26.507829165361922,0.6404926776885986,0.5774256587028503
BSD68,40,4.0,0.01,2.546191692352295,21.349643748317426,0.5092267990112305,0.6934558153152466
BSD68,41,4.0,0.01,2.5726583003997803,22.243929749111064,0.5082001090049744,0.6216433644294739
BSD68,42,4.0,0.01,2.0973291397094727,18.4192441743123,0.4273330271244049,0.648239016532898
BSD68,43,4.0,0.01,2.579026460647583,19.69383683901394,0.4581315219402313,0.7001463174819946
BSD68,44,4.0,0.01,2.506466865539551,21.233649033071757,0.5739232897758484,0.7115654349327087
BSD68,45,4.0,0.01,2.0905895233154297,17.737660162554736,0.3359270989894867,0.7035578489303589
BSD68,46,4.0,0.01,2.665487051010132,22.687895609622988,0.3986797630786896,0.5995515584945679
BSD68,47,4.0,0.01,2.0751078128814697,25.646374594801497,0.6527230739593506,0.6116639375686646
BSD68,48,4.0,0.01,2.401174306869507,17.919632971681956,0.3269672095775604,0.8518524169921875
BSD68,49,4.0,0.01,1.8909238576889038,20.938796454628623,0.2902681529521942,0.8134534358978271
BSD68,50,4.0,0.01,2.8007211685180664,25.13095758762716,0.7138452529907227,0.3934730887413025
BSD68,51,4.0,0.01,2.4825470447540283,20.500881445621125,0.48552075028419495,0.6805574893951416
BSD68,52,4.0,0.01,1.8754369020462036,20.34937892994524,0.36757656931877136,0.7974182963371277
BSD68,53,4.0,0.01,2.696945905685425,24.907335365110402,0.6613790988922119,0.44895410537719727
BSD68,54,4.0,0.01,2.1193041801452637,26.21052473288178,0.6409087777137756,0.4928300678730011
BSD68,55,4.0,0.01,2.2745227813720703,19.318339244895704,0.3982548415660858,0.7906660437583923
BSD68,56,4.0,0.01,2.187547206878662,18.552771487769352,0.3368918001651764,0.6496256589889526
BSD68,57,4.0,0.01,2.3085997104644775,19.886500626349246,0.31053072214126587,0.7095004320144653
BSD68,58,4.0,0.01,2.469799757003784,22.438059018450037,0.5671186447143555,0.5441229939460754
BSD68,59,4.0,0.01,2.2894883155822754,26.079409709611504,0.7028824687004089,0.5206846594810486
BSD68,60,4.0,0.01,2.4779253005981445,23.15896637777029,0.5923274159431458,0.5617341995239258
BSD68,61,4.0,0.01,1.9787523746490479,25.53454643809449,0.6193775534629822,0.5606976747512817
BSD68,62,4.0,0.01,2.3861753940582275,21.85563715691242,0.6297630667686462,0.5297919511795044
BSD68,63,4.0,0.01,2.6300435066223145,18.922771435956953,0.5771007537841797,0.5695237517356873
BSD68,64,4.0,0.01,2.068333148956299,19.20081726943416,0.26475760340690613,0.8286373019218445
BSD68,65,4.0,0.01,2.408970594406128,19.01930092115086,0.3543475568294525,0.711868405342102
BSD68,66,4.0,0.01,2.435950517654419,18.843936044125286,0.44138458371162415,0.5966767072677612
BSD68,67,4.0,0.01,2.6677818298339844,20.09861814384266,0.5164599418640137,0.7101332545280457
BSD68,0,4.0,0.05,0.6890668272972107,24.295695087253222,0.8015134334564209,0.3815877139568329
BSD68,1,4.0,0.05,0.16790038347244263,20.67633130793638,0.2925126850605011,0.8843424916267395
BSD68,2,4.0,0.05,2.192924737930298,25.180978459806642,0.6919054388999939,0.42667317390441895
BSD68,3,4.0,0.05,1.9820709228515625,19.97026088850933,0.44795146584510803,0.6179186701774597
BSD68,4,4.0,0.05,1.8664077520370483,18.977228540444216,0.3563230037689209,0.6886721253395081
BSD68,5,4.0,0.05,2.302579164505005,18.332723457351115,0.43160542845726013,0.8305171728134155
BSD68,6,4.0,0.05,2.224402904510498,15.559292302448515,0.2616645395755768,0.8591652512550354
BSD68,7,4.0,0.05,1.4589875936508179,16.140635249555867,0.18374596536159515,0.9380947351455688
BSD68,8,4.0,0.05,2.191493511199951,20.056721027407235,0.33916473388671875,0.7080704569816589
BSD68,9,4.0,0.05,2.5344974994659424,20.82661781999839,0.536694347858429,0.5397669076919556
BSD68,10,4.0,0.05,2.309333086013794,19.90026239834781,0.4556215703487396,0.7019979953765869
BSD68,11,4.0,0.05,1.4689878225326538,21.55991563023418,0.4423905611038208,0.7068359851837158
BSD68,12,4.0,0.05,2.0135498046875,20.695490755454493,0.4479794502258301,0.6069737672805786
BSD68,13,4.0,0.05,2.3815362453460693,22.48460965800423,0.599753201007843,0.4711996018886566
BSD68,14,4.0,0.05,0.9113333821296692,19.447300312357555,0.3187478482723236,0.740386962890625
BSD68,15,4.0,0.05,1.2484407424926758,20.7945952197611,0.359373539686203,0.7914144992828369
BSD68,16,4.0,0.05,1.735857367515564,19.734853265414827,0.43585777282714844,0.7104350328445435
BSD68,17,4.0,0.05,0.5233544111251831,22.002671325235497,0.44556498527526855,0.7061308026313782
BSD68,18,4.0,0.05,2.3350272178649902,16.847510227141274,0.4150331914424896,0.6804202795028687
BSD68,19,4.0,0.05,1.3416106700897217,21.57203303957301,0.3768795430660248,0.8410859704017639
BSD68,20,4.0,0.05,2.16691255569458,21.14628626686863,0.6023125648498535,0.6274908781051636
BSD68,21,4.0,0.05,1.9013093709945679,20.471105387573743,0.4978121817111969,0.7301212549209595
BSD68,22,4.0,0.05,1.4939192533493042,16.924405474333824,0.22557973861694336,0.883912205696106
BSD68,23,4.0,0.05,1.8157196044921875,22.78237694375109,0.6361069083213806,0.5483881235122681
BSD68,24,4.0,0.05,2.4594478607177734,19.122270392863268,0.4977912902832031,0.5530261397361755
BSD68,25,4.0,0.05,2.5572500228881836,19.52687746761134,0.5647915601730347,0.6169588565826416
BSD68,26,4.0,0.05,2.4638688564300537,17.404647342617555,0.3302794098854065,0.7049683332443237
BSD68,27,4.0,0.05,2.1654274463653564,18.80538249644146,0.31669238209724426,0.8161721229553223
BSD68,28,4.0,0.05,2.262927532196045,19.758536943671338,0.39217495918273926,0.6871531009674072
BSD68,29,4.0,0.05,2.4455602169036865,18.441160722980865,0.44451555609703064,0.6038041710853577
BSD68,30,4.0,0.05,1.2927278280258179,20.326021617907518,0.5162985920906067,0.6906155347824097
BSD68,31,4.0,0.05,0.8423601388931274,22.742345561615643,0.4761546552181244,0.7081335783004761
BSD68,32,4.0,0.05,2.8920812606811523,21.4970429510169,0.6852146983146667,0.6009917855262756
BSD68,33,4.0,0.05,1.9646095037460327,16.848307272587913,0.25846806168556213,0.8337687849998474
BSD68,34,4.0,0.05,0.6727381944656372,22.19598663095215,0.4112676680088043,0.6916087865829468
BSD68,35,4.0,0.05,0.10000000149011612,20.94612431700382,0.2169029861688614,0.9062064290046692
BSD68,36,4.0,0.05,0.10000000149011612,19.564800319736623,0.19937385618686676,0.8430337309837341
BSD68,37,4.0,0.05,1.166666030883789,19.69578830040056,0.49398985505104065,0.5975857973098755
BSD68,38,4.0,0.05,2.4409520626068115,22.193467468761177,0.6525812745094299,0.40834763646125793
BSD68,39,4.0,0.05,0.10000000149011612,26.504596887002872,0.6395958065986633,0.5681874752044678
BSD68,40,4.0,0.05,2.3000380992889404,21.277282975153945,0.5075526833534241,0.6980900764465332
BSD68,41,4.0,0.05,2.309985399246216,22.108117622872765,0.5063605904579163,0.6382365226745605
BSD68,42,4.0,0.05,1.6659836769104004,18.398872837255972,0.4277491867542267,0.6491432785987854
BSD68,43,4.0,0.05,2.3817760944366455,19.663652868858957,0.4573173522949219,0.7019776701927185
BSD68,44,4.0,0.05,2.213346004486084,21.120400522821935,0.5677387714385986,0.7312072515487671
BSD68,45,4.0,0.05,1.5256181955337524,17.71513775870404,0.3363606929779053,0.7078400254249573
BSD68,46,4.0,0.05,2.373943328857422,22.569016666205528,0.39613330364227295,0.6042095422744751
BSD68,47,4.0,0.05,0.1686287522315979,25.217792729352038,0.6484425067901611,0.6131822466850281
BSD68,48,4.0,0.05,2.2153077125549316,17.883100955099597,0.32644811272621155,0.8565981984138489
BSD68,49,4.0,0.05,0.17056414484977722,20.86386107345377,0.2903846800327301,0.824638843536377
BSD68,50,4.0,0.05,2.586665391921997,24.966239893893068,0.7092695236206055,0.3949940800666809
BSD68,51,4.0,0.05,2.229428768157959,20.427187441094354,0.4843427240848541,0.6828739643096924
BSD68,52,4.0,0.05,0.17037761211395264,20.31920270015909,0.37112006545066833,0.7989975810050964
BSD68,53,4.0,0.05,2.3906168937683105,24.754535615846045,0.656606137752533,0.45178914070129395
BSD68,54,4.0,0.05,0.1693965047597885,26.073423171891065,0.6424657702445984,0.5082445740699768
BSD68,55,4.0,0.05,1.9548386335372925,19.27337677005251,0.39716434478759766,0.7945919632911682
BSD68,56,4.0,0.05,1.7486411333084106,18.504225133933954,0.3368575870990753,0.655532717704773
BSD68,57,4.0,0.05,1.7612090110778809,19.83519070972054,0.30917564034461975,0.712967038154602
BSD68,58,4.0,0.05,2.04978609085083,22.332858629253444,0.5655539035797119,0.5481913089752197
BSD68,59,4.0,0.05,1.1394751071929932,25.83577690777451,0.6995869278907776,0.5230143070220947
BSD68,60,4.0,0.05,2.010878324508667,23.041121246243172,0.5908586978912354,0.5690173506736755
BSD68,61,4.0,0.05,0.17001749575138092,25.45257361631274,0.6204126477241516,0.572848916053772
BSD68,62,4.0,0.05,1.8994700908660889,21.757634496496298,0.6272321939468384,0.5276243686676025
BSD68,63,4.0,0.05,2.438546895980835,18.858996400952343,0.5732309222221375,0.5745823383331299
BSD68,64,4.0,0.05,1.1996867656707764,19.145565018026456,0.2633809745311737,0.8300226330757141
BSD68,65,4.0,0.05,2.1859219074249268,18.98524800213604,0.3537616729736328,0.7157208919525146
BSD68,66,4.0,0.05,2.2662994861602783,18.785054116101794,0.43823012709617615,0.6028194427490234
BSD68,67,4.0,0.05,2.529958963394165,20.025335321914316,0.5131597518920898,0.7149736881256104
BSD68,0,4.0,0.1,0.12055263668298721,24.237700995477272,0.7994933128356934,0.38813459873199463
BSD68,1,4.0,0.1,0.11905910819768906,20.670291568848693,0.2926216125488281,0.8822851777076721
BSD68,2,4.0,0.1,0.6426810026168823,24.298085662163274,0.6705179214477539,0.45699170231819153
BSD68,3,4.0,0.1,0.8313514590263367,19.679580404074418,0.4379425048828125,0.6506223082542419
BSD68,4,4.0,0.1,0.6303143501281738,18.802104669746512,0.35145965218544006,0.7067595720291138
BSD68,5,4.0,0.1,1.5841748714447021,18.147408847191812,0.4285774528980255,0.8402433395385742
BSD68,6,4.0,0.1,1.6062631607055664,15.4334706125944,0.2559444010257721,0.8784997463226318
BSD68,7,4.0,0.1,0.28295934200286865,16.08584710514907,0.18031592667102814,0.9476954340934753
BSD68,8,4.0,0.1,1.1326713562011719,19.86623627474181,0.33468863368034363,0.7186910510063171
BSD68,9,4.0,0.1,1.921155571937561,20.367095039820722,0.5211434960365295,0.5579409003257751
BSD68,10,4.0,0.1,1.3301321268081665,19.56699225830693,0.4431854486465454,0.7074856758117676
BSD68,11,4.0,0.1,0.28327253460884094,21.454488597386607,0.4426597058773041,0.7162160277366638
BSD68,12,4.0,0.1,0.6957669258117676,20.419521393876032,0.43948855996131897,0.6278133988380432
BSD68,13,4.0,0.1,1.4713189601898193,21.921802685931592,0.5925359129905701,0.4884797930717468
BSD68,14,4.0,0.1,0.10000000149011612,19.42677852591777,0.3177165389060974,0.7428156733512878
BSD68,15,4.0,0.1,0.16803741455078125,20.735113174151444,0.35920724272727966,0.7973787188529968
BSD68,16,4.0,0.1,0.3258591890335083,19.64054034467603,0.4324207305908203,0.727050244808197
BSD68,17,4.0,0.1,0.12181174755096436,21.98899794862852,0.44495710730552673,0.7017725706100464
BSD68,18,4.0,0.1,1.905252456665039,16.598728147654786,0.4021955728530884,0.7030559182167053
BSD68,19,4.0,0.1,0.16935910284519196,21.406357173235094,0.3740668296813965,0.8530542850494385
BSD68,20,4.0,0.1,0.8774188756942749,20.91738683424805,0.5938270092010498,0.6384797096252441
BSD68,21,4.0,0.1,0.5188608765602112,20.282810383844847,0.4912388324737549,0.7500858902931213
BSD68,22,4.0,0.1,0.2793580889701843,16.84447605973166,0.22405880689620972,0.888597309589386
BSD68,23,4.0,0.1,0.3368290066719055,22.439696574415162,0.6227009296417236,0.5692683458328247
BSD68,24,4.0,0.1,1.8709485530853271,18.86620459944282,0.4903373718261719,0.5641443133354187
BSD68,25,4.0,0.1,1.9348385334014893,19.187650052636883,0.5488710999488831,0.6344039440155029
BSD68,26,4.0,0.1,2.0091254711151123,17.30769621495131,0.32856786251068115,0.7244418263435364
BSD68,27,4.0,0.1,1.0382916927337646,18.644583881894164,0.30928924679756165,0.829779326915741
BSD68,28,4.0,0.1,1.288639783859253,19.531510065624673,0.3903665542602539,0.6955782771110535
BSD68,29,4.0,0.1,1.8852851390838623,18.235352635120986,0.43944287300109863,0.6167504787445068
BSD68,30,4.0,0.1,0.16987474262714386,20.2040333773369,0.5082178711891174,0.6995537877082825
BSD68,31,4.0,0.1,0.10000000149011612,22.72695378953354,0.47562894225120544,0.7079188823699951
BSD68,32,4.0,0.1,2.6221415996551514,20.811032807543413,0.6795621514320374,0.6220065951347351
BSD68,33,4.0,0.1,0.847511887550354,16.724082639407772,0.25406932830810547,0.8457568883895874
BSD68,34,4.0,0.1,0.1182548776268959,22.17576532417172,0.41148388385772705,0.6945693492889404
BSD68,35,4.0,0.1,0.10000000149011612,20.949710090957254,0.21743492782115936,0.903348982334137
BSD68,36,4.0,0.1,0.10000000149011612,19.56871137444318,0.19985871016979218,0.8396112322807312
BSD68,37,4.0,0.1,0.12449277937412262,19.61708389643357,0.49106845259666443,0.6023724675178528
BSD68,38,4.0,0.1,1.598225474357605,21.727462479263842,0.6360190510749817,0.4446074366569519
BSD68,39,4.0,0.1,0.10000000149011612,26.49659665416385,0.6374046802520752,0.552588701248169
BSD68,40,4.0,0.1,1.2769081592559814,20.941637090138133,0.49917447566986084,0.7130125761032104
BSD68,41,4.0,0.1,1.2689275741577148,21.658281278793353,0.4980512857437134,0.69331294298172
BSD68,42,4.0,0.1,0.4078161120414734,18.333002570430384,0.4255782663822174,0.6545456051826477
BSD68,43,4.0,0.1,1.4975320100784302,19.514613805920817,0.452136754989624,0.7110582590103149
BSD68,44,4.0,0.1,1.0372564792633057,20.663964242380533,0.5426970720291138,0.7751927375793457
BSD68,45,4.0,0.1,0.28297632932662964,17.64859624951514,0.33422669768333435,0.715549647808075
BSD68,46,4.0,0.1,1.1617447137832642,21.800441948189313,0.38043567538261414,0.6271692514419556
BSD68,47,4.0,0.1,0.11644542962312698,25.217046755291847,0.6483610272407532,0.6126382946968079
BSD68,48,4.0,0.1,1.317167043685913,17.69489865666179,0.32316720485687256,0.8737048506736755
BSD68,49,4.0,0.1,0.12253864854574203,20.865874943310097,0.2907734811306,0.8209773302078247
BSD68,50,4.0,0.1,1.6080611944198608,23.732361434220124,0.6724700927734375,0.4151916205883026
BSD68,51,4.0,0.1,1.174044132232666,20.05778782997233,0.47145700454711914,0.6967470645904541
BSD68,52,4.0,0.1,0.10000000149011612,20.315454070403153,0.371048241853714,0.798909604549408
BSD68,53,4.0,0.1,1.239203929901123,23.48191884886181,0.6142113208770752,0.48311617970466614
BSD68,54,4.0,0.1,0.10000000149011612,26.065310360631955,0.6427030563354492,0.5088883638381958
BSD68,55,4.0,0.1,0.7394332885742188,19.093923543117437,0.3919479548931122,0.810992956161499
BSD68,56,4.0,0.1,0.4515368342399597,18.361065591676578,0.3350062668323517,0.6719459891319275
BSD68,57,4.0,0.1,0.38318029046058655,19.73152086777874,0.3066364824771881,0.7197238802909851
BSD68,58,4.0,0.1,0.5887934565544128,21.909735553555592,0.554243266582489,0.5657281279563904
BSD68,59,4.0,0.1,0.11800624430179596,25.505025250660918,0.6929750442504883,0.531024694442749
BSD68,60,4.0,0.1,0.5437167286872864,22.654952869974068,0.5811851620674133,0.5834450125694275
BSD68,61,4.0,0.1,0.10000000149011612,25.44678476602856,0.6201091408729553,0.5716313719749451
BSD68,62,4.0,0.1,0.407238245010376,21.45559290676058,0.6169235706329346,0.5376632213592529
BSD68,63,4.0,0.1,1.588788390159607,18.590344057910063,0.5561482310295105,0.5959181785583496
BSD68,64,4.0,0.1,0.16986845433712006,19.09307463073192,0.2622475326061249,0.8292129635810852
BSD68,65,4.0,0.1,1.1702265739440918,18.759168781434003,0.34617772698402405,0.7501235008239746
BSD68,66,4.0,0.1,1.5876332521438599,18.53093585231312,0.42532968521118164,0.6214860677719116
BSD68,67,4.0,0.1,1.8634178638458252,19.554335707066926,0.4931744635105133,0.7420072555541992
Set12,0,0.5,0.01,1.1851571798324585,25.43880411213941,0.8043190836906433,0.188089981675148
Set12,1,0.5,0.01,0.9815487861633301,28.83445579454574,0.8823094964027405,0.13893288373947144
Set12,2,0.5,0.01,1.2880064249038696,24.775277429609037,0.8187127709388733,0.23163336515426636
Set12,3,0.5,0.01,1.027783751487732,23.919453185903173,0.7371719479560852,0.4361552298069
Set12,4,0.5,0.01,1.4234312772750854,22.59981909410946,0.796064555644989,0.22021320462226868
Set12,5,0.5,0.01,1.2288188934326172,24.0887424619989,0.7650570869445801,0.36476659774780273
Set12,6,0.5,0.01,1.2041399478912354,23.970443577895182,0.7993534207344055,0.2344481199979782
Set12,7,0.5,0.01,1.192251205444336,26.447023843865225,0.8141834735870361,0.20957204699516296
Set12,8,0.5,0.01,1.2981632947921753,25.156889634188225,0.7963911890983582,0.29974228143692017
Set12,9,0.5,0.01,1.3111096620559692,24.20466306923405,0.6423747539520264,0.5473344326019287
Set12,10,0.5,0.01,0.9245002269744873,25.66754026524081,0.7358673214912415,0.32667118310928345
Set12,11,0.5,0.01,0.7831247448921204,25.341081391563726,0.691277801990509,0.4290384352207184
Set12,0,0.5,0.05,1.1735166311264038,25.46886047133899,0.8053562045097351,0.187967449426651
Set12,1,0.5,0.05,0.9290105700492859,28.97146940643288,0.8849327564239502,0.1342674344778061
Set12,2,0.5,0.05,1.263942837715149,24.836272000503754,0.8206479549407959,0.22919996082782745
Set12,3,0.5,0.05,1.0125161409378052,23.97106976179039,0.7390536665916443,0.4360928535461426
Set12,4,0.5,0.05,1.4135061502456665,22.615880253201006,0.7968242168426514,0.2207627147436142
Set12,5,0.5,0.05,1.2129942178726196,24.138651747363582,0.7660725116729736,0.3633541464805603
Set12,6,0.5,0.05,1.1990872621536255,23.999748242358365,0.7995355129241943,0.23384150862693787
Set12,7,0.5,0.05,1.1739637851715088,26.468049047258898,0.814739465713501,0.20827649533748627
Set12,8,0.5,0.05,1.280840516090393,25.200187132060048,0.797758162021637,0.2980812191963196
Set12,9,0.5,0.05,1.2813210487365723,24.364879259104733,0.6458746790885925,0.5492223501205444
Set12,10,0.5,0.05,0.8896636366844177,25.71306944214783,0.7383133769035339,0.32470858097076416
Set12,11,0.5,0.05,0.7123205661773682,25.418404245218213,0.6965140700340271,0.42396196722984314
Set12,0,0.5,0.1,1.1187691688537598,25.595713701006957,0.8080213665962219,0.18703876435756683
Set12,1,0.5,0.1,0.7719818353652954,29.42387260492934,0.8920335173606873,0.12336385250091553
Set12,2,0.5,0.1,1.201244831085205,24.98302170861453,0.824785053730011,0.2232690155506134
Set12,3,0.5,0.1,0.9317343831062317,24.536388647013787,0.7569149136543274,0.41087016463279724
Set12,4,0.5,0.1,1.394661545753479,22.65502591816358,0.7983377575874329,0.22077322006225586
Set12,5,0.5,0.1,1.1623543500900269,24.257642101014696,0.7689223289489746,0.35878849029541016
Set12,6,0.5,0.1,1.1775509119033813,24.09269297174726,0.8007038235664368,0.23027236759662628
Set12,7,0.5,0.1,1.1007412672042847,26.602932052154884,0.8184685111045837,0.2048281580209732
Set12,8,0.5,0.1,1.21448814868927,25.342782790593397,0.8021952509880066,0.29136139154434204
Set12,9,0.5,0.1,1.1880340576171875,24.72170904820414,0.6545775532722473,0.5474883317947388
Set12,10,0.5,0.1,0.7370312809944153,25.892570412486137,0.7468838691711426,0.3159470558166504
Set12,11,0.5,0.1,0.4815627634525299,25.60443217393037,0.7096746563911438,0.4098024070262909
Set12,0,1.0,0.01,1.403176188468933,24.567818967159724,0.7725889682769775,0.2322985827922821
Set12,1,1.0,0.01,1.1736265420913696,27.35569882497099,0.8478052616119385,0.19857318699359894
Set12,2,1.0,0.01,1.4806326627731323,23.575776430004982,0.775221586227417,0.2910853624343872
Set12,3,1.0,0.01,1.2517151832580566,22.389120168221375,0.6461846232414246,0.5190554261207581
Set12,4,1.0,0.01,1.52692711353302,22.39955037294127,0.7625419497489929,0.2980709373950958
Set12,5,1.0,0.01,1.4206751585006714,23.32787183367509,0.7307870984077454,0.39900344610214233
Set12,6,1.0,0.01,1.3982970714569092,23.031499739436462,0.7691664695739746,0.31668269634246826
Set12,7,1.0,0.01,1.4008324146270752,25.45391136592848,0.7790260314941406,0.2851625382900238
Set12,8,1.0,0.01,1.4613749980926514,24.114365026938692,0.7485838532447815,0.370510458946228
Set12,9,1.0,0.01,1.4617938995361328,23.56807918361428,0.6048402786254883,0.5514062643051147
Set12,10,1.0,0.01,1.1734687089920044,24.31103283435688,0.6705484390258789,0.421040415763855
Set12,11,1.0,0.01,1.0282331705093384,24.081683706250907,0.6178812384605408,0.5227845907211304
Set12,0,1.0,0.05,1.3821909427642822,24.6091220697635,0.7740681171417236,0.23075835406780243
Set12,1,1.0,0.05,1.1150574684143066,27.426427334167734,0.8502364158630371,0.19569721817970276
Set12,2,1.0,0.05,1.4546188116073608,23.608818956270937,0.7768004536628723,0.288821280002594
Set12,3,1.0,0.05,1.2176166772842407,22.433218754879533,0.6484079360961914,0.517049252986908
Set12,4,1.0,0.05,1.5213443040847778,22.40390401800748,0.7632138133049011,0.2978616952896118
Set12,5,1.0,0.05,1.395413875579834,23.372326186113796,0.7318456768989563,0.39986640214920044
Set12,6,1.0,0.05,1.3981876373291016,23.022559381295057,0.7690306305885315,0.3179907500743866
Set12,7,1.0,0.05,1.3692562580108643,25.520336558665445,0.7813112735748291,0.28090906143188477
Set12,8,1.0,0.05,1.4420136213302612,24.133183932774543,0.7495255470275879,0.37016308307647705
Set12,9,1.0,0.05,1.4311167001724243,23.697006444518927,0.6083223223686218,0.55381178855896
Set12,10,1.0,0.05,1.1058398485183716,24.34169537793007,0.6732029914855957,0.419381320476532
Set12,11,1.0,0.05,0.9183896780014038,24.16029692721829,0.6239686608314514,0.5129508972167969
Set12,0,1.0,0.1,1.2842562198638916,24.737348548034866,0.7775564193725586,0.22371461987495422
Set12,1,1.0,0.1,0.86210697889328,27.631535218017113,0.8569443821907043,0.19106146693229675
Set12,2,1.0,0.1,1.382362723350525,23.689941853041145,0.7802431583404541,0.2844168543815613
Set12,3,1.0,0.1,1.0739514827728271,22.61291498605942,0.6586694121360779,0.5042754411697388
Set12,4,1.0,0.1,1.5048373937606812,22.42145843851043,0.7647390365600586,0.29684558510780334
Set12,5,1.0,0.1,1.317805290222168,23.47846074038941,0.7353165745735168,0.39856258034706116
Set12,6,1.0,0.1,1.345191478729248,23.092813097170243,0.7703604698181152,0.31505629420280457
Set12,7,1.0,0.1,1.2743821144104004,25.673498253831745,0.786627471446991,0.27094951272010803
Set12,8,1.0,0.1,1.350899577140808,24.229285309648784,0.7541506886482239,0.36516234278678894
Set12,9,1.0,0.1,1.311167597770691,24.1053412662357,0.6189627051353455,0.5576561689376831
Set12,10,1.0,0.1,0.8687528967857361,24.44898413929308,0.6820788383483887,0.4107744097709656
Set12,11,1.0,0.1,0.473237007856369,24.30221501793364,0.637834370136261,0.48893290758132935
Set12,0,1.5,0.01,1.5914769172668457,23.748991314559543,0.7459352612495422,0.2789508104324341
Set12,1,1.5,0.01,1.3697103261947632,25.717423869824522,0.8034648895263672,0.2817991375923157
Set12,2,1.5,0.01,1.67305588722229,22.37395885836403,0.7144660949707031,0.3778454065322876
Set12,3,1.5,0.01,1.4410580396652222,21.2776010477536,0.5608693957328796,0.6110886931419373
Set12,4,1.5,0.01,1.6310425996780396,21.077694668061483,0.6742745041847229,0.380954384803772
Set12,5,1.5,0.01,1.5898617506027222,22.462037482260847,0.6873774528503418,0.4532078802585602
Set12,6,1.5,0.01,1.6105355024337769,21.29998368972753,0.7201700210571289,0.3940870761871338
Set12,7,1.5,0.01,1.6039091348648071,23.76849012367831,0.7124781012535095,0.37741726636886597
Set12,8,1.5,0.01,1.6503100395202637,22.952404606101027,0.6865250468254089,0.438580185174942
Set12,9,1.5,0.01,1.6165356636047363,23.538291821403227,0.57780522108078,0.6040698289871216
Set12,10,1.5,0.01,1.421526551246643,23.15393075003643,0.6010240912437439,0.5242920517921448
Set12,11,1.5,0.01,1.2781009674072266,22.96049175668371,0.5392993092536926,0.6495887637138367
Set12,0,1.5,0.05,1.5570909976959229,23.740272916490426,0.7455832362174988,0.28424301743507385
Set12,1,1.5,0.05,1.282034993171692,25.725763372244902,0.8046959042549133,0.28113457560539246
Set12,2,1.5,0.05,1.6424604654312134,22.388313947442903,0.7154741287231445,0.3759423792362213
Set12,3,1.5,0.05,1.3867342472076416,21.29204086522652,0.5620105266571045,0.6103023886680603
Set12,4,1.5,0.05,1.607102870941162,21.088807794500134,0.6755540370941162,0.37996211647987366
Set12,5,1.5,0.05,1.5333672761917114,22.488842119431315,0.6880083084106445,0.45322418212890625
Set12,6,1.5,0.05,1.5890954732894897,21.332831138611606,0.7207620739936829,0.39467889070510864
Set12,7,1.5,0.05,1.554738998413086,23.792263724464078,0.7142497897148132,0.3749296963214874
Set12,8,1.5,0.05,1.5949280261993408,22.965983250770346,0.6874380111694336,0.4401235282421112
Set12,9,1.5,0.05,1.5604361295700073,23.581584857247154,0.5795976519584656,0.6001181602478027
Set12,10,1.5,0.05,1.333376169204712,23.162601362378695,0.6028433442115784,0.5221556425094604
Set12,11,1.5,0.05,1.0803934335708618,23.007257900228634,0.5453736782073975,0.6431142687797546
Set12,0,1.5,0.1,1.4004650115966797,23.700190780897493,0.7437636852264404,0.30216702818870544
Set12,1,1.5,0.1,0.8921701908111572,25.6059443681106,0.8053175806999207,0.28880801796913147
Set12,2,1.5,0.1,1.5289452075958252,22.43683320595355,0.7186943888664246,0.3716796934604645
Set12,3,1.5,0.1,1.1539446115493774,21.339248745920145,0.567082405090332,0.6054543852806091
Set12,4,1.5,0.1,1.5482295751571655,21.106385778695383,0.6783342361450195,0.3769169747829437
Set12,5,1.5,0.1,1.357295036315918,22.543897303673557,0.6900621056556702,0.4519672989845276
Set12,6,1.5,0.1,1.4961085319519043,21.461929026695703,0.7227948307991028,0.39248037338256836
Set12,7,1.5,0.1,1.391290545463562,23.83617757823997,0.7181583046913147,0.370658814907074
Set12,8,1.5,0.1,1.441480040550232,22.992406081037128,0.689717710018158,0.44033724069595337
Set12,9,1.5,0.1,1.3490761518478394,23.665942267742608,0.584671139717102,0.5920846462249756
Set12,10,1.5,0.1,0.9590569138526917,23.16160741676399,0.6071366667747498,0.5161314010620117
Set12,11,1.5,0.1,0.3927105665206909,23.040543663882083,0.5554987788200378,0.6289699673652649
Set12,0,2.0,0.01,1.7693641185760498,22.70051330993105,0.7079834938049316,0.3519662320613861
Set12,1,2.0,0.01,1.6282755136489868,24.24695322302281,0.7564012408256531,0.369457483291626
Set12,2,2.0,0.01,1.8568761348724365,21.224728948918468,0.6464491486549377,0.4812699854373932
Set12,3,2.0,0.01,1.610914707183838,20.6504021499983,0.5017618536949158,0.6611683368682861
Set12,4,2.0,0.01,1.7064661979675293,19.286361074814454,0.5621042251586914,0.46730443835258484
Set12,5,2.0,0.01,1.7206435203552246,21.631959710101615,0.6452485918998718,0.5037018656730652
Set12,6,2.0,0.01,1.844599962234497,20.248102652178762,0.6695579886436462,0.45536917448043823
Set12,7,2.0,0.01,1.7994532585144043,22.725495184788997,0.6586937308311462,0.4466199278831482
Set12,8,2.0,0.01,1.7773947715759277,21.825023723776948,0.6127429604530334,0.5081128478050232
Set12,9,2.0,0.01,1.748940110206604,22.741218975686053,0.5326840281486511,0.6188746094703674
Set12,10,2.0,0.01,1.6766561269760132,22.240956732167497,0.5408015847206116,0.6033185124397278
Set12,11,2.0,0.01,1.5014142990112305,22.236888570792843,0.4856909215450287,0.7069588303565979
Set12,0,2.0,0.05,1.706196904182434,22.673196004736248,0.7067949771881104,0.35606199502944946
Set12,1,2.0,0.05,1.5159229040145874,24.25442362529723,0.7571079134941101,0.37144750356674194
Set12,2,2.0,0.05,1.8106553554534912,21.232602420455578,0.6474454998970032,0.48166191577911377
Set12,3,2.0,0.05,1.5246871709823608,20.646227523078664,0.5020728707313538,0.6603148579597473
Set12,4,2.0,0.05,1.6655917167663574,19.299157487649104,0.5637313723564148,0.46622025966644287
Set12,5,2.0,0.05,1.6332097053527832,21.635239058597225,0.645061731338501,0.5054071545600891
Set12,6,2.0,0.05,1.8010852336883545,20.24588232897223,0.668995201587677,0.456746906042099
Set12,7,2.0,0.05,1.7371692657470703,22.725063001471106,0.6596431136131287,0.4463924765586853
Set12,8,2.0,0.05,1.6965110301971436,21.813753044751756,0.6128144264221191,0.5096575021743774
Set12,9,2.0,0.05,1.658012866973877,22.738438551795582,0.533407986164093,0.6181401610374451
Set12,10,2.0,0.05,1.5472666025161743,22.240830359651497,0.542260468006134,0.6027012467384338
Set12,11,2.0,0.05,1.2440333366394043,22.262931577550038,0.4903319180011749,0.7070294618606567
Set12,0,2.0,0.1,1.441223382949829,22.54275456807609,0.7013545632362366,0.3702434301376343
Set12,1,2.0,0.1,0.9050503373146057,24.02226646694455,0.7512249946594238,0.39612990617752075
Set12,2,2.0,0.1,1.6322993040084839,21.254077782163513,0.6503539085388184,0.4808604121208191
Set12,3,2.0,0.1,1.0789483785629272,20.611365211974984,0.5036320090293884,0.6565508842468262
Set12,4,2.0,0.1,1.5060099363327026,19.31224925078823,0.5682464241981506,0.4627043604850769
Set12,5,2.0,0.1,1.2347482442855835,21.59123289842163,0.6430808901786804,0.5146974921226501
Set12,6,2.0,0.1,1.6491122245788574,20.232396422238526,0.667722225189209,0.4600445032119751
Set12,7,2.0,0.1,1.4506855010986328,22.672818018034796,0.6603986620903015,0.45133107900619507
Set12,8,2.0,0.1,1.4439013004302979,21.781727281453662,0.613804042339325,0.5097176432609558
Set12,9,2.0,0.1,1.231992244720459,22.696496986672972,0.5362545847892761,0.6261453032493591
Set12,10,2.0,0.1,1.0197986364364624,22.1823851057933,0.5436882972717285,0.6055676937103271
Set12,11,2.0,0.1,0.3640487790107727,22.23680801139119,0.4960145056247711,0.709497332572937
Set12,0,3.0,0.01,2.1960036754608154,20.927848074724906,0.6258590221405029,0.466868132352829
Set12,1,3.0,0.01,2.1340510845184326,22.350226668127213,0.6808538436889648,0.46834149956703186
Set12,2,3.0,0.01,2.172088623046875,19.548486898350887,0.5313305258750916,0.6448017358779907
Set12,3,3.0,0.01,2.028486967086792,19.515457005254692,0.40535905957221985,0.7522071599960327
Set12,4,3.0,0.01,1.7110977172851562,17.21279793570793,0.38681089878082275,0.6503889560699463
Set12,5,3.0,0.01,1.9908496141433716,20.10376503016373,0.5537694096565247,0.6247268915176392
Set12,6,3.0,0.01,2.2986669540405273,19.028005101034612,0.5875760316848755,0.5471166372299194
Set12,7,3.0,0.01,2.0967016220092773,21.07185378674181,0.561002790927887,0.5301165580749512
Set12,8,3.0,0.01,1.9700943231582642,20.02485935141432,0.4851411283016205,0.6180262565612793
Set12,9,3.0,0.01,1.9816333055496216,21.146600681769314,0.4470464289188385,0.6504712104797363
Set12,10,3.0,0.01,2.0762996673583984,20.84226780062646,0.44467297196388245,0.7262380123138428
Set12,11,3.0,0.01,1.914064884185791,21.172851501278878,0.4121340811252594,0.7984234094619751
Set12,0,3.0,0.05,2.0511281490325928,20.891175101268225,0.6238846182823181,0.46926796436309814
Set12,1,3.0,0.05,1.9237548112869263,22.304521445977592,0.6786632537841797,0.48459622263908386
Set12,2,3.0,0.05,2.0525808334350586,19.541210055683113,0.5318743586540222,0.6509525775909424
Set12,3,3.0,0.05,1.8416706323623657,19.50269415209027,0.4054972231388092,0.7524740099906921
Set12,4,3.0,0.05,1.4429705142974854,17.205000656613663,0.3884616196155548,0.6539498567581177
Set12,5,3.0,0.05,1.7217400074005127,20.10150961858356,0.5540763139724731,0.6284475922584534
Set12,6,3.0,0.05,2.1923680305480957,19.00949640164637,0.5861485600471497,0.5505104660987854
Set12,7,3.0,0.05,1.9377655982971191,21.031628214920957,0.5603389143943787,0.5371146202087402
Set12,8,3.0,0.05,1.780076265335083,20.005446035138114,0.48500847816467285,0.6213915944099426
Set12,9,3.0,0.05,1.686630129814148,21.103553465775914,0.4468018114566803,0.6533898711204529
Set12,10,3.0,0.05,1.8709198236465454,20.83400861715196,0.4456070363521576,0.7289581298828125
Set12,11,3.0,0.05,1.4356739521026611,21.18300932806056,0.4156858026981354,0.8009909391403198
Set12,0,3.0,0.1,1.4298573732376099,20.69801365217117,0.6131400465965271,0.48601430654525757
Set12,1,3.0,0.1,1.066603660583496,21.955885999274997,0.6557289361953735,0.5580606460571289
Set12,2,3.0,0.1,1.5633875131607056,19.481296104424676,0.5317257046699524,0.6716137528419495
Set12,3,3.0,0.1,1.065108299255371,19.416651837508358,0.404236763715744,0.7540152072906494
Set12,4,3.0,0.1,0.44703617691993713,17.127721054682652,0.386748343706131,0.6645688414573669
Set12,5,3.0,0.1,0.7316271066665649,20.012645178433402,0.5498691201210022,0.6499132513999939
Set12,6,3.0,0.1,1.836045265197754,18.92088571301743,0.5805625319480896,0.5612441301345825
Set12,7,3.0,0.1,1.2404735088348389,20.798277210152357,0.5505558848381042,0.5748172402381897
Set12,8,3.0,0.1,0.9698079824447632,19.888191758602265,0.48215365409851074,0.636483907699585
Set12,9,3.0,0.1,0.6766988635063171,20.932506562749413,0.4442315399646759,0.6767313480377197
Set12,10,3.0,0.1,0.9838396906852722,20.744011361611605,0.44576242566108704,0.7394028902053833
Set12,11,3.0,0.1,0.2840052545070648,21.141364191955834,0.41770705580711365,0.8117430210113525
Set12,0,4.0,0.01,2.49666690826416,19.8650253286447,0.5695386528968811,0.5405747890472412
Set12,1,4.0,0.01,2.388423204421997,21.187653189851524,0.6167950630187988,0.5937891006469727
Set12,2,4.0,0.01,2.280982732772827,18.406067276029457,0.4526076316833496,0.7443392276763916
Set12,3,4.0,0.01,2.3796937465667725,18.832035160459725,0.3514114320278168,0.793250322341919
Set12,4,4.0,0.01,1.7111440896987915,16.320544158139914,0.3001439571380615,0.756206750869751
Set12,5,4.0,0.01,2.2017951011657715,19.273728861193273,0.5018333792686462,0.6973472833633423
Set12,6,4.0,0.01,2.5148098468780518,18.087639468414917,0.5196413993835449,0.6163644790649414
Set12,7,4.0,0.01,2.251324415206909,19.81312543792892,0.4814201295375824,0.6197144389152527
Set12,8,4.0,0.01,2.083322525024414,18.88447986276723,0.39878103137016296,0.7303685545921326
Set12,9,4.0,0.01,2.1615781784057617,20.091407781832263,0.38983216881752014,0.7040877938270569
Set12,10,4.0,0.01,2.284919261932373,19.863033570611492,0.3803565502166748,0.8022324442863464
Set12,11,4.0,0.01,2.2184231281280518,20.47783219384652,0.3699990510940552,0.8536434769630432
Set12,0,4.0,0.05,2.227914571762085,19.787551633627537,0.5648078322410583,0.549746036529541
Set12,1,4.0,0.05,2.0027003288269043,21.053698605980912,0.6086773872375488,0.6221674084663391
Set12,2,4.0,0.05,2.032536029815674,18.37214002553637,0.4513305127620697,0.7567448616027832
Set12,3,4.0,0.05,2.0399320125579834,18.79160673999873,0.35025104880332947,0.7949469089508057
Set12,4,4.0,0.05,0.4628508388996124,16.303329400384317,0.30305901169776917,0.7645376920700073
Set12,5,4.0,0.05,1.6036845445632935,19.238824575540438,0.5006217360496521,0.710157573223114
Set12,6,4.0,0.05,2.3222544193267822,18.037172413846953,0.5161040425300598,0.6246583461761475
Set12,7,4.0,0.05,1.8886725902557373,19.72838669351209,0.4783612787723541,0.6343246698379517
Set12,8,4.0,0.05,1.591960072517395,18.839909926795233,0.39778709411621094,0.737612247467041
Set12,9,4.0,0.05,1.3975580930709839,20.048374347318536,0.39168453216552734,0.7074733376502991
Set12,10,4.0,0.05,1.8702754974365234,19.83206373103475,0.380598783493042,0.8050540685653687
Set12,11,4.0,0.05,1.3767634630203247,20.455229360779544,0.3720492124557495,0.8632122278213501
Set12,0,4.0,0.1,1.152987003326416,19.50894175021064,0.5469929575920105,0.5899994969367981
Set12,1,4.0,0.1,0.6529586315155029,20.602787865737145,0.5762899518013,0.7000749707221985
Set12,2,4.0,0.1,0.9704064726829529,18.249844843635636,0.4476361572742462,0.7845696806907654
Set12,3,4.0,0.1,0.8004536032676697,18.624882520158465,0.3442683517932892,0.8037190437316895
Set12,4,4.0,0.1,0.12079989910125732,16.299962255839127,0.30291399359703064,0.7629900574684143
Set12,5,4.0,0.1,0.28188592195510864,19.182467836563603,0.49813970923423767,0.7255371809005737
Set12,6,4.0,0.1,1.525025486946106,17.856286974868677,0.5040597319602966,0.6531434059143066
Set12,7,4.0,0.1,0.671226978302002,19.467756364021902,0.4654507637023926,0.6810334920883179
Set12,8,4.0,0.1,0.28416284918785095,18.729682668698878,0.3938008248806,0.7558141350746155
Set12,9,4.0,0.1,0.2818223834037781,19.971670309009433,0.391556978225708,0.717075526714325
Set12,10,4.0,0.1,0.5556145906448364,19.725437026404926,0.37895718216896057,0.8137938976287842
Set12,11,4.0,0.1,0.2705313563346863,20.425728364864597,0.37272119522094727,0.8700056076049805
